name,coordinates,source,number of possible geocodes,best-candidate,google_maps_url
"עין גב","32.78440, 35.64200","PhD",2,true,"https://www.google.com/maps?q=32.78440,35.64200&ll=32.78440,35.64200&z=17"
"עין גב","32.78277, 35.63910","https://he.wikipedia.org/wiki/%D7%A2%D7%99%D7%9F_%D7%92%D7%91",2,false,"https://www.google.com/maps?q=32.78277,35.63910&ll=32.78277,35.63910&z=17"
"אבן אל-גאזי","31.98800, 35.97600","https://en.wikipedia.org/wiki/Ayn_Ghazal_(archaeological_site)",1,true,"https://www.google.com/maps?q=31.98800,35.97600&ll=31.98800,35.97600&z=17"
"אבן חוף","31.39985, 34.85371","PhD",2,true,"https://www.google.com/maps?q=31.39985,34.85371&ll=31.39985,34.85371&z=17"
"אבן חוף","50.31667, 11.91667","https://en.wikipedia.org/wiki/Hof,_Bavaria",2,false,"https://www.google.com/maps?q=50.31667,11.91667&ll=50.31667,11.91667&z=17"
"ביידא","30.40000, 35.46700","PhD",3,true,"https://www.google.com/maps?q=30.40000,35.46700&ll=30.40000,35.46700&z=17"
"ביידא","30.37889, 35.44750","https://en.wikipedia.org/wiki/Beidha_(Jordan)",3,false,"https://www.google.com/maps?q=30.37889,35.44750&ll=30.37889,35.44750&z=17"
"ביידא","32.76639, 21.74167","https://he.wikipedia.org/wiki/%D7%90%D7%9C-%D7%91%D7%99%D7%99%D7%93%D7%90_(%D7%9C%D7%95%D7%91)",3,false,"https://www.google.com/maps?q=32.76639,21.74167&ll=32.76639,21.74167&z=17"
"גלגל I","32.03300, 35.47570","https://en.wikipedia.org/wiki/Gilgal",1,true,"https://www.google.com/maps?q=32.03300,35.47570&ll=32.03300,35.47570&z=17"
"הצ'ילר","37.60000, 30.15000","PhD",3,true,"https://www.google.com/maps?q=37.60000,30.15000&ll=37.60000,30.15000&z=17"
"הצ'ילר","37.59972, 30.08139","https://en.wikipedia.org/wiki/Hacilar",3,false,"https://www.google.com/maps?q=37.59972,30.08139&ll=37.59972,30.08139&z=17"
"הצ'ילר","37.66667, 32.82806","https://en.wikipedia.org/wiki/%C3%87atalh%C3%B6y%C3%BCk",3,false,"https://www.google.com/maps?q=37.66667,32.82806&ll=37.66667,32.82806&z=17"
"ח'רבת ג'אראסור","36.25000, 38.95000","PhD",2,true,"https://www.google.com/maps?q=36.25000,38.95000&ll=36.25000,38.95000&z=17"
"ח'רבת ג'אראסור","36.85000, 42.90000","https://en.wikipedia.org/wiki/Halaf_culture",2,false,"https://www.google.com/maps?q=36.85000,42.90000&ll=36.85000,42.90000&z=17"
"חורבת בתר","31.23844, 34.77868","PhD",3,true,"https://www.google.com/maps?q=31.23844,34.77868&ll=31.23844,34.77868&z=17"
"חורבת בתר","31.23127, 34.78355","IAA",3,false,"https://www.google.com/maps?q=31.23127,34.78355&ll=31.23127,34.78355&z=17"
"חורבת בתר","32.90481, 35.67543","https://he.wikipedia.org/wiki/%D7%97%D7%95%D7%A8%D7%91%D7%AA_%D7%91%D7%AA%D7%A8%D7%94",3,false,"https://www.google.com/maps?q=32.90481,35.67543&ll=32.90481,35.67543&z=17"
"טפה גאורה","36.55670, 43.20830","PhD",3,true,"https://www.google.com/maps?q=36.55670,43.20830&ll=36.55670,43.20830&z=17"
"טפה גאורה","36.50000, 43.25000","https://en.wikipedia.org/wiki/Tepe_Gawra",3,false,"https://www.google.com/maps?q=36.50000,43.25000&ll=36.50000,43.25000&z=17"
"טפה גאורה","36.48300, 43.25000","https://he.wikipedia.org/wiki/%D7%AA%D7%91%D7%94_%D7%A2%27%D7%90%D7%95%D7%A8%D7%90",3,false,"https://www.google.com/maps?q=36.48300,43.25000&ll=36.48300,43.25000&z=17"
"כפר גלים צפון","32.77500, 34.95300","PhD",3,true,"https://www.google.com/maps?q=32.77500,34.95300&ll=32.77500,34.95300&z=17"
"כפר גלים צפון","32.76955, 34.95513","PhD",3,false,"https://www.google.com/maps?q=32.76955,34.95513&ll=32.76955,34.95513&z=17"
"כפר גלים צפון","32.76597, 34.95898","https://he.wikipedia.org/wiki/%D7%9B%D7%A4%D7%A8_%D7%92%D7%9C%D7%99%D7%9D",3,false,"https://www.google.com/maps?q=32.76597,34.95898&ll=32.76597,34.95898&z=17"
"כפר סמיר","32.79361, 34.95750","PhD",3,true,"https://www.google.com/maps?q=32.79361,34.95750&ll=32.79361,34.95750&z=17"
"כפר סמיר","32.79210, 34.95720","PhD",3,false,"https://www.google.com/maps?q=32.79210,34.95720&ll=32.79210,34.95720&z=17"
"כפר סמיר","32.79971, 34.95956","https://he.wikipedia.org/wiki/%D7%9B%D7%A4%D7%A8_%D7%A1%D7%9E%D7%99%D7%A8",3,false,"https://www.google.com/maps?q=32.79971,34.95956&ll=32.79971,34.95956&z=17"
"מגדים","32.72627, 34.95150","PhD",3,true,"https://www.google.com/maps?q=32.72627,34.95150&ll=32.72627,34.95150&z=17"
"מגדים","32.72981, 34.95876","https://he.wikipedia.org/wiki/%D7%9E%D7%92%D7%93%D7%99%D7%9D",3,false,"https://www.google.com/maps?q=32.72981,34.95876&ll=32.72981,34.95876&z=17"
"מגדים","32.71578, 34.94835","IAA",3,false,"https://www.google.com/maps?q=32.71578,34.94835&ll=32.71578,34.94835&z=17"
"נתיב הגדוד","31.96793, 35.44661","PhD",2,true,"https://www.google.com/maps?q=31.96793,35.44661&ll=31.96793,35.44661&z=17"
"נתיב הגדוד","31.98885, 35.44453","https://he.wikipedia.org/wiki/%D7%A0%D7%AA%D7%99%D7%91_%D7%94%D7%92%D7%93%D7%95%D7%93",2,false,"https://www.google.com/maps?q=31.98885,35.44453&ll=31.98885,35.44453&z=17"
"עתלית ים","32.71089, 34.93150","PhD",2,true,"https://www.google.com/maps?q=32.71089,34.93150&ll=32.71089,34.93150&z=17"
"עתלית ים","32.71083, 34.93515","https://he.wikipedia.org/wiki/%D7%94%D7%9B%D7%A4%D7%A8_%D7%94%D7%A0%D7%90%D7%95%D7%9C%D7%99%D7%AA%D7%99_%D7%91%D7%A2%D7%AA%D7%9C%D7%99%D7%AA-%D7%99%D7%9D",2,false,"https://www.google.com/maps?q=32.71083,34.93515&ll=32.71083,34.93515&z=17"
"ראג'אג'יל","29.80900, 39.90400","PhD",3,true,"https://www.google.com/maps?q=29.80900,39.90400&ll=29.80900,39.90400&z=17"
"ראג'אג'יל","29.80583, 40.21056","https://en.wikipedia.org/wiki/Rajajil",3,false,"https://www.google.com/maps?q=29.80583,40.21056&ll=29.80583,40.21056&z=17"
"ראג'אג'יל","29.81250, 40.22000","https://en.wikipedia.org/wiki/Columns_of_Rajajil",3,false,"https://www.google.com/maps?q=29.81250,40.22000&ll=29.81250,40.22000&z=17"
"ג'ווה","32.33640, 37.00680","PhD",3,true,"https://www.google.com/maps?q=32.33640,37.00680&ll=32.33640,37.00680&z=17"
"ג'ווה","32.33500, 37.00333","https://en.wikipedia.org/wiki/Jawa,_Jordan",3,false,"https://www.google.com/maps?q=32.33500,37.00333&ll=32.33500,37.00333&z=17"
"ג'ווה","42.39040, 43.92230","https://he.wikipedia.org/wiki/%D7%A0%D7%A4%D7%AA_%D7%92%27%D7%95%D7%95%D7%94",3,false,"https://www.google.com/maps?q=42.39040,43.92230&ll=42.39040,43.92230&z=17"
"הער","31.46800, 35.81700","https://en.wikipedia.org/wiki/Aroer",2,true,"https://www.google.com/maps?q=31.46800,35.81700&ll=31.46800,35.81700&z=17"
"הער","31.77667, 35.23417","https://he.wikipedia.org/wiki/%D7%94%D7%A2%D7%99%D7%A8_%D7%94%D7%A2%D7%AA%D7%99%D7%A7%D7%94",2,false,"https://www.google.com/maps?q=31.77667,35.23417&ll=31.77667,35.23417&z=17"
"ירושלים","31.77406, 35.23584","PhD",2,true,"https://www.google.com/maps?q=31.77406,35.23584&ll=31.77406,35.23584&z=17"
"ירושלים","31.78265, 35.21933","https://he.wikipedia.org/wiki/%D7%99%D7%A8%D7%95%D7%A9%D7%9C%D7%99%D7%9D",2,false,"https://www.google.com/maps?q=31.78265,35.21933&ll=31.78265,35.21933&z=17"
"מצר","32.47469, 35.03584","PhD",7,true,"https://www.google.com/maps?q=32.47469,35.03584&ll=32.47469,35.03584&z=17"
"מצר","32.43894, 35.04848","IAA",7,false,"https://www.google.com/maps?q=32.43894,35.04848&ll=32.43894,35.04848&z=17"
"מצר","32.44075, 35.05485","IAA",7,false,"https://www.google.com/maps?q=32.44075,35.05485&ll=32.44075,35.05485&z=17"
"מצר","32.43623, 35.04529","IAA",7,false,"https://www.google.com/maps?q=32.43623,35.04529&ll=32.43623,35.04529&z=17"
"מצר","32.43353, 35.05061","IAA",7,false,"https://www.google.com/maps?q=32.43353,35.05061&ll=32.43353,35.05061&z=17"
"מצר","32.43262, 35.04530","IAA",7,false,"https://www.google.com/maps?q=32.43262,35.04530&ll=32.43262,35.04530&z=17"
"מצר","-62.53330, -59.91670","https://he.wikipedia.org/wiki/%D7%9E%D7%A6%D7%A8_%D7%9E%D7%A7%D7%A4%D7%A8%D7%9C%D7%9F",7,false,"https://www.google.com/maps?q=-62.53330,-59.91670&ll=-62.53330,-59.91670&z=17"
"קטנה","34.89670, 36.86560","PhD",2,true,"https://www.google.com/maps?q=34.89670,36.86560&ll=34.89670,36.86560&z=17"
"קטנה","34.83500, 36.86583","https://en.wikipedia.org/wiki/Qatna",2,false,"https://www.google.com/maps?q=34.83500,36.86583&ll=34.83500,36.86583&z=17"
"תל בית ירח","32.71635, 35.56921","PhD",2,true,"https://www.google.com/maps?q=32.71635,35.56921&ll=32.71635,35.56921&z=17"
"תל בית ירח","32.71796, 35.57186","https://he.wikipedia.org/wiki/%D7%AA%D7%9C_%D7%91%D7%99%D7%AA_%D7%99%D7%A8%D7%97",2,false,"https://www.google.com/maps?q=32.71796,35.57186&ll=32.71796,35.57186&z=17"
"תל דלית","31.98326, 34.96053","PhD",5,true,"https://www.google.com/maps?q=31.98326,34.96053&ll=31.98326,34.96053&z=17"
"תל דלית","31.97709, 34.96889","IAA",5,false,"https://www.google.com/maps?q=31.97709,34.96889&ll=31.97709,34.96889&z=17"
"תל דלית","31.97349, 34.97207","IAA",5,false,"https://www.google.com/maps?q=31.97349,34.97207&ll=31.97349,34.97207&z=17"
"תל דלית","31.97639, 34.96944","https://he.wikipedia.org/wiki/%D7%AA%D7%9C_%D7%93%D7%9C%D7%99%D7%AA",5,false,"https://www.google.com/maps?q=31.97639,34.96944&ll=31.97639,34.96944&z=17"
"תל דלית","31.97440, 34.97207","IAA",5,false,"https://www.google.com/maps?q=31.97440,34.97207&ll=31.97440,34.97207&z=17"
"תל דן","33.24836, 35.65193","PhD",4,true,"https://www.google.com/maps?q=33.24836,35.65193&ll=33.24836,35.65193&z=17"
"תל דן","33.25160, 35.64924","IAA",4,false,"https://www.google.com/maps?q=33.25160,35.64924&ll=33.25160,35.64924&z=17"
"תל דן","33.24824, 35.64300","IAA",4,false,"https://www.google.com/maps?q=33.24824,35.64300&ll=33.24824,35.64300&z=17"
"תל דן","33.24900, 35.65200","https://he.wikipedia.org/wiki/%D7%AA%D7%9C_%D7%93%D7%9F",4,false,"https://www.google.com/maps?q=33.24900,35.65200&ll=33.24900,35.65200&z=17"
"תל זירקון","32.59750, 35.98640","PhD",2,true,"https://www.google.com/maps?q=32.59750,35.98640&ll=32.59750,35.98640&z=17"
"תל זירקון","32.53333, 35.91667","https://en.wikipedia.org/wiki/Irbid_Governorate",2,false,"https://www.google.com/maps?q=32.53333,35.91667&ll=32.53333,35.91667&z=17"
"תל יריחו","31.87060, 35.44420","PhD",2,true,"https://www.google.com/maps?q=31.87060,35.44420&ll=31.87060,35.44420&z=17"
"תל יריחו","31.87172, 35.44456","https://he.wikipedia.org/wiki/%D7%AA%D7%9C_%D7%99%D7%A8%D7%99%D7%97%D7%95",2,false,"https://www.google.com/maps?q=31.87172,35.44456&ll=31.87172,35.44456&z=17"
"תל כברי","33.00851, 35.13976","PhD",3,true,"https://www.google.com/maps?q=33.00851,35.13976&ll=33.00851,35.13976&z=17"
"תל כברי","33.00981, 35.14053","IAA",3,false,"https://www.google.com/maps?q=33.00981,35.14053&ll=33.00981,35.14053&z=17"
"תל כברי","33.00840, 35.13910","https://he.wikipedia.org/wiki/%D7%AA%D7%9C_%D7%9B%D7%91%D7%A8%D7%99",3,false,"https://www.google.com/maps?q=33.00840,35.13910&ll=33.00840,35.13910&z=17"
"תל ערד","31.28173, 35.12535","PhD",2,true,"https://www.google.com/maps?q=31.28173,35.12535&ll=31.28173,35.12535&z=17"
"תל ערד","31.28083, 35.12500","https://he.wikipedia.org/wiki/%D7%AA%D7%9C_%D7%A2%D7%A8%D7%93",2,false,"https://www.google.com/maps?q=31.28083,35.12500&ll=31.28083,35.12500&z=17"
"אבלה","35.79300, 36.80900","PhD",2,true,"https://www.google.com/maps?q=35.79300,36.80900&ll=35.79300,36.80900&z=17"
"אבלה","35.79806, 36.79861","https://he.wikipedia.org/wiki/%D7%90%D7%91%D7%9C%D7%94",2,false,"https://www.google.com/maps?q=35.79806,36.79861&ll=35.79806,36.79861&z=17"
"אתונה","37.97150, 23.72570","PhD",2,true,"https://www.google.com/maps?q=37.97150,23.72570&ll=37.97150,23.72570&z=17"
"אתונה","38.00000, 23.71667","https://he.wikipedia.org/wiki/%D7%90%D7%AA%D7%95%D7%A0%D7%94",2,false,"https://www.google.com/maps?q=38.00000,23.71667&ll=38.00000,23.71667&z=17"
"בוצרה","32.51600, 36.47500","PhD",2,true,"https://www.google.com/maps?q=32.51600,36.47500&ll=32.51600,36.47500&z=17"
"בוצרה","32.21329, 34.87816","https://he.wikipedia.org/wiki/%D7%91%D7%A6%D7%A8%D7%94_(%D7%99%D7%A9%D7%A8%D7%90%D7%9C)",2,false,"https://www.google.com/maps?q=32.21329,34.87816&ll=32.21329,34.87816&z=17"
"טירינס","37.60560, 22.79970","PhD",2,true,"https://www.google.com/maps?q=37.60560,22.79970&ll=37.60560,22.79970&z=17"
"טירינס","37.59944, 22.79972","https://he.wikipedia.org/wiki/%D7%98%D7%99%D7%A8%D7%99%D7%A0%D7%A1",2,false,"https://www.google.com/maps?q=37.59944,22.79972&ll=37.59944,22.79972&z=17"
"מארי","34.54970, 40.88970","PhD",2,true,"https://www.google.com/maps?q=34.54970,40.88970&ll=34.54970,40.88970&z=17"
"מארי","34.54944, 40.89000","https://he.wikipedia.org/wiki/%D7%9E%D7%90%D7%A8%D7%99",2,false,"https://www.google.com/maps?q=34.54944,40.89000&ll=34.54944,40.89000&z=17"
"מיקנה","37.73070, 22.75670","PhD",2,true,"https://www.google.com/maps?q=37.73070,22.75670&ll=37.73070,22.75670&z=17"
"מיקנה","37.73083, 22.75611","https://he.wikipedia.org/wiki/%D7%9E%D7%99%D7%A7%D7%A0%D7%94",2,false,"https://www.google.com/maps?q=37.73083,22.75611&ll=37.73083,22.75611&z=17"
"שעלבים","31.86333, 34.98519","PhD",31,true,"https://www.google.com/maps?q=31.86333,34.98519&ll=31.86333,34.98519&z=17"
"שעלבים","31.87057, 34.98379","https://he.wikipedia.org/wiki/%D7%A9%D7%A2%D7%9C%D7%91%D7%99%D7%9D",31,false,"https://www.google.com/maps?q=31.87057,34.98379&ll=31.87057,34.98379&z=17"
"שעלבים","31.87097, 34.97678","IAA",31,false,"https://www.google.com/maps?q=31.87097,34.97678&ll=31.87097,34.97678&z=17"
"שעלבים","31.87177, 34.97498","IAA",31,false,"https://www.google.com/maps?q=31.87177,34.97498&ll=31.87177,34.97498&z=17"
"שעלבים","31.87240, 34.97424","IAA",31,false,"https://www.google.com/maps?q=31.87240,34.97424&ll=31.87240,34.97424&z=17"
"שעלבים","31.87323, 34.98322","IAA",31,false,"https://www.google.com/maps?q=31.87323,34.98322&ll=31.87323,34.98322&z=17"
"שעלבים","31.87115, 34.97773","IAA",31,false,"https://www.google.com/maps?q=31.87115,34.97773&ll=31.87115,34.97773&z=17"
"שעלבים","31.86981, 34.98714","IAA",31,false,"https://www.google.com/maps?q=31.86981,34.98714&ll=31.86981,34.98714&z=17"
"שעלבים","31.86719, 34.98651","IAA",31,false,"https://www.google.com/maps?q=31.86719,34.98651&ll=31.86719,34.98651&z=17"
"שעלבים","31.86853, 34.97837","IAA",31,false,"https://www.google.com/maps?q=31.86853,34.97837&ll=31.86853,34.97837&z=17"
"שעלבים","31.86754, 34.97901","IAA",31,false,"https://www.google.com/maps?q=31.86754,34.97901&ll=31.86754,34.97901&z=17"
"שעלבים","31.86774, 34.98778","IAA",31,false,"https://www.google.com/maps?q=31.86774,34.98778&ll=31.86774,34.98778&z=17"
"שעלבים","31.87045, 34.99189","IAA",31,false,"https://www.google.com/maps?q=31.87045,34.99189&ll=31.87045,34.99189&z=17"
"שעלבים","31.86729, 34.98831","IAA",31,false,"https://www.google.com/maps?q=31.86729,34.98831&ll=31.86729,34.98831&z=17"
"שעלבים","31.86323, 34.98980","IAA",31,false,"https://www.google.com/maps?q=31.86323,34.98980&ll=31.86323,34.98980&z=17"
"שעלבים","31.87439, 34.97497","IAA",31,false,"https://www.google.com/maps?q=31.87439,34.97497&ll=31.87439,34.97497&z=17"
"שעלבים","31.87394, 34.97635","IAA",31,false,"https://www.google.com/maps?q=31.87394,34.97635&ll=31.87394,34.97635&z=17"
"שעלבים","31.87196, 34.97646","IAA",31,false,"https://www.google.com/maps?q=31.87196,34.97646&ll=31.87196,34.97646&z=17"
"שעלבים","31.87449, 34.98036","IAA",31,false,"https://www.google.com/maps?q=31.87449,34.98036&ll=31.87449,34.98036&z=17"
"שעלבים","31.87476, 34.97899","IAA",31,false,"https://www.google.com/maps?q=31.87476,34.97899&ll=31.87476,34.97899&z=17"
"שעלבים","31.87223, 34.97773","IAA",31,false,"https://www.google.com/maps?q=31.87223,34.97773&ll=31.87223,34.97773&z=17"
"שעלבים","31.86916, 34.97890","IAA",31,false,"https://www.google.com/maps?q=31.86916,34.97890&ll=31.86916,34.97890&z=17"
"שעלבים","31.93322, 34.90376","IAA",31,false,"https://www.google.com/maps?q=31.93322,34.90376&ll=31.93322,34.90376&z=17"
"שעלבים","31.87034, 34.97889","IAA",31,false,"https://www.google.com/maps?q=31.87034,34.97889&ll=31.87034,34.97889&z=17"
"שעלבים","31.86637, 34.97816","IAA",31,false,"https://www.google.com/maps?q=31.86637,34.97816&ll=31.86637,34.97816&z=17"
"שעלבים","31.86601, 34.98112","IAA",31,false,"https://www.google.com/maps?q=31.86601,34.98112&ll=31.86601,34.98112&z=17"
"שעלבים","31.86611, 34.98620","IAA",31,false,"https://www.google.com/maps?q=31.86611,34.98620&ll=31.86611,34.98620&z=17"
"שעלבים","31.86486, 34.99032","IAA",31,false,"https://www.google.com/maps?q=31.86486,34.99032&ll=31.86486,34.99032&z=17"
"שעלבים","31.86476, 34.98874","IAA",31,false,"https://www.google.com/maps?q=31.86476,34.98874&ll=31.86476,34.98874&z=17"
"שעלבים","31.86414, 34.99064","IAA",31,false,"https://www.google.com/maps?q=31.86414,34.99064&ll=31.86414,34.99064&z=17"
"שעלבים","31.86631, 34.99518","IAA",31,false,"https://www.google.com/maps?q=31.86631,34.99518&ll=31.86631,34.99518&z=17"
"תל בית שאן","32.50535, 35.50446","PhD",2,true,"https://www.google.com/maps?q=32.50535,35.50446&ll=32.50535,35.50446&z=17"
"תל בית שאן","32.50184, 35.50156","https://he.wikipedia.org/wiki/%D7%94%D7%A2%D7%99%D7%A8_%D7%94%D7%A2%D7%AA%D7%99%D7%A7%D7%94_%D7%A9%D7%9C_%D7%91%D7%99%D7%AA_%D7%A9%D7%90%D7%9F",2,false,"https://www.google.com/maps?q=32.50184,35.50156&ll=32.50184,35.50156&z=17"
"תל גזר","31.85882, 34.91857","PhD",28,true,"https://www.google.com/maps?q=31.85882,34.91857&ll=31.85882,34.91857&z=17"
"תל גזר","31.85930, 34.91954","IAA",28,false,"https://www.google.com/maps?q=31.85930,34.91954&ll=31.85930,34.91954&z=17"
"תל גזר","31.86967, 34.91951","IAA",28,false,"https://www.google.com/maps?q=31.86967,34.91951&ll=31.86967,34.91951&z=17"
"תל גזר","31.86200, 34.91509","IAA",28,false,"https://www.google.com/maps?q=31.86200,34.91509&ll=31.86200,34.91509&z=17"
"תל גזר","31.86164, 34.91647","IAA",28,false,"https://www.google.com/maps?q=31.86164,34.91647&ll=31.86164,34.91647&z=17"
"תל גזר","31.86273, 34.91741","IAA",28,false,"https://www.google.com/maps?q=31.86273,34.91741&ll=31.86273,34.91741&z=17"
"תל גזר","31.86291, 34.91921","IAA",28,false,"https://www.google.com/maps?q=31.86291,34.91921&ll=31.86291,34.91921&z=17"
"תל גזר","31.86247, 34.92196","IAA",28,false,"https://www.google.com/maps?q=31.86247,34.92196&ll=31.86247,34.92196&z=17"
"תל גזר","31.86319, 34.92132","IAA",28,false,"https://www.google.com/maps?q=31.86319,34.92132&ll=31.86319,34.92132&z=17"
"תל גזר","31.86265, 34.92418","IAA",28,false,"https://www.google.com/maps?q=31.86265,34.92418&ll=31.86265,34.92418&z=17"
"תל גזר","31.86320, 34.92692","IAA",28,false,"https://www.google.com/maps?q=31.86320,34.92692&ll=31.86320,34.92692&z=17"
"תל גזר","31.86166, 34.92576","IAA",28,false,"https://www.google.com/maps?q=31.86166,34.92576&ll=31.86166,34.92576&z=17"
"תל גזר","31.86518, 34.92522","IAA",28,false,"https://www.google.com/maps?q=31.86518,34.92522&ll=31.86518,34.92522&z=17"
"תל גזר","31.86118, 34.91266","IAA",28,false,"https://www.google.com/maps?q=31.86118,34.91266&ll=31.86118,34.91266&z=17"
"תל גזר","31.86145, 34.91404","IAA",28,false,"https://www.google.com/maps?q=31.86145,34.91404&ll=31.86145,34.91404&z=17"
"תל גזר","31.85974, 34.91531","IAA",28,false,"https://www.google.com/maps?q=31.85974,34.91531&ll=31.85974,34.91531&z=17"
"תל גזר","31.86083, 34.91752","IAA",28,false,"https://www.google.com/maps?q=31.86083,34.91752&ll=31.86083,34.91752&z=17"
"תל גזר","31.85525, 34.92166","IAA",28,false,"https://www.google.com/maps?q=31.85525,34.92166&ll=31.85525,34.92166&z=17"
"תל גזר","31.85480, 34.92378","IAA",28,false,"https://www.google.com/maps?q=31.85480,34.92378&ll=31.85480,34.92378&z=17"
"תל גזר","31.85643, 34.92325","IAA",28,false,"https://www.google.com/maps?q=31.85643,34.92325&ll=31.85643,34.92325&z=17"
"תל גזר","31.86068, 34.92904","IAA",28,false,"https://www.google.com/maps?q=31.86068,34.92904&ll=31.86068,34.92904&z=17"
"תל גזר","31.85987, 34.91964","https://he.wikipedia.org/wiki/%D7%AA%D7%9C_%D7%92%D7%96%D7%A8",28,false,"https://www.google.com/maps?q=31.85987,34.91964&ll=31.85987,34.91964&z=17"
"תל גזר","31.86335, 34.91551","IAA",28,false,"https://www.google.com/maps?q=31.86335,34.91551&ll=31.86335,34.91551&z=17"
"תל גזר","31.86444, 34.91646","IAA",28,false,"https://www.google.com/maps?q=31.86444,34.91646&ll=31.86444,34.91646&z=17"
"תל גזר","31.86211, 34.92302","IAA",28,false,"https://www.google.com/maps?q=31.86211,34.92302&ll=31.86211,34.92302&z=17"
"תל גזר","31.86310, 34.92491","IAA",28,false,"https://www.google.com/maps?q=31.86310,34.92491&ll=31.86310,34.92491&z=17"
"תל גזר","31.85974, 34.91161","IAA",28,false,"https://www.google.com/maps?q=31.85974,34.91161&ll=31.85974,34.91161&z=17"
"תל גזר","31.85272, 34.92220","IAA",28,false,"https://www.google.com/maps?q=31.85272,34.92220&ll=31.85272,34.92220&z=17"
"תל גמה","31.38813, 34.44125","PhD",3,true,"https://www.google.com/maps?q=31.38813,34.44125&ll=31.38813,34.44125&z=17"
"תל גמה","31.38837, 34.44528","IAA",3,false,"https://www.google.com/maps?q=31.38837,34.44528&ll=31.38837,34.44528&z=17"
"תל גמה","31.38750, 34.44472","https://he.wikipedia.org/wiki/%D7%AA%D7%9C_%D7%92%D7%9E%D7%94",3,false,"https://www.google.com/maps?q=31.38750,34.44472&ll=31.38750,34.44472&z=17"
"תל גריסה","32.09327, 34.80648","PhD",2,true,"https://www.google.com/maps?q=32.09327,34.80648&ll=32.09327,34.80648&z=17"
"תל גריסה","32.09170, 34.80750","https://he.wikipedia.org/wiki/%D7%AA%D7%9C_%D7%A0%D7%A4%D7%95%D7%9C%D7%99%D7%90%D7%95%D7%9F",2,false,"https://www.google.com/maps?q=32.09170,34.80750&ll=32.09170,34.80750&z=17"
"תל הרור","31.38362, 34.60649","PhD",2,true,"https://www.google.com/maps?q=31.38362,34.60649&ll=31.38362,34.60649&z=17"
"תל הרור","31.38210, 34.60650","https://he.wikipedia.org/wiki/%D7%AA%D7%9C_%D7%94%D7%A8%D7%95%D7%A8",2,false,"https://www.google.com/maps?q=31.38210,34.60650&ll=31.38210,34.60650&z=17"
"תל חצור","33.01843, 35.56828","PhD",21,true,"https://www.google.com/maps?q=33.01843,35.56828&ll=33.01843,35.56828&z=17"
"תל חצור","33.02014, 35.56864","IAA",21,false,"https://www.google.com/maps?q=33.02014,35.56864&ll=33.02014,35.56864&z=17"
"תל חצור","33.01833, 35.56917","https://he.wikipedia.org/wiki/%D7%AA%D7%9C_%D7%97%D7%A6%D7%95%D7%A8",21,false,"https://www.google.com/maps?q=33.01833,35.56917&ll=33.01833,35.56917&z=17"
"תל חצור","33.01480, 35.54454","IAA",21,false,"https://www.google.com/maps?q=33.01480,35.54454&ll=33.01480,35.54454&z=17"
"תל חצור","33.01344, 35.54721","IAA",21,false,"https://www.google.com/maps?q=33.01344,35.54721&ll=33.01344,35.54721&z=17"
"תל חצור","33.00983, 35.54773","IAA",21,false,"https://www.google.com/maps?q=33.00983,35.54773&ll=33.00983,35.54773&z=17"
"תל חצור","33.00982, 35.55201","IAA",21,false,"https://www.google.com/maps?q=33.00982,35.55201&ll=33.00982,35.55201&z=17"
"תל חצור","33.01432, 35.55524","IAA",21,false,"https://www.google.com/maps?q=33.01432,35.55524&ll=33.01432,35.55524&z=17"
"תל חצור","33.00864, 35.55576","IAA",21,false,"https://www.google.com/maps?q=33.00864,35.55576&ll=33.00864,35.55576&z=17"
"תל חצור","33.01025, 35.56004","IAA",21,false,"https://www.google.com/maps?q=33.01025,35.56004&ll=33.01025,35.56004&z=17"
"תל חצור","33.01367, 35.56166","IAA",21,false,"https://www.google.com/maps?q=33.01367,35.56166&ll=33.01367,35.56166&z=17"
"תל חצור","33.01159, 35.56219","IAA",21,false,"https://www.google.com/maps?q=33.01159,35.56219&ll=33.01159,35.56219&z=17"
"תל חצור","33.01515, 35.57879","IAA",21,false,"https://www.google.com/maps?q=33.01515,35.57879&ll=33.01515,35.57879&z=17"
"תל חצור","33.02056, 35.57988","IAA",21,false,"https://www.google.com/maps?q=33.02056,35.57988&ll=33.02056,35.57988&z=17"
"תל חצור","33.01275, 35.53330","IAA",21,false,"https://www.google.com/maps?q=33.01275,35.53330&ll=33.01275,35.53330&z=17"
"תל חצור","33.01346, 35.53758","IAA",21,false,"https://www.google.com/maps?q=33.01346,35.53758&ll=33.01346,35.53758&z=17"
"תל חצור","33.01282, 35.54218","IAA",21,false,"https://www.google.com/maps?q=33.01282,35.54218&ll=33.01282,35.54218&z=17"
"תל חצור","33.01209, 35.54667","IAA",21,false,"https://www.google.com/maps?q=33.01209,35.54667&ll=33.01209,35.54667&z=17"
"תל חצור","33.01162, 35.55470","IAA",21,false,"https://www.google.com/maps?q=33.01162,35.55470&ll=33.01162,35.55470&z=17"
"תל חצור","33.01197, 35.55727","IAA",21,false,"https://www.google.com/maps?q=33.01197,35.55727&ll=33.01197,35.55727&z=17"
"תל חצור","33.02150, 35.53269","IAA",21,false,"https://www.google.com/maps?q=33.02150,35.53269&ll=33.02150,35.53269&z=17"
"תל לכיש","31.56667, 34.84780","PhD",108,true,"https://www.google.com/maps?q=31.56667,34.84780&ll=31.56667,34.84780&z=17"
"תל לכיש","31.56528, 34.84917","https://he.wikipedia.org/wiki/%D7%AA%D7%9C_%D7%9C%D7%9B%D7%99%D7%A9",108,false,"https://www.google.com/maps?q=31.56528,34.84917&ll=31.56528,34.84917&z=17"
"תל לכיש","31.56557, 34.84904","IAA",108,false,"https://www.google.com/maps?q=31.56557,34.84904&ll=31.56557,34.84904&z=17"
"תל לכיש","31.56221, 34.84326","IAA",108,false,"https://www.google.com/maps?q=31.56221,34.84326&ll=31.56221,34.84326&z=17"
"תל לכיש","31.79898, 34.67305","IAA",108,false,"https://www.google.com/maps?q=31.79898,34.67305&ll=31.79898,34.67305&z=17"
"תל לכיש","31.79716, 34.66947","IAA",108,false,"https://www.google.com/maps?q=31.79716,34.66947&ll=31.79716,34.66947&z=17"
"תל לכיש","31.78301, 34.67167","IAA",108,false,"https://www.google.com/maps?q=31.78301,34.67167&ll=31.78301,34.67167&z=17"
"תל לכיש","31.77650, 34.66791","IAA",108,false,"https://www.google.com/maps?q=31.77650,34.66791&ll=31.77650,34.66791&z=17"
"תל לכיש","31.76302, 34.65880","IAA",108,false,"https://www.google.com/maps?q=31.76302,34.65880&ll=31.76302,34.65880&z=17"
"תל לכיש","31.76316, 34.67073","IAA",108,false,"https://www.google.com/maps?q=31.76316,34.67073&ll=31.76316,34.67073&z=17"
"תל לכיש","31.57542, 34.82562","IAA",108,false,"https://www.google.com/maps?q=31.57542,34.82562&ll=31.57542,34.82562&z=17"
"תל לכיש","31.57325, 34.82278","IAA",108,false,"https://www.google.com/maps?q=31.57325,34.82278&ll=31.57325,34.82278&z=17"
"תל לכיש","31.57373, 34.83405","IAA",108,false,"https://www.google.com/maps?q=31.57373,34.83405&ll=31.57373,34.83405&z=17"
"תל לכיש","31.57645, 34.83952","IAA",108,false,"https://www.google.com/maps?q=31.57645,34.83952&ll=31.57645,34.83952&z=17"
"תל לכיש","31.57571, 34.83152","IAA",108,false,"https://www.google.com/maps?q=31.57571,34.83152&ll=31.57571,34.83152&z=17"
"תל לכיש","31.57454, 34.83257","IAA",108,false,"https://www.google.com/maps?q=31.57454,34.83257&ll=31.57454,34.83257&z=17"
"תל לכיש","31.57789, 34.83825","IAA",108,false,"https://www.google.com/maps?q=31.57789,34.83825&ll=31.57789,34.83825&z=17"
"תל לכיש","31.57368, 34.84775","IAA",108,false,"https://www.google.com/maps?q=31.57368,34.84775&ll=31.57368,34.84775&z=17"
"תל לכיש","31.56821, 34.82596","IAA",108,false,"https://www.google.com/maps?q=31.56821,34.82596&ll=31.56821,34.82596&z=17"
"תל לכיש","31.56646, 34.84662","IAA",108,false,"https://www.google.com/maps?q=31.56646,34.84662&ll=31.56646,34.84662&z=17"
"תל לכיש","31.57080, 34.85018","IAA",108,false,"https://www.google.com/maps?q=31.57080,34.85018&ll=31.57080,34.85018&z=17"
"תל לכיש","31.56828, 34.85008","IAA",108,false,"https://www.google.com/maps?q=31.56828,34.85008&ll=31.56828,34.85008&z=17"
"תל לכיש","31.56926, 34.84776","IAA",108,false,"https://www.google.com/maps?q=31.56926,34.84776&ll=31.56926,34.84776&z=17"
"תל לכיש","31.56889, 34.84250","IAA",108,false,"https://www.google.com/maps?q=31.56889,34.84250&ll=31.56889,34.84250&z=17"
"תל לכיש","31.56917, 34.84703","IAA",108,false,"https://www.google.com/maps?q=31.56917,34.84703&ll=31.56917,34.84703&z=17"
"תל לכיש","31.56782, 34.84882","IAA",108,false,"https://www.google.com/maps?q=31.56782,34.84882&ll=31.56782,34.84882&z=17"
"תל לכיש","31.56548, 34.85146","IAA",108,false,"https://www.google.com/maps?q=31.56548,34.85146&ll=31.56548,34.85146&z=17"
"תל לכיש","31.56470, 34.86126","IAA",108,false,"https://www.google.com/maps?q=31.56470,34.86126&ll=31.56470,34.86126&z=17"
"תל לכיש","31.56666, 34.85283","IAA",108,false,"https://www.google.com/maps?q=31.56666,34.85283&ll=31.56666,34.85283&z=17"
"תל לכיש","31.56691, 34.87727","IAA",108,false,"https://www.google.com/maps?q=31.56691,34.87727&ll=31.56691,34.87727&z=17"
"תל לכיש","31.56349, 34.84747","IAA",108,false,"https://www.google.com/maps?q=31.56349,34.84747&ll=31.56349,34.84747&z=17"
"תל לכיש","31.56331, 34.84937","IAA",108,false,"https://www.google.com/maps?q=31.56331,34.84937&ll=31.56331,34.84937&z=17"
"תל לכיש","31.56151, 34.84885","IAA",108,false,"https://www.google.com/maps?q=31.56151,34.84885&ll=31.56151,34.84885&z=17"
"תל לכיש","31.55883, 34.85792","IAA",108,false,"https://www.google.com/maps?q=31.55883,34.85792&ll=31.55883,34.85792&z=17"
"תל לכיש","31.56264, 34.86517","IAA",108,false,"https://www.google.com/maps?q=31.56264,34.86517&ll=31.56264,34.86517&z=17"
"תל לכיש","31.55750, 34.86877","IAA",108,false,"https://www.google.com/maps?q=31.55750,34.86877&ll=31.55750,34.86877&z=17"
"תל לכיש","31.56331, 34.88012","IAA",108,false,"https://www.google.com/maps?q=31.56331,34.88012&ll=31.56331,34.88012&z=17"
"תל לכיש","31.56279, 34.89076","IAA",108,false,"https://www.google.com/maps?q=31.56279,34.89076&ll=31.56279,34.89076&z=17"
"תל לכיש","31.55540, 34.89058","IAA",108,false,"https://www.google.com/maps?q=31.55540,34.89058&ll=31.55540,34.89058&z=17"
"תל לכיש","31.55648, 34.89184","IAA",108,false,"https://www.google.com/maps?q=31.55648,34.89184&ll=31.55648,34.89184&z=17"
"תל לכיש","31.55774, 34.89036","IAA",108,false,"https://www.google.com/maps?q=31.55774,34.89036&ll=31.55774,34.89036&z=17"
"תל לכיש","31.55738, 34.88857","IAA",108,false,"https://www.google.com/maps?q=31.55738,34.88857&ll=31.55738,34.88857&z=17"
"תל לכיש","31.55584, 34.88700","IAA",108,false,"https://www.google.com/maps?q=31.55584,34.88700&ll=31.55584,34.88700&z=17"
"תל לכיש","31.56197, 34.88697","IAA",108,false,"https://www.google.com/maps?q=31.56197,34.88697&ll=31.56197,34.88697&z=17"
"תל לכיש","31.56341, 34.88539","IAA",108,false,"https://www.google.com/maps?q=31.56341,34.88539&ll=31.56341,34.88539&z=17"
"תל לכיש","31.56279, 34.88802","IAA",108,false,"https://www.google.com/maps?q=31.56279,34.88802&ll=31.56279,34.88802&z=17"
"תל לכיש","31.55344, 34.86762","IAA",108,false,"https://www.google.com/maps?q=31.55344,34.86762&ll=31.55344,34.86762&z=17"
"תל לכיש","31.55049, 34.87585","IAA",108,false,"https://www.google.com/maps?q=31.55049,34.87585&ll=31.55049,34.87585&z=17"
"תל לכיש","31.54719, 34.89187","IAA",108,false,"https://www.google.com/maps?q=31.54719,34.89187&ll=31.54719,34.89187&z=17"
"תל לכיש","31.54100, 34.86946","IAA",108,false,"https://www.google.com/maps?q=31.54100,34.86946&ll=31.54100,34.86946&z=17"
"תל לכיש","31.81422, 34.65195","IAA",108,false,"https://www.google.com/maps?q=31.81422,34.65195&ll=31.81422,34.65195&z=17"
"תל לכיש","31.80481, 34.66521","IAA",108,false,"https://www.google.com/maps?q=31.80481,34.66521&ll=31.80481,34.66521&z=17"
"תל לכיש","31.80197, 34.67789","IAA",108,false,"https://www.google.com/maps?q=31.80197,34.67789&ll=31.80197,34.67789&z=17"
"תל לכיש","31.79047, 34.66550","IAA",108,false,"https://www.google.com/maps?q=31.79047,34.66550&ll=31.79047,34.66550&z=17"
"תל לכיש","31.78406, 34.66374","IAA",108,false,"https://www.google.com/maps?q=31.78406,34.66374&ll=31.78406,34.66374&z=17"
"תל לכיש","31.77776, 34.66748","IAA",108,false,"https://www.google.com/maps?q=31.77776,34.66748&ll=31.77776,34.66748&z=17"
"תל לכיש","31.76880, 34.68020","IAA",108,false,"https://www.google.com/maps?q=31.76880,34.68020&ll=31.76880,34.68020&z=17"
"תל לכיש","31.76290, 34.67358","IAA",108,false,"https://www.google.com/maps?q=31.76290,34.67358&ll=31.76290,34.67358&z=17"
"תל לכיש","31.57752, 34.83414","IAA",108,false,"https://www.google.com/maps?q=31.57752,34.83414&ll=31.57752,34.83414&z=17"
"תל לכיש","31.57483, 34.83805","IAA",108,false,"https://www.google.com/maps?q=31.57483,34.83805&ll=31.57483,34.83805&z=17"
"תל לכיש","31.57383, 34.83742","IAA",108,false,"https://www.google.com/maps?q=31.57383,34.83742&ll=31.57383,34.83742&z=17"
"תל לכיש","31.57689, 34.83372","IAA",108,false,"https://www.google.com/maps?q=31.57689,34.83372&ll=31.57689,34.83372&z=17"
"תל לכיש","31.57979, 34.84035","IAA",108,false,"https://www.google.com/maps?q=31.57979,34.84035&ll=31.57979,34.84035&z=17"
"תל לכיש","31.57925, 34.83930","IAA",108,false,"https://www.google.com/maps?q=31.57925,34.83930&ll=31.57925,34.83930&z=17"
"תל לכיש","31.57324, 34.85091","IAA",108,false,"https://www.google.com/maps?q=31.57324,34.85091&ll=31.57324,34.85091&z=17"
"תל לכיש","31.57511, 34.84321","IAA",108,false,"https://www.google.com/maps?q=31.57511,34.84321&ll=31.57511,34.84321&z=17"
"תל לכיש","31.57122, 34.83964","IAA",108,false,"https://www.google.com/maps?q=31.57122,34.83964&ll=31.57122,34.83964&z=17"
"תל לכיש","31.57035, 34.84829","IAA",108,false,"https://www.google.com/maps?q=31.57035,34.84829&ll=31.57035,34.84829&z=17"
"תל לכיש","31.56415, 34.85674","IAA",108,false,"https://www.google.com/maps?q=31.56415,34.85674&ll=31.56415,34.85674&z=17"
"תל לכיש","31.56432, 34.85484","IAA",108,false,"https://www.google.com/maps?q=31.56432,34.85484&ll=31.56432,34.85484&z=17"
"תל לכיש","31.56613, 34.85599","IAA",108,false,"https://www.google.com/maps?q=31.56613,34.85599&ll=31.56613,34.85599&z=17"
"תל לכיש","31.56550, 34.85726","IAA",108,false,"https://www.google.com/maps?q=31.56550,34.85726&ll=31.56550,34.85726&z=17"
"תל לכיש","31.56498, 34.86316","IAA",108,false,"https://www.google.com/maps?q=31.56498,34.86316&ll=31.56498,34.86316&z=17"
"תל לכיש","31.56617, 34.86948","IAA",108,false,"https://www.google.com/maps?q=31.56617,34.86948&ll=31.56617,34.86948&z=17"
"תל לכיש","31.56743, 34.86989","IAA",108,false,"https://www.google.com/maps?q=31.56743,34.86989&ll=31.56743,34.86989&z=17"
"תל לכיש","31.56412, 34.87980","IAA",108,false,"https://www.google.com/maps?q=31.56412,34.87980&ll=31.56412,34.87980&z=17"
"תל לכיש","31.56518, 34.87348","IAA",108,false,"https://www.google.com/maps?q=31.56518,34.87348&ll=31.56518,34.87348&z=17"
"תל לכיש","31.56160, 34.85043","IAA",108,false,"https://www.google.com/maps?q=31.56160,34.85043&ll=31.56160,34.85043&z=17"
"תל לכיש","31.56343, 34.86001","IAA",108,false,"https://www.google.com/maps?q=31.56343,34.86001&ll=31.56343,34.86001&z=17"
"תל לכיש","31.55568, 34.85940","IAA",108,false,"https://www.google.com/maps?q=31.55568,34.85940&ll=31.55568,34.85940&z=17"
"תל לכיש","31.55704, 34.86298","IAA",108,false,"https://www.google.com/maps?q=31.55704,34.86298&ll=31.55704,34.86298&z=17"
"תל לכיש","31.55939, 34.86623","IAA",108,false,"https://www.google.com/maps?q=31.55939,34.86623&ll=31.55939,34.86623&z=17"
"תל לכיש","31.56059, 34.87455","IAA",108,false,"https://www.google.com/maps?q=31.56059,34.87455&ll=31.56059,34.87455&z=17"
"תל לכיש","31.56276, 34.87897","IAA",108,false,"https://www.google.com/maps?q=31.56276,34.87897&ll=31.56276,34.87897&z=17"
"תל לכיש","31.55793, 34.89289","IAA",108,false,"https://www.google.com/maps?q=31.55793,34.89289&ll=31.55793,34.89289&z=17"
"תל לכיש","31.56251, 34.88571","IAA",108,false,"https://www.google.com/maps?q=31.56251,34.88571&ll=31.56251,34.88571&z=17"
"תל לכיש","31.56152, 34.88603","IAA",108,false,"https://www.google.com/maps?q=31.56152,34.88603&ll=31.56152,34.88603&z=17"
"תל לכיש","31.56279, 34.88855","IAA",108,false,"https://www.google.com/maps?q=31.56279,34.88855&ll=31.56279,34.88855&z=17"
"תל לכיש","31.55818, 34.88467","IAA",108,false,"https://www.google.com/maps?q=31.55818,34.88467&ll=31.55818,34.88467&z=17"
"תל לכיש","31.54938, 34.86553","IAA",108,false,"https://www.google.com/maps?q=31.54938,34.86553&ll=31.54938,34.86553&z=17"
"תל לכיש","31.54847, 34.86385","IAA",108,false,"https://www.google.com/maps?q=31.54847,34.86385&ll=31.54847,34.86385&z=17"
"תל לכיש","31.54976, 34.87143","IAA",108,false,"https://www.google.com/maps?q=31.54976,34.87143&ll=31.54976,34.87143&z=17"
"תל לכיש","31.55307, 34.86341","IAA",108,false,"https://www.google.com/maps?q=31.55307,34.86341&ll=31.55307,34.86341&z=17"
"תל לכיש","31.55434, 34.86415","IAA",108,false,"https://www.google.com/maps?q=31.55434,34.86415&ll=31.55434,34.86415&z=17"
"תל לכיש","31.55258, 34.88143","IAA",108,false,"https://www.google.com/maps?q=31.55258,34.88143&ll=31.55258,34.88143&z=17"
"תל לכיש","31.55357, 34.88153","IAA",108,false,"https://www.google.com/maps?q=31.55357,34.88153&ll=31.55357,34.88153&z=17"
"תל לכיש","31.55301, 34.87584","IAA",108,false,"https://www.google.com/maps?q=31.55301,34.87584&ll=31.55301,34.87584&z=17"
"תל לכיש","31.54896, 34.87575","IAA",108,false,"https://www.google.com/maps?q=31.54896,34.87575&ll=31.54896,34.87575&z=17"
"תל לכיש","31.54724, 34.87481","IAA",108,false,"https://www.google.com/maps?q=31.54724,34.87481&ll=31.54724,34.87481&z=17"
"תל לכיש","31.54670, 34.87681","IAA",108,false,"https://www.google.com/maps?q=31.54670,34.87681&ll=31.54670,34.87681&z=17"
"תל לכיש","31.54619, 34.88766","IAA",108,false,"https://www.google.com/maps?q=31.54619,34.88766&ll=31.54619,34.88766&z=17"
"תל לכיש","31.54335, 34.86998","IAA",108,false,"https://www.google.com/maps?q=31.54335,34.86998&ll=31.54335,34.86998&z=17"
"תל לכיש","31.54544, 34.87524","IAA",108,false,"https://www.google.com/maps?q=31.54544,34.87524&ll=31.54544,34.87524&z=17"
"תל לכיש","31.54365, 34.88262","IAA",108,false,"https://www.google.com/maps?q=31.54365,34.88262&ll=31.54365,34.88262&z=17"
"תל לכיש","31.54022, 34.88020","IAA",108,false,"https://www.google.com/maps?q=31.54022,34.88020&ll=31.54022,34.88020&z=17"
"תל לכיש","31.54404, 34.89357","IAA",108,false,"https://www.google.com/maps?q=31.54404,34.89357&ll=31.54404,34.89357&z=17"
"תל לכיש","31.54312, 34.88630","IAA",108,false,"https://www.google.com/maps?q=31.54312,34.88630&ll=31.54312,34.88630&z=17"
"תל לכיש","31.54556, 34.88640","IAA",108,false,"https://www.google.com/maps?q=31.54556,34.88640&ll=31.54556,34.88640&z=17"
"תל מגידו","32.58470, 35.18275","PhD",2,true,"https://www.google.com/maps?q=32.58470,35.18275&ll=32.58470,35.18275&z=17"
"תל מגידו","32.58528, 35.18444","https://he.wikipedia.org/wiki/%D7%AA%D7%9C_%D7%9E%D7%92%D7%99%D7%93%D7%95",2,false,"https://www.google.com/maps?q=32.58528,35.18444&ll=32.58528,35.18444&z=17"
"תל נאמי","32.66045, 34.92450","PhD",2,true,"https://www.google.com/maps?q=32.66045,34.92450&ll=32.66045,34.92450&z=17"
"תל נאמי","32.10500, 34.93042","https://en.wikipedia.org/wiki/Antipatris",2,false,"https://www.google.com/maps?q=32.10500,34.93042&ll=32.10500,34.93042&z=17"
"באר שבע","31.24566, 34.83643","PhD",2,true,"https://www.google.com/maps?q=31.24566,34.83643&ll=31.24566,34.83643&z=17"
"באר שבע","31.25311, 34.78671","https://he.wikipedia.org/wiki/%D7%91%D7%90%D7%A8_%D7%A9%D7%91%D7%A2",2,false,"https://www.google.com/maps?q=31.25311,34.78671&ll=31.25311,34.78671&z=17"
"דיר אל מדינה","25.72806, 32.60139","https://en.wikipedia.org/wiki/Deir_el-Medina",2,true,"https://www.google.com/maps?q=25.72806,32.60139&ll=25.72806,32.60139&z=17"
"דיר אל מדינה","25.72833, 32.60139","https://he.wikipedia.org/wiki/%D7%93%D7%99%D7%A8_%D7%90%D7%9C-%D7%9E%D7%93%D7%99%D7%A0%D7%94",2,false,"https://www.google.com/maps?q=25.72833,32.60139&ll=25.72833,32.60139&z=17"
"חירבת רדאנה","31.91500, 35.21500","PhD",2,true,"https://www.google.com/maps?q=31.91500,35.21500&ll=31.91500,35.21500&z=17"
"חירבת רדאנה","31.91500, 35.24972","https://en.wikipedia.org/wiki/Khirbet_el-Maqatir",2,false,"https://www.google.com/maps?q=31.91500,35.24972&ll=31.91500,35.24972&z=17"
"שילה","32.05540, 35.29103","PhD",90,true,"https://www.google.com/maps?q=32.05540,35.29103&ll=32.05540,35.29103&z=17"
"שילה","32.05570, 35.28954","https://he.wikipedia.org/wiki/%D7%A9%D7%99%D7%9C%D7%94_(%D7%99%D7%99%D7%A9%D7%95%D7%91_%D7%9E%D7%A7%D7%A8%D7%90%D7%99)",90,false,"https://www.google.com/maps?q=32.05570,35.28954&ll=32.05570,35.28954&z=17"
"שילה","32.08005, 34.95411","IAA",90,false,"https://www.google.com/maps?q=32.08005,34.95411&ll=32.08005,34.95411&z=17"
"שילה","32.07809, 34.96545","IAA",90,false,"https://www.google.com/maps?q=32.07809,34.96545&ll=32.07809,34.96545&z=17"
"שילה","32.07899, 34.96439","IAA",90,false,"https://www.google.com/maps?q=32.07899,34.96439&ll=32.07899,34.96439&z=17"
"שילה","32.08441, 34.96744","IAA",90,false,"https://www.google.com/maps?q=32.08441,34.96744&ll=32.08441,34.96744&z=17"
"שילה","32.08405, 34.96988","IAA",90,false,"https://www.google.com/maps?q=32.08405,34.96988&ll=32.08405,34.96988&z=17"
"שילה","32.08082, 34.97646","IAA",90,false,"https://www.google.com/maps?q=32.08082,34.97646&ll=32.08082,34.97646&z=17"
"שילה","32.07991, 34.97180","IAA",90,false,"https://www.google.com/maps?q=32.07991,34.97180&ll=32.07991,34.97180&z=17"
"שילה","32.08038, 34.98609","IAA",90,false,"https://www.google.com/maps?q=32.08038,34.98609&ll=32.08038,34.98609&z=17"
"שילה","32.07812, 34.98080","IAA",90,false,"https://www.google.com/maps?q=32.07812,34.98080&ll=32.07812,34.98080&z=17"
"שילה","32.07263, 34.94004","IAA",90,false,"https://www.google.com/maps?q=32.07263,34.94004&ll=32.07263,34.94004&z=17"
"שילה","32.07789, 34.95221","IAA",90,false,"https://www.google.com/maps?q=32.07789,34.95221&ll=32.07789,34.95221&z=17"
"שילה","32.07174, 34.94746","IAA",90,false,"https://www.google.com/maps?q=32.07174,34.94746&ll=32.07174,34.94746&z=17"
"שילה","32.07719, 34.96439","IAA",90,false,"https://www.google.com/maps?q=32.07719,34.96439&ll=32.07719,34.96439&z=17"
"שילה","32.07448, 34.96228","IAA",90,false,"https://www.google.com/maps?q=32.07448,34.96228&ll=32.07448,34.96228&z=17"
"שילה","32.07178, 34.96546","IAA",90,false,"https://www.google.com/maps?q=32.07178,34.96546&ll=32.07178,34.96546&z=17"
"שילה","32.07122, 34.95784","IAA",90,false,"https://www.google.com/maps?q=32.07122,34.95784&ll=32.07122,34.95784&z=17"
"שילה","32.07087, 34.96123","IAA",90,false,"https://www.google.com/maps?q=32.07087,34.96123&ll=32.07087,34.96123&z=17"
"שילה","32.06906, 34.95912","IAA",90,false,"https://www.google.com/maps?q=32.06906,34.95912&ll=32.06906,34.95912&z=17"
"שילה","32.07558, 34.97223","IAA",90,false,"https://www.google.com/maps?q=32.07558,34.97223&ll=32.07558,34.97223&z=17"
"שילה","32.07269, 34.97181","IAA",90,false,"https://www.google.com/maps?q=32.07269,34.97181&ll=32.07269,34.97181&z=17"
"שילה","32.07686, 34.98240","IAA",90,false,"https://www.google.com/maps?q=32.07686,34.98240&ll=32.07686,34.98240&z=17"
"שילה","32.07452, 34.98452","IAA",90,false,"https://www.google.com/maps?q=32.07452,34.98452&ll=32.07452,34.98452&z=17"
"שילה","32.07127, 34.98495","IAA",90,false,"https://www.google.com/maps?q=32.07127,34.98495&ll=32.07127,34.98495&z=17"
"שילה","32.07273, 34.98982","IAA",90,false,"https://www.google.com/maps?q=32.07273,34.98982&ll=32.07273,34.98982&z=17"
"שילה","32.07081, 34.93263","IAA",90,false,"https://www.google.com/maps?q=32.07081,34.93263&ll=32.07081,34.93263&z=17"
"שילה","32.06817, 34.96335","IAA",90,false,"https://www.google.com/maps?q=32.06817,34.96335&ll=32.06817,34.96335&z=17"
"שילה","32.06392, 34.96030","IAA",90,false,"https://www.google.com/maps?q=32.06392,34.96030&ll=32.06392,34.96030&z=17"
"שילה","32.06015, 34.96549","IAA",90,false,"https://www.google.com/maps?q=32.06015,34.96549&ll=32.06015,34.96549&z=17"
"שילה","32.06728, 34.96865","IAA",90,false,"https://www.google.com/maps?q=32.06728,34.96865&ll=32.06728,34.96865&z=17"
"שילה","32.06655, 34.96728","IAA",90,false,"https://www.google.com/maps?q=32.06655,34.96728&ll=32.06655,34.96728&z=17"
"שילה","32.06403, 34.96728","IAA",90,false,"https://www.google.com/maps?q=32.06403,34.96728&ll=32.06403,34.96728&z=17"
"שילה","32.06133, 34.97343","IAA",90,false,"https://www.google.com/maps?q=32.06133,34.97343&ll=32.06133,34.97343&z=17"
"שילה","32.05555, 34.96551","IAA",90,false,"https://www.google.com/maps?q=32.05555,34.96551&ll=32.05555,34.96551&z=17"
"שילה","32.05826, 34.97185","IAA",90,false,"https://www.google.com/maps?q=32.05826,34.97185&ll=32.05826,34.97185&z=17"
"שילה","32.05718, 34.97186","IAA",90,false,"https://www.google.com/maps?q=32.05718,34.97186&ll=32.05718,34.97186&z=17"
"שילה","32.05286, 34.97504","IAA",90,false,"https://www.google.com/maps?q=32.05286,34.97504&ll=32.05286,34.97504&z=17"
"שילה","32.05053, 34.98543","IAA",90,false,"https://www.google.com/maps?q=32.05053,34.98543&ll=32.05053,34.98543&z=17"
"שילה","32.04857, 34.99581","IAA",90,false,"https://www.google.com/maps?q=32.04857,34.99581&ll=32.04857,34.99581&z=17"
"שילה","32.08010, 34.97857","IAA",90,false,"https://www.google.com/maps?q=32.08010,34.97857&ll=32.08010,34.97857&z=17"
"שילה","32.07352, 34.93263","IAA",90,false,"https://www.google.com/maps?q=32.07352,34.93263&ll=32.07352,34.93263&z=17"
"שילה","32.06900, 34.93158","IAA",90,false,"https://www.google.com/maps?q=32.06900,34.93158&ll=32.06900,34.93158&z=17"
"שילה","32.06996, 34.95541","IAA",90,false,"https://www.google.com/maps?q=32.06996,34.95541&ll=32.06996,34.95541&z=17"
"שילה","32.07745, 34.96164","IAA",90,false,"https://www.google.com/maps?q=32.07745,34.96164&ll=32.07745,34.96164&z=17"
"שילה","32.06997, 34.96441","IAA",90,false,"https://www.google.com/maps?q=32.06997,34.96441&ll=32.06997,34.96441&z=17"
"שילה","32.07721, 34.97604","IAA",90,false,"https://www.google.com/maps?q=32.07721,34.97604&ll=32.07721,34.97604&z=17"
"שילה","32.07539, 34.96757","IAA",90,false,"https://www.google.com/maps?q=32.07539,34.96757&ll=32.07539,34.96757&z=17"
"שילה","32.07450, 34.97181","IAA",90,false,"https://www.google.com/maps?q=32.07450,34.97181&ll=32.07450,34.97181&z=17"
"שילה","32.07360, 34.97478","IAA",90,false,"https://www.google.com/maps?q=32.07360,34.97478&ll=32.07360,34.97478&z=17"
"שילה","32.06945, 34.97606","IAA",90,false,"https://www.google.com/maps?q=32.06945,34.97606&ll=32.06945,34.97606&z=17"
"שילה","32.06927, 34.97182","IAA",90,false,"https://www.google.com/maps?q=32.06927,34.97182&ll=32.06927,34.97182&z=17"
"שילה","32.07686, 34.98430","IAA",90,false,"https://www.google.com/maps?q=32.07686,34.98430&ll=32.07686,34.98430&z=17"
"שילה","32.07631, 34.97710","IAA",90,false,"https://www.google.com/maps?q=32.07631,34.97710&ll=32.07631,34.97710&z=17"
"שילה","32.07272, 34.98452","IAA",90,false,"https://www.google.com/maps?q=32.07272,34.98452&ll=32.07272,34.98452&z=17"
"שילה","32.07109, 34.98029","IAA",90,false,"https://www.google.com/maps?q=32.07109,34.98029&ll=32.07109,34.98029&z=17"
"שילה","32.07001, 34.98453","IAA",90,false,"https://www.google.com/maps?q=32.07001,34.98453&ll=32.07001,34.98453&z=17"
"שילה","32.07092, 34.98665","IAA",90,false,"https://www.google.com/maps?q=32.07092,34.98665&ll=32.07092,34.98665&z=17"
"שילה","32.06948, 34.98771","IAA",90,false,"https://www.google.com/maps?q=32.06948,34.98771&ll=32.06948,34.98771&z=17"
"שילה","32.07543, 34.98992","IAA",90,false,"https://www.google.com/maps?q=32.07543,34.98992&ll=32.07543,34.98992&z=17"
"שילה","32.07363, 34.99300","IAA",90,false,"https://www.google.com/maps?q=32.07363,34.99300&ll=32.07363,34.99300&z=17"
"שילה","32.07183, 34.99300","IAA",90,false,"https://www.google.com/maps?q=32.07183,34.99300&ll=32.07183,34.99300&z=17"
"שילה","32.07137, 34.98824","IAA",90,false,"https://www.google.com/maps?q=32.07137,34.98824&ll=32.07137,34.98824&z=17"
"שילה","32.07002, 34.98983","IAA",90,false,"https://www.google.com/maps?q=32.07002,34.98983&ll=32.07002,34.98983&z=17"
"שילה","32.06122, 34.96178","IAA",90,false,"https://www.google.com/maps?q=32.06122,34.96178&ll=32.06122,34.96178&z=17"
"שילה","32.06095, 34.96327","IAA",90,false,"https://www.google.com/maps?q=32.06095,34.96327&ll=32.06095,34.96327&z=17"
"שילה","32.06602, 34.97194","IAA",90,false,"https://www.google.com/maps?q=32.06602,34.97194&ll=32.06602,34.97194&z=17"
"שילה","32.06565, 34.96781","IAA",90,false,"https://www.google.com/maps?q=32.06565,34.96781&ll=32.06565,34.96781&z=17"
"שילה","32.05989, 34.97598","IAA",90,false,"https://www.google.com/maps?q=32.05989,34.97598&ll=32.05989,34.97598&z=17"
"שילה","32.05916, 34.97079","IAA",90,false,"https://www.google.com/maps?q=32.05916,34.97079&ll=32.05916,34.97079&z=17"
"שילה","32.05961, 34.96677","IAA",90,false,"https://www.google.com/maps?q=32.05961,34.96677&ll=32.05961,34.96677&z=17"
"שילה","32.05619, 34.97228","IAA",90,false,"https://www.google.com/maps?q=32.05619,34.97228&ll=32.05619,34.97228&z=17"
"שילה","32.05512, 34.97949","IAA",90,false,"https://www.google.com/maps?q=32.05512,34.97949&ll=32.05512,34.97949&z=17"
"שילה","32.05449, 34.98012","IAA",90,false,"https://www.google.com/maps?q=32.05449,34.98012&ll=32.05449,34.98012&z=17"
"שילה","32.05378, 34.98658","IAA",90,false,"https://www.google.com/maps?q=32.05378,34.98658&ll=32.05378,34.98658&z=17"
"שילה","32.05324, 34.98521","IAA",90,false,"https://www.google.com/maps?q=32.05324,34.98521&ll=32.05324,34.98521&z=17"
"שילה","32.05287, 34.97981","IAA",90,false,"https://www.google.com/maps?q=32.05287,34.97981&ll=32.05287,34.97981&z=17"
"שילה","32.05143, 34.98352","IAA",90,false,"https://www.google.com/maps?q=32.05143,34.98352&ll=32.05143,34.98352&z=17"
"שילה","32.05197, 34.98140","IAA",90,false,"https://www.google.com/maps?q=32.05197,34.98140&ll=32.05197,34.98140&z=17"
"שילה","32.05153, 34.98669","IAA",90,false,"https://www.google.com/maps?q=32.05153,34.98669&ll=32.05153,34.98669&z=17"
"שילה","32.05920, 34.98985","IAA",90,false,"https://www.google.com/maps?q=32.05920,34.98985&ll=32.05920,34.98985&z=17"
"שילה","32.05560, 34.99516","IAA",90,false,"https://www.google.com/maps?q=32.05560,34.99516&ll=32.05560,34.99516&z=17"
"שילה","32.05397, 34.98881","IAA",90,false,"https://www.google.com/maps?q=32.05397,34.98881&ll=32.05397,34.98881&z=17"
"שילה","32.05155, 34.99718","IAA",90,false,"https://www.google.com/maps?q=32.05155,34.99718&ll=32.05155,34.99718&z=17"
"שילה","32.05118, 34.99210","IAA",90,false,"https://www.google.com/maps?q=32.05118,34.99210&ll=32.05118,34.99210&z=17"
"שילה","32.04973, 34.99115","IAA",90,false,"https://www.google.com/maps?q=32.04973,34.99115&ll=32.04973,34.99115&z=17"
"שילה","32.05019, 34.99602","IAA",90,false,"https://www.google.com/maps?q=32.05019,34.99602&ll=32.05019,34.99602&z=17"
"שילה","32.04911, 34.99422","IAA",90,false,"https://www.google.com/maps?q=32.04911,34.99422&ll=32.04911,34.99422&z=17"
"שילה","32.04830, 34.99443","IAA",90,false,"https://www.google.com/maps?q=32.04830,34.99443&ll=32.04830,34.99443&z=17"
"שילה","32.04749, 34.99729","IAA",90,false,"https://www.google.com/maps?q=32.04749,34.99729&ll=32.04749,34.99729&z=17"
"תל א-סעידיה (ירדן)","32.29890, 35.58060","PhD",2,true,"https://www.google.com/maps?q=32.29890,35.58060&ll=32.29890,35.58060&z=17"
"תל א-סעידיה (ירדן)","32.32194, 35.56000","https://he.wikipedia.org/wiki/%D7%AA%D7%9C_%D7%90-%D7%A1%D7%A2%D7%99%D7%93%D7%99%D7%94",2,false,"https://www.google.com/maps?q=32.32194,35.56000&ll=32.32194,35.56000&z=17"
"תל אשדוד","31.75693, 34.65900","PhD",10,true,"https://www.google.com/maps?q=31.75693,34.65900&ll=31.75693,34.65900&z=17"
"תל אשדוד","31.75788, 34.65862","IAA",10,false,"https://www.google.com/maps?q=31.75788,34.65862&ll=31.75788,34.65862&z=17"
"תל אשדוד","31.75778, 34.65861","https://he.wikipedia.org/wiki/%D7%AA%D7%9C_%D7%90%D7%A9%D7%93%D7%95%D7%93",10,false,"https://www.google.com/maps?q=31.75778,34.65861&ll=31.75778,34.65861&z=17"
"תל אשדוד","31.79175, 34.65008","IAA",10,false,"https://www.google.com/maps?q=31.79175,34.65008&ll=31.79175,34.65008&z=17"
"תל אשדוד","31.79078, 34.65325","IAA",10,false,"https://www.google.com/maps?q=31.79078,34.65325&ll=31.79078,34.65325&z=17"
"תל אשדוד","31.78304, 34.63788","IAA",10,false,"https://www.google.com/maps?q=31.78304,34.63788&ll=31.78304,34.63788&z=17"
"תל אשדוד","31.78391, 34.63154","IAA",10,false,"https://www.google.com/maps?q=31.78391,34.63154&ll=31.78391,34.63154&z=17"
"תל אשדוד","31.79661, 34.64677","IAA",10,false,"https://www.google.com/maps?q=31.79661,34.64677&ll=31.79661,34.64677&z=17"
"תל אשדוד","31.78031, 34.63315","IAA",10,false,"https://www.google.com/maps?q=31.78031,34.63315&ll=31.78031,34.63315&z=17"
"תל אשדוד","31.78192, 34.62987","IAA",10,false,"https://www.google.com/maps?q=31.78192,34.62987&ll=31.78192,34.62987&z=17"
"תל בית שמש","31.74972, 34.97173","PhD",2,true,"https://www.google.com/maps?q=31.74972,34.97173&ll=31.74972,34.97173&z=17"
"תל בית שמש","31.75062, 34.97474","https://he.wikipedia.org/wiki/%D7%AA%D7%9C_%D7%91%D7%99%D7%AA_%D7%A9%D7%9E%D7%A9",2,false,"https://www.google.com/maps?q=31.75062,34.97474&ll=31.75062,34.97474&z=17"
"תל דור","32.61807, 34.92250","PhD",15,true,"https://www.google.com/maps?q=32.61807,34.92250&ll=32.61807,34.92250&z=17"
"תל דור","32.61743, 34.91636","https://he.wikipedia.org/wiki/%D7%AA%D7%9C_%D7%93%D7%95%D7%A8",15,false,"https://www.google.com/maps?q=32.61743,34.91636&ll=32.61743,34.91636&z=17"
"תל דור","32.61724, 34.91550","IAA",15,false,"https://www.google.com/maps?q=32.61724,34.91550&ll=32.61724,34.91550&z=17"
"תל דור","32.60913, 34.91819","IAA",15,false,"https://www.google.com/maps?q=32.60913,34.91819&ll=32.60913,34.91819&z=17"
"תל דור","32.60916, 34.92884","IAA",15,false,"https://www.google.com/maps?q=32.60916,34.92884&ll=32.60916,34.92884&z=17"
"תל דור","32.60645, 34.92832","IAA",15,false,"https://www.google.com/maps?q=32.60645,34.92832&ll=32.60645,34.92832&z=17"
"תל דור","32.60554, 34.92672","IAA",15,false,"https://www.google.com/maps?q=32.60554,34.92672&ll=32.60554,34.92672&z=17"
"תל דור","32.60464, 34.92779","IAA",15,false,"https://www.google.com/maps?q=32.60464,34.92779&ll=32.60464,34.92779&z=17"
"תל דור","32.60012, 34.91929","IAA",15,false,"https://www.google.com/maps?q=32.60012,34.91929&ll=32.60012,34.91929&z=17"
"תל דור","32.60057, 34.92088","IAA",15,false,"https://www.google.com/maps?q=32.60057,34.92088&ll=32.60057,34.92088&z=17"
"תל דור","32.59832, 34.92355","IAA",15,false,"https://www.google.com/maps?q=32.59832,34.92355&ll=32.59832,34.92355&z=17"
"תל דור","32.65619, 35.42222","IAA",15,false,"https://www.google.com/maps?q=32.65619,35.42222&ll=32.65619,35.42222&z=17"
"תל דור","32.62040, 34.91815","IAA",15,false,"https://www.google.com/maps?q=32.62040,34.91815&ll=32.62040,34.91815&z=17"
"תל דור","32.60194, 34.92780","IAA",15,false,"https://www.google.com/maps?q=32.60194,34.92780&ll=32.60194,34.92780&z=17"
"תל דור","32.60056, 34.91609","IAA",15,false,"https://www.google.com/maps?q=32.60056,34.91609&ll=32.60056,34.91609&z=17"
"תל יבלעם","32.44584, 35.29243","PhD",2,true,"https://www.google.com/maps?q=32.44584,35.29243&ll=32.44584,35.29243&z=17"
"תל יבלעם","32.44595, 35.29260","https://he.wikipedia.org/wiki/%D7%99%D7%91%D7%9C%D7%A2%D7%9D",2,false,"https://www.google.com/maps?q=32.44595,35.29260&ll=32.44595,35.29260&z=17"
"תל יקנעם","32.66135, 35.10696","PhD",8,true,"https://www.google.com/maps?q=32.66135,35.10696&ll=32.66135,35.10696&z=17"
"תל יקנעם","32.66444, 35.10883","IAA",8,false,"https://www.google.com/maps?q=32.66444,35.10883&ll=32.66444,35.10883&z=17"
"תל יקנעם","32.66410, 35.10827","https://he.wikipedia.org/wiki/%D7%AA%D7%9C_%D7%99%D7%A7%D7%A0%D7%A2%D7%9D",8,false,"https://www.google.com/maps?q=32.66410,35.10827&ll=32.66410,35.10827&z=17"
"תל יקנעם","32.66354, 35.10883","IAA",8,false,"https://www.google.com/maps?q=32.66354,35.10883&ll=32.66354,35.10883&z=17"
"תל יקנעם","32.66263, 35.10670","IAA",8,false,"https://www.google.com/maps?q=32.66263,35.10670&ll=32.66263,35.10670&z=17"
"תל יקנעם","32.66444, 35.10776","IAA",8,false,"https://www.google.com/maps?q=32.66444,35.10776&ll=32.66444,35.10776&z=17"
"תל יקנעם","32.66624, 35.10883","IAA",8,false,"https://www.google.com/maps?q=32.66624,35.10883&ll=32.66624,35.10883&z=17"
"תל יקנעם","32.66354, 35.10670","IAA",8,false,"https://www.google.com/maps?q=32.66354,35.10670&ll=32.66354,35.10670&z=17"
"תל עי","31.91670, 35.26110","PhD",2,true,"https://www.google.com/maps?q=31.91670,35.26110&ll=31.91670,35.26110&z=17"
"תל עי","31.91618, 35.26192","https://he.wikipedia.org/wiki/%D7%94%D7%A2%D7%99",2,false,"https://www.google.com/maps?q=31.91618,35.26192&ll=31.91618,35.26192&z=17"
"תל תענך","32.52158, 35.22005","PhD",2,true,"https://www.google.com/maps?q=32.52158,35.22005&ll=32.52158,35.22005&z=17"
"תל תענך","32.52153, 35.21912","https://he.wikipedia.org/wiki/%D7%AA%D7%A2%D7%A0%D7%9A",2,false,"https://www.google.com/maps?q=32.52153,35.21912&ll=32.52153,35.21912&z=17"
"ח'רבת בנת בר","32.06171, 35.05254","PhD",2,true,"https://www.google.com/maps?q=32.06171,35.05254&ll=32.06171,35.05254&z=17"
"ח'רבת בנת בר","33.22917, 35.41667","https://he.wikipedia.org/wiki/%D7%97%27%D7%A8%D7%91%D7%AA_%D7%A1%D7%9C%D7%9D",2,false,"https://www.google.com/maps?q=33.22917,35.41667&ll=33.22917,35.41667&z=17"
"חורבת דיר א-סיד (ענתות?)","31.62889, 35.13769","PhD",2,true,"https://www.google.com/maps?q=31.62889,35.13769&ll=31.62889,35.13769&z=17"
"חורבת דיר א-סיד (ענתות?)","31.82500, 35.24167","https://he.wikipedia.org/wiki/%D7%A4%D7%A1%D7%92%D7%AA_%D7%96%D7%90%D7%91",2,false,"https://www.google.com/maps?q=31.82500,35.24167&ll=31.82500,35.24167&z=17"
"חורבת טוב","31.00039, 35.08892","PhD",2,true,"https://www.google.com/maps?q=31.00039,35.08892&ll=31.00039,35.08892&z=17"
"חורבת טוב","31.65500, 34.93750","https://he.wikipedia.org/wiki/%D7%97%D7%95%D7%A8%D7%91%D7%AA_%D7%9E%D7%93%D7%A8%D7%A1",2,false,"https://www.google.com/maps?q=31.65500,34.93750&ll=31.65500,34.93750&z=17"
"חורבת ראש זית","32.87866, 35.22864","PhD",2,true,"https://www.google.com/maps?q=32.87866,35.22864&ll=32.87866,35.22864&z=17"
"חורבת ראש זית","32.87904, 35.22870","https://he.wikipedia.org/wiki/%D7%97%D7%95%D7%A8%D7%91%D7%AA_%D7%A8%D7%90%D7%A9_%D7%96%D7%99%D7%AA",2,false,"https://www.google.com/maps?q=32.87904,35.22870&ll=32.87904,35.22870&z=17"
"חורבת שילחה","31.86153, 35.38394","PhD",2,true,"https://www.google.com/maps?q=31.86153,35.38394&ll=31.86153,35.38394&z=17"
"חורבת שילחה","32.86472, 35.53611","https://he.wikipedia.org/wiki/%D7%97%D7%95%D7%A8%D7%91%D7%AA_%D7%9E%D7%A0%D7%99%D7%9D",2,false,"https://www.google.com/maps?q=32.86472,35.53611&ll=32.86472,35.53611&z=17"
"חירבת אבו א-טווין","31.64920, 35.10580","PhD",2,true,"https://www.google.com/maps?q=31.64920,35.10580&ll=31.64920,35.10580&z=17"
"חירבת אבו א-טווין","31.66638, 35.08924","https://he.wikipedia.org/wiki/%D7%97%27%D7%A8%D7%91%D7%AA_%D7%90%D7%91%D7%95_%D7%98%D7%95%D7%99%D7%9F",2,false,"https://www.google.com/maps?q=31.66638,35.08924&ll=31.66638,35.08924&z=17"
"חירבת אל ח'וחי","31.69170, 35.16670","PhD",1,true,"https://www.google.com/maps?q=31.69170,35.16670&ll=31.69170,35.16670&z=17"
"חירבת אל-כיכ","32.18500, 35.21000","PhD",1,true,"https://www.google.com/maps?q=32.18500,35.21000&ll=32.18500,35.21000&z=17"
"חירבת מרגימה","32.02560, 35.34060","PhD",2,true,"https://www.google.com/maps?q=32.02560,35.34060&ll=32.02560,35.34060&z=17"
"חירבת מרגימה","31.75161, 35.14165","https://he.wikipedia.org/wiki/%D7%A2%D7%9E%D7%99%D7%A0%D7%93%D7%91",2,false,"https://www.google.com/maps?q=31.75161,35.14165&ll=31.75161,35.14165&z=17"
"חשבון","31.76700, 35.76700","PhD",2,true,"https://www.google.com/maps?q=31.76700,35.76700&ll=31.76700,35.76700&z=17"
"חשבון","31.80083, 35.80889","https://en.wikipedia.org/wiki/Heshbon",2,false,"https://www.google.com/maps?q=31.80083,35.80889&ll=31.80083,35.80889&z=17"
"עמאן","31.95400, 35.93600","PhD",2,true,"https://www.google.com/maps?q=31.95400,35.93600&ll=31.95400,35.93600&z=17"
"עמאן","31.95000, 35.93333","https://he.wikipedia.org/wiki/%D7%A2%D7%9E%D7%90%D7%9F",2,false,"https://www.google.com/maps?q=31.95000,35.93333&ll=31.95000,35.93333&z=17"
"קדש ברנע","30.65580, 34.42350","PhD",2,true,"https://www.google.com/maps?q=30.65580,34.42350&ll=30.65580,34.42350&z=17"
"קדש ברנע","30.64833, 34.42222","https://he.wikipedia.org/wiki/%D7%A7%D7%93%D7%A9_%D7%91%D7%A8%D7%A0%D7%A2",2,false,"https://www.google.com/maps?q=30.64833,34.42222&ll=30.64833,34.42222&z=17"
"קומראן","31.74070, 35.46188","PhD",2,true,"https://www.google.com/maps?q=31.74070,35.46188&ll=31.74070,35.46188&z=17"
"קומראן","31.74190, 35.45994","https://he.wikipedia.org/wiki/%D7%A7%D7%95%D7%9E%D7%A8%D7%90%D7%9F",2,false,"https://www.google.com/maps?q=31.74190,35.45994&ll=31.74190,35.45994&z=17"
"תל א-נצבה","31.88497, 35.21577","PhD",2,true,"https://www.google.com/maps?q=31.88497,35.21577&ll=31.88497,35.21577&z=17"
"תל א-נצבה","31.88514, 35.21642","https://he.wikipedia.org/wiki/%D7%AA%D7%9C_%D7%90-%D7%A0%D7%A6%D7%91%D7%94",2,false,"https://www.google.com/maps?q=31.88514,35.21642&ll=31.88514,35.21642&z=17"
"תל בית מרסים","31.45576, 34.90931","PhD",2,true,"https://www.google.com/maps?q=31.45576,34.90931&ll=31.45576,34.90931&z=17"
"תל בית מרסים","31.45000, 34.91667","https://he.wikipedia.org/wiki/%D7%AA%D7%9C_%D7%91%D7%99%D7%AA_%D7%9E%D7%99%D7%A8%D7%A1%D7%99%D7%9D",2,false,"https://www.google.com/maps?q=31.45000,34.91667&ll=31.45000,34.91667&z=17"
"תל גבעון","31.84890, 35.18404","PhD",4,true,"https://www.google.com/maps?q=31.84890,35.18404&ll=31.84890,35.18404&z=17"
"תל גבעון","31.84808, 35.18716","https://he.wikipedia.org/wiki/%D7%92%D7%91%D7%A2%D7%95%D7%9F",4,false,"https://www.google.com/maps?q=31.84808,35.18716&ll=31.84808,35.18716&z=17"
"תל גבעון","32.55830, 34.97585","IAA",4,false,"https://www.google.com/maps?q=32.55830,34.97585&ll=32.55830,34.97585&z=17"
"תל גבעון","31.47309, 35.37429","IAA",4,false,"https://www.google.com/maps?q=31.47309,35.37429&ll=31.47309,35.37429&z=17"
"תל חליף","31.38272, 34.86535","PhD",2,true,"https://www.google.com/maps?q=31.38272,34.86535&ll=31.38272,34.86535&z=17"
"תל חליף","31.38333, 34.86564","https://he.wikipedia.org/wiki/%D7%AA%D7%9C_%D7%97%D7%9C%D7%99%D7%A3",2,false,"https://www.google.com/maps?q=31.38333,34.86564&ll=31.38333,34.86564&z=17"
"תל יזרעאל","32.55765, 35.32664","PhD",4,true,"https://www.google.com/maps?q=32.55765,35.32664&ll=32.55765,35.32664&z=17"
"תל יזרעאל","32.55712, 35.32936","IAA",4,false,"https://www.google.com/maps?q=32.55712,35.32936&ll=32.55712,35.32936&z=17"
"תל יזרעאל","32.55785, 35.32795","https://he.wikipedia.org/wiki/%D7%AA%D7%9C_%D7%99%D7%96%D7%A8%D7%A2%D7%90%D7%9C",4,false,"https://www.google.com/maps?q=32.55785,35.32795&ll=32.55785,35.32795&z=17"
"תל יזרעאל","32.55801, 35.33681","IAA",4,false,"https://www.google.com/maps?q=32.55801,35.33681&ll=32.55801,35.33681&z=17"
"תל עירא","31.23213, 34.98567","PhD",3,true,"https://www.google.com/maps?q=31.23213,34.98567&ll=31.23213,34.98567&z=17"
"תל עירא","31.23280, 34.98670","https://he.wikipedia.org/wiki/%D7%AA%D7%9C_%D7%A2%D7%99%D7%A8%D7%90",3,false,"https://www.google.com/maps?q=31.23280,34.98670&ll=31.23280,34.98670&z=17"
"תל עירא","31.23308, 34.98604","IAA",3,false,"https://www.google.com/maps?q=31.23308,34.98604&ll=31.23308,34.98604&z=17"
"תל ערוער","31.15098, 34.97746","PhD",3,true,"https://www.google.com/maps?q=31.15098,34.97746&ll=31.15098,34.97746&z=17"
"תל ערוער","31.15851, 35.02342","https://he.wikipedia.org/wiki/%D7%A2%D7%A8%D7%A2%D7%A8%D7%94_%D7%91%D7%A0%D7%92%D7%91",3,false,"https://www.google.com/maps?q=31.15851,35.02342&ll=31.15851,35.02342&z=17"
"תל ערוער","31.13570, 35.00357","IAA",3,false,"https://www.google.com/maps?q=31.13570,35.00357&ll=31.13570,35.00357&z=17"
"אגמים רוסה וסיהקה","38.63333, 42.81667","https://en.wikipedia.org/wiki/Lake_Van",1,true,"https://www.google.com/maps?q=38.63333,42.81667&ll=38.63333,42.81667&z=17"
"אולחו","37.66670, 45.06670","PhD",1,true,"https://www.google.com/maps?q=37.66670,45.06670&ll=37.66670,45.06670&z=17"
"אום אל ביארה","30.32083, 35.43750","PhD",2,true,"https://www.google.com/maps?q=30.32083,35.43750&ll=30.32083,35.43750&z=17"
"אום אל ביארה","30.32861, 35.44194","https://he.wikipedia.org/wiki/%D7%A4%D7%98%D7%A8%D7%94",2,false,"https://www.google.com/maps?q=30.32861,35.44194&ll=30.32861,35.44194&z=17"
"ארבילו","36.19110, 44.00940","PhD",2,true,"https://www.google.com/maps?q=36.19110,44.00940&ll=36.19110,44.00940&z=17"
"ארבילו","36.56000, 43.44000","https://en.wikipedia.org/wiki/Battle_of_Gaugamela",2,false,"https://www.google.com/maps?q=36.56000,43.44000&ll=36.56000,43.44000&z=17"
"גיית","31.60910, 34.76490","https://he.wikipedia.org/wiki/%D7%A7%D7%A8%D7%99%D7%99%D7%AA_%D7%92%D7%AA",1,true,"https://www.google.com/maps?q=31.60910,34.76490&ll=31.60910,34.76490&z=17"
"חורבת עוזה","31.20598, 35.16428","PhD",3,true,"https://www.google.com/maps?q=31.20598,35.16428&ll=31.20598,35.16428&z=17"
"חורבת עוזה","31.21009, 35.16501","IAA",3,false,"https://www.google.com/maps?q=31.21009,35.16501&ll=31.21009,35.16501&z=17"
"חורבת עוזה","31.20919, 35.16567","https://he.wikipedia.org/wiki/%D7%97%D7%95%D7%A8%D7%91%D7%AA_%D7%A2%D7%95%D7%96%D7%94",3,false,"https://www.google.com/maps?q=31.20919,35.16567&ll=31.20919,35.16567&z=17"
"חורבת רדום","31.18975, 35.16639","PhD",2,true,"https://www.google.com/maps?q=31.18975,35.16639&ll=31.18975,35.16639&z=17"
"חורבת רדום","31.18998, 35.16712","IAA",2,false,"https://www.google.com/maps?q=31.18998,35.16712&ll=31.18998,35.16712&z=17"
"טופראק קלה","38.52500, 43.41600","PhD",2,true,"https://www.google.com/maps?q=38.52500,43.41600&ll=38.52500,43.41600&z=17"
"טופראק קלה","38.52056, 43.40389","https://en.wikipedia.org/wiki/Toprakkale_(castle)",2,false,"https://www.google.com/maps?q=38.52056,43.40389&ll=38.52056,43.40389&z=17"
"מידאס סיטי","39.20140, 30.71330","PhD",2,true,"https://www.google.com/maps?q=39.20140,30.71330&ll=39.20140,30.71330&z=17"
"מידאס סיטי","39.20000, 30.71667","https://en.wikipedia.org/wiki/Yaz%C4%B1l%C4%B1,_Han",2,false,"https://www.google.com/maps?q=39.20000,30.71667&ll=39.20000,30.71667&z=17"
"מנהרת אופלינוס","37.69000, 26.93000","PhD",3,true,"https://www.google.com/maps?q=37.69000,26.93000&ll=37.69000,26.93000&z=17"
"מנהרת אופלינוס","37.69083, 26.94333","https://en.wikipedia.org/wiki/Pythagoreion",3,false,"https://www.google.com/maps?q=37.69083,26.94333&ll=37.69083,26.94333&z=17"
"מנהרת אופלינוס","37.69400, 26.93000","https://en.wikipedia.org/wiki/Tunnel_of_Eupalinos",3,false,"https://www.google.com/maps?q=37.69400,26.93000&ll=37.69400,26.93000&z=17"
"מנהרת נגוב","36.17030, 43.54120","https://en.wikipedia.org/wiki/Khazir_River",1,true,"https://www.google.com/maps?q=36.17030,43.54120&ll=36.17030,43.54120&z=17"
"נמרוד","36.09670, 43.32830","PhD",3,true,"https://www.google.com/maps?q=36.09670,43.32830&ll=36.09670,43.32830&z=17"
"נמרוד","33.24540, 35.75120","https://he.wikipedia.org/wiki/%D7%A0%D7%9E%D7%A8%D7%95%D7%93_(%D7%99%D7%99%D7%A9%D7%95%D7%91)",3,false,"https://www.google.com/maps?q=33.24540,35.75120&ll=33.24540,35.75120&z=17"
"נמרוד","32.74369, 35.02359","IAA",3,false,"https://www.google.com/maps?q=32.74369,35.02359&ll=32.74369,35.02359&z=17"
"עזקה","31.70102, 34.93491","PhD",2,true,"https://www.google.com/maps?q=31.70102,34.93491&ll=31.70102,34.93491&z=17"
"עזקה","31.70098, 34.93567","https://he.wikipedia.org/wiki/%D7%A2%D7%96%D7%A7%D7%94",2,false,"https://www.google.com/maps?q=31.70098,34.93567&ll=31.70098,34.93567&z=17"
"קנאוואט","32.75472, 36.61583","https://en.wikipedia.org/wiki/Qanawat",2,true,"https://www.google.com/maps?q=32.75472,36.61583&ll=32.75472,36.61583&z=17"
"קנאוואט","32.75556, 36.61667","https://en.wikipedia.org/wiki/Qanawat",2,false,"https://www.google.com/maps?q=32.75556,36.61667&ll=32.75556,36.61667&z=17"
"תושפה","38.50110, 43.34000","https://en.wikipedia.org/wiki/Tushpa",2,true,"https://www.google.com/maps?q=38.50110,43.34000&ll=38.50110,43.34000&z=17"
"תושפה","38.50000, 43.34250","https://en.wikipedia.org/wiki/Tushpa",2,false,"https://www.google.com/maps?q=38.50000,43.34250&ll=38.50000,43.34250&z=17"
"מערת נחל קנה","32.15994, 35.10584","https://he.wikipedia.org/wiki/%D7%A9%D7%9E%D7%95%D7%A8%D7%AA_%D7%98%D7%91%D7%A2_%D7%A0%D7%97%D7%9C_%D7%A7%D7%A0%D7%94",17,true,"https://www.google.com/maps?q=32.15994,35.10584&ll=32.15994,35.10584&z=17"
"מערת נחל קנה","32.17641, 34.97790","IAA",17,false,"https://www.google.com/maps?q=32.17641,34.97790&ll=32.17641,34.97790&z=17"
"מערת נחל קנה","32.14832, 34.91332","IAA",17,false,"https://www.google.com/maps?q=32.14832,34.91332&ll=32.14832,34.91332&z=17"
"מערת נחל קנה","32.14574, 34.97480","IAA",17,false,"https://www.google.com/maps?q=32.14574,34.97480&ll=32.14574,34.97480&z=17"
"מערת נחל קנה","32.14303, 34.97163","IAA",17,false,"https://www.google.com/maps?q=32.14303,34.97163&ll=32.14303,34.97163&z=17"
"מערת נחל קנה","32.14033, 34.97376","IAA",17,false,"https://www.google.com/maps?q=32.14033,34.97376&ll=32.14033,34.97376&z=17"
"מערת נחל קנה","32.13764, 34.98118","IAA",17,false,"https://www.google.com/maps?q=32.13764,34.98118&ll=32.13764,34.98118&z=17"
"מערת נחל קנה","32.14115, 34.93401","IAA",17,false,"https://www.google.com/maps?q=32.14115,34.93401&ll=32.14115,34.93401&z=17"
"מערת נחל קנה","32.17459, 34.96837","IAA",17,false,"https://www.google.com/maps?q=32.17459,34.96837&ll=32.17459,34.96837&z=17"
"מערת נחל קנה","32.14294, 34.92500","IAA",17,false,"https://www.google.com/maps?q=32.14294,34.92500&ll=32.14294,34.92500&z=17"
"מערת נחל קנה","32.14928, 34.93664","IAA",17,false,"https://www.google.com/maps?q=32.14928,34.93664&ll=32.14928,34.93664&z=17"
"מערת נחל קנה","32.14935, 34.97373","IAA",17,false,"https://www.google.com/maps?q=32.14935,34.97373&ll=32.14935,34.97373&z=17"
"מערת נחל קנה","32.14755, 34.97374","IAA",17,false,"https://www.google.com/maps?q=32.14755,34.97374&ll=32.14755,34.97374&z=17"
"מערת נחל קנה","32.14483, 34.96951","IAA",17,false,"https://www.google.com/maps?q=32.14483,34.96951&ll=32.14483,34.96951&z=17"
"מערת נחל קנה","32.13207, 34.90489","IAA",17,false,"https://www.google.com/maps?q=32.13207,34.90489&ll=32.13207,34.90489&z=17"
"מערת נחל קנה","32.13945, 34.98542","IAA",17,false,"https://www.google.com/maps?q=32.13945,34.98542&ll=32.13945,34.98542&z=17"
"מערת נחל קנה","32.13674, 34.98331","IAA",17,false,"https://www.google.com/maps?q=32.13674,34.98331&ll=32.13674,34.98331&z=17"
"סוסיתא","32.77889, 35.65944","https://he.wikipedia.org/wiki/%D7%A1%D7%95%D7%A1%D7%99%D7%AA%D7%90_(%D7%90%D7%AA%D7%A8_%D7%90%D7%A8%D7%9B%D7%90%D7%95%D7%9C%D7%95%D7%92%D7%99)",1,true,"https://www.google.com/maps?q=32.77889,35.65944&ll=32.77889,35.65944&z=17"
"ציפורי","32.75306, 35.27917","https://he.wikipedia.org/wiki/%D7%A6%D7%99%D7%A4%D7%95%D7%A8%D7%99_(%D7%99%D7%99%D7%A9%D7%95%D7%91_%D7%A2%D7%AA%D7%99%D7%A7)",1,true,"https://www.google.com/maps?q=32.75306,35.27917&ll=32.75306,35.27917&z=17"
"ח'רבת אל חיוח","31.69170, 35.16670","PhD",1,true,"https://www.google.com/maps?q=31.69170,35.16670&ll=31.69170,35.16670&z=17"
"חורבת אבו חוף","31.39985, 34.85371","PhD",2,true,"https://www.google.com/maps?q=31.39985,34.85371&ll=31.39985,34.85371&z=17"
"חורבת אבו חוף","32.55103, 34.95153","https://he.wikipedia.org/wiki/%D7%97%D7%95%D7%A8%D7%91%D7%AA_%D7%A2%D7%9C%D7%A7",2,false,"https://www.google.com/maps?q=32.55103,34.95153&ll=32.55103,34.95153&z=17"
"חירבת בנת-בר","32.08333, 34.98333","https://survey.iaa.org.il/",2,true,"https://www.google.com/maps?q=32.08333,34.98333&ll=32.08333,34.98333&z=17"
"חירבת בנת-בר","32.05421, 35.05664","https://he.wikipedia.org/wiki/%D7%A6%D7%A8%D7%93%D7%94",2,false,"https://www.google.com/maps?q=32.05421,35.05664&ll=32.05421,35.05664&z=17"
"חירבת רדנה","31.91670, 35.20830","PhD",2,true,"https://www.google.com/maps?q=31.91670,35.20830&ll=31.91670,35.20830&z=17"
"חירבת רדנה","33.00760, 35.59400","https://he.wikipedia.org/wiki/%D7%97%D7%95%D7%A8%D7%91%D7%AA_%D7%99%D7%A8%D7%93%D7%94",2,false,"https://www.google.com/maps?q=33.00760,35.59400&ll=33.00760,35.59400&z=17"
"עיר דוד","31.77406, 35.23584","PhD",7,true,"https://www.google.com/maps?q=31.77406,35.23584&ll=31.77406,35.23584&z=17"
"עיר דוד","31.77270, 35.23525","IAA",7,false,"https://www.google.com/maps?q=31.77270,35.23525&ll=31.77270,35.23525&z=17"
"עיר דוד","31.77450, 35.23387","IAA",7,false,"https://www.google.com/maps?q=31.77450,35.23387&ll=31.77450,35.23387&z=17"
"עיר דוד","31.77261, 35.23440","IAA",7,false,"https://www.google.com/maps?q=31.77261,35.23440&ll=31.77261,35.23440&z=17"
"עיר דוד","31.77378, 35.23514","IAA",7,false,"https://www.google.com/maps?q=31.77378,35.23514&ll=31.77378,35.23514&z=17"
"עיר דוד","31.77304, 35.23481","https://he.wikipedia.org/wiki/%D7%A2%D7%99%D7%A8_%D7%93%D7%95%D7%93",7,false,"https://www.google.com/maps?q=31.77304,35.23481&ll=31.77304,35.23481&z=17"
"עיר דוד","31.76972, 35.23493","IAA",7,false,"https://www.google.com/maps?q=31.76972,35.23493&ll=31.76972,35.23493&z=17"
"תל באר שבע","31.24566, 34.83643","PhD",25,true,"https://www.google.com/maps?q=31.24566,34.83643&ll=31.24566,34.83643&z=17"
"תל באר שבע","31.24537, 34.84115","IAA",25,false,"https://www.google.com/maps?q=31.24537,34.84115&ll=31.24537,34.84115&z=17"
"תל באר שבע","31.24472, 34.84083","https://he.wikipedia.org/wiki/%D7%AA%D7%9C_%D7%91%D7%90%D7%A8_%D7%A9%D7%91%D7%A2",25,false,"https://www.google.com/maps?q=31.24472,34.84083&ll=31.24472,34.84083&z=17"
"תל באר שבע","31.21779, 35.00969","IAA",25,false,"https://www.google.com/maps?q=31.21779,35.00969&ll=31.21779,35.00969&z=17"
"תל באר שבע","31.21870, 35.01598","IAA",25,false,"https://www.google.com/maps?q=31.21870,35.01598&ll=31.21870,35.01598&z=17"
"תל באר שבע","31.21915, 35.01808","IAA",25,false,"https://www.google.com/maps?q=31.21915,35.01808&ll=31.21915,35.01808&z=17"
"תל באר שבע","31.21961, 35.01913","IAA",25,false,"https://www.google.com/maps?q=31.21961,35.01913&ll=31.21961,35.01913&z=17"
"תל באר שבע","31.21555, 35.01966","IAA",25,false,"https://www.google.com/maps?q=31.21555,35.01966&ll=31.21555,35.01966&z=17"
"תל באר שבע","31.21600, 35.01808","IAA",25,false,"https://www.google.com/maps?q=31.21600,35.01808&ll=31.21600,35.01808&z=17"
"תל באר שבע","31.20971, 35.03384","IAA",25,false,"https://www.google.com/maps?q=31.20971,35.03384&ll=31.20971,35.03384&z=17"
"תל באר שבע","31.24178, 35.07472","IAA",25,false,"https://www.google.com/maps?q=31.24178,35.07472&ll=31.24178,35.07472&z=17"
"תל באר שבע","31.23384, 34.91781","IAA",25,false,"https://www.google.com/maps?q=31.23384,34.91781&ll=31.23384,34.91781&z=17"
"תל באר שבע","31.23432, 34.92778","IAA",25,false,"https://www.google.com/maps?q=31.23432,34.92778&ll=31.23432,34.92778&z=17"
"תל באר שבע","31.22859, 34.99917","IAA",25,false,"https://www.google.com/maps?q=31.22859,34.99917&ll=31.22859,34.99917&z=17"
"תל באר שבע","31.22387, 34.89685","IAA",25,false,"https://www.google.com/maps?q=31.22387,34.89685&ll=31.22387,34.89685&z=17"
"תל באר שבע","31.22885, 34.90313","IAA",25,false,"https://www.google.com/maps?q=31.22885,34.90313&ll=31.22885,34.90313&z=17"
"תל באר שבע","31.22569, 34.90314","IAA",25,false,"https://www.google.com/maps?q=31.22569,34.90314&ll=31.22569,34.90314&z=17"
"תל באר שבע","31.22479, 34.90367","IAA",25,false,"https://www.google.com/maps?q=31.22479,34.90367&ll=31.22479,34.90367&z=17"
"תל באר שבע","31.22841, 34.90943","IAA",25,false,"https://www.google.com/maps?q=31.22841,34.90943&ll=31.22841,34.90943&z=17"
"תל באר שבע","31.22165, 34.90998","IAA",25,false,"https://www.google.com/maps?q=31.22165,34.90998&ll=31.22165,34.90998&z=17"
"תל באר שבע","31.22494, 34.97189","IAA",25,false,"https://www.google.com/maps?q=31.22494,34.97189&ll=31.22494,34.97189&z=17"
"תל באר שבע","31.22994, 34.99392","IAA",25,false,"https://www.google.com/maps?q=31.22994,34.99392&ll=31.22994,34.99392&z=17"
"תל באר שבע","31.22223, 34.96822","IAA",25,false,"https://www.google.com/maps?q=31.22223,34.96822&ll=31.22223,34.96822&z=17"
"תל באר שבע","31.22405, 34.97766","IAA",25,false,"https://www.google.com/maps?q=31.22405,34.97766&ll=31.22405,34.97766&z=17"
"תל באר שבע","31.22450, 34.97976","IAA",25,false,"https://www.google.com/maps?q=31.22450,34.97976&ll=31.22450,34.97976&z=17"
"תל אביב","32.07632, 34.78947","https://he.wikipedia.org/wiki/%D7%AA%D7%9C_%D7%90%D7%91%D7%99%D7%91-%D7%99%D7%A4%D7%95",1,true,"https://www.google.com/maps?q=32.07632,34.78947&ll=32.07632,34.78947&z=17"
"א-ריינה","32.71667, 35.31667","https://en.wikipedia.org/wiki/Reineh",1,true,"https://www.google.com/maps?q=32.71667,35.31667&ll=32.71667,35.31667&z=17"
"אל-בצה","33.07744, 35.14262","IAA",4,true,"https://www.google.com/maps?q=33.07744,35.14262&ll=33.07744,35.14262&z=17"
"אל-בצה","51.81528, 24.95278","https://he.wikipedia.org/wiki/%D7%91%D7%99%D7%A6%D7%95%D7%AA_%D7%A4%D7%A8%D7%99%D7%A4%D7%99%D7%90%D7%98",4,false,"https://www.google.com/maps?q=51.81528,24.95278&ll=51.81528,24.95278&z=17"
"אל-בצה","31.84709, 35.51968","IAA",4,false,"https://www.google.com/maps?q=31.84709,35.51968&ll=31.84709,35.51968&z=17"
"אל-בצה","32.25556, 34.88432","IAA",4,false,"https://www.google.com/maps?q=32.25556,34.88432&ll=32.25556,34.88432&z=17"
"כפר מנחם","31.72980, 34.83302","https://he.wikipedia.org/wiki/%D7%9B%D7%A4%D7%A8_%D7%9E%D7%A0%D7%97%D7%9D",1,true,"https://www.google.com/maps?q=31.72980,34.83302&ll=31.72980,34.83302&z=17"
"אקבאטאנה","34.80167, 48.51389","https://en.wikipedia.org/wiki/Ecbatana",2,true,"https://www.google.com/maps?q=34.80167,48.51389&ll=34.80167,48.51389&z=17"
"אקבאטאנה","36.86667, 39.03333","https://he.wikipedia.org/wiki/%D7%A7%D7%A8%D7%91_%D7%97%D7%A8%D7%9F",2,false,"https://www.google.com/maps?q=36.86667,39.03333&ll=36.86667,39.03333&z=17"
"פרספוליס","29.93500, 52.89000","https://he.wikipedia.org/wiki/%D7%A4%D7%A8%D7%A1%D7%A4%D7%95%D7%9C%D7%99%D7%A1",1,true,"https://www.google.com/maps?q=29.93500,52.89000&ll=29.93500,52.89000&z=17"
"נקבת חזקיהו","31.77236, 35.23567","PhD",2,true,"https://www.google.com/maps?q=31.77236,35.23567&ll=31.77236,35.23567&z=17"
"נקבת חזקיהו","31.77236, 35.23567","https://he.wikipedia.org/wiki/%D7%A0%D7%A7%D7%91%D7%AA_%D7%94%D7%A9%D7%99%D7%9C%D7%95%D7%97",2,false,"https://www.google.com/maps?q=31.77236,35.23567&ll=31.77236,35.23567&z=17"
"שושן","32.18922, 48.25779","https://he.wikipedia.org/wiki/%D7%A9%D7%95%D7%A9%D7%9F_(%D7%A2%D7%99%D7%A8)",1,true,"https://www.google.com/maps?q=32.18922,48.25779&ll=32.18922,48.25779&z=17"
"אגם סליביה","31.96800, 35.44700","PhD",1,true,"https://www.google.com/maps?q=31.96800,35.44700&ll=31.96800,35.44700&z=17"
"ימת הלשון","31.50000, 35.45000","PhD",1,true,"https://www.google.com/maps?q=31.50000,35.45000&ll=31.50000,35.45000&z=17"
"סליביה IX","31.96800, 35.44700","PhD",1,true,"https://www.google.com/maps?q=31.96800,35.44700&ll=31.96800,35.44700&z=17"
"קרית גת","31.60910, 34.76490","https://he.wikipedia.org/wiki/%D7%A7%D7%A8%D7%99%D7%99%D7%AA_%D7%92%D7%AA",1,true,"https://www.google.com/maps?q=31.60910,34.76490&ll=31.60910,34.76490&z=17"
"ראס גידר","31.75000, 35.25000","PhD",2,true,"https://www.google.com/maps?q=31.75000,35.25000&ll=31.75000,35.25000&z=17"
"ראס גידר","31.77137, 35.24358","https://he.wikipedia.org/wiki/%D7%A8%D7%90%D7%A1_%D7%90%D7%9C-%D7%A2%D7%9E%D7%95%D7%93",2,false,"https://www.google.com/maps?q=31.77137,35.24358&ll=31.77137,35.24358&z=17"
"חורבת בורק","32.67495, 34.93989","https://he.wikipedia.org/wiki/%D7%A9%D7%99%D7%99%D7%97%27_%D7%91%D7%A8%D7%90%D7%A7",3,true,"https://www.google.com/maps?q=32.67495,34.93989&ll=32.67495,34.93989&z=17"
"חורבת בורק","32.50203, 35.02282","IAA",3,false,"https://www.google.com/maps?q=32.50203,35.02282&ll=32.50203,35.02282&z=17"
"חורבת בורק","32.50427, 35.01909","IAA",3,false,"https://www.google.com/maps?q=32.50427,35.01909&ll=32.50427,35.01909&z=17"
"כפר עג'ול","32.02861, 35.21333","https://en.wikipedia.org/wiki/Ajjul",2,true,"https://www.google.com/maps?q=32.02861,35.21333&ll=32.02861,35.21333&z=17"
"כפר עג'ול","32.02278, 35.18028","https://he.wikipedia.org/wiki/%D7%A2%D7%92%27%D7%95%D7%9C",2,false,"https://www.google.com/maps?q=32.02278,35.18028&ll=32.02278,35.18028&z=17"
"פרגמון","39.13250, 27.18420","https://en.wikipedia.org/wiki/Pergamon",2,true,"https://www.google.com/maps?q=39.13250,27.18420&ll=39.13250,27.18420&z=17"
"פרגמון","39.12947, 27.18412","https://he.wikipedia.org/wiki/%D7%A4%D7%A8%D7%92%D7%9E%D7%95%D7%9F",2,false,"https://www.google.com/maps?q=39.12947,27.18412&ll=39.12947,27.18412&z=17"
"חורבת זיכרין","32.07194, 34.96694","PhD",2,true,"https://www.google.com/maps?q=32.07194,34.96694&ll=32.07194,34.96694&z=17"
"חורבת זיכרין","31.66306, 35.12333","https://he.wikipedia.org/wiki/%D7%97%D7%A8%D7%91%D7%AA_%D7%91%D7%99%D7%AA_%D7%96%D7%9B%D7%A8%D7%99%D7%94",2,false,"https://www.google.com/maps?q=31.66306,35.12333&ll=31.66306,35.12333&z=17"
"חורבת לבד","32.05000, 35.01667","https://survey.iaa.org.il/",2,true,"https://www.google.com/maps?q=32.05000,35.01667&ll=32.05000,35.01667&z=17"
"חורבת לבד","31.68914, 35.02132","https://he.wikipedia.org/wiki/%D7%97%D7%95%D7%A8%D7%91%D7%AA_%D7%91%D7%99%D7%AA_%D7%94%D7%91%D7%93",2,false,"https://www.google.com/maps?q=31.68914,35.02132&ll=31.68914,35.02132&z=17"
"מנהרת המעיין בגבעון","31.84830, 35.18670","PhD",2,true,"https://www.google.com/maps?q=31.84830,35.18670&ll=31.84830,35.18670&z=17"
"מנהרת המעיין בגבעון","31.77236, 35.23567","https://he.wikipedia.org/wiki/%D7%A0%D7%A7%D7%91%D7%AA_%D7%94%D7%A9%D7%99%D7%9C%D7%95%D7%97",2,false,"https://www.google.com/maps?q=31.77236,35.23567&ll=31.77236,35.23567&z=17"
"פיר וורן","31.77310, 35.23610","PhD",2,true,"https://www.google.com/maps?q=31.77310,35.23610&ll=31.77310,35.23610&z=17"
"פיר וורן","31.77310, 35.23610","https://he.wikipedia.org/wiki/%D7%A4%D7%99%D7%A8_%D7%95%D7%95%D7%A8%D7%9F",2,false,"https://www.google.com/maps?q=31.77310,35.23610&ll=31.77310,35.23610&z=17"
"תל גרר","31.39120, 34.68160","https://he.wikipedia.org/wiki/%D7%AA%D7%9C_%D7%A9%D7%A8%D7%A2",1,true,"https://www.google.com/maps?q=31.39120,34.68160&ll=31.39120,34.68160&z=17"
"תל סעידיה","32.32194, 35.56000","https://he.wikipedia.org/wiki/%D7%AA%D7%9C_%D7%90-%D7%A1%D7%A2%D7%99%D7%93%D7%99%D7%94",1,true,"https://www.google.com/maps?q=32.32194,35.56000&ll=32.32194,35.56000&z=17"
"גשר בנות יעקב","33.01028, 35.62829","https://he.wikipedia.org/wiki/%D7%92%D7%A9%D7%A8_%D7%91%D7%A0%D7%95%D7%AA_%D7%99%D7%A2%D7%A7%D7%91",4,true,"https://www.google.com/maps?q=33.01028,35.62829&ll=33.01028,35.62829&z=17"
"גשר בנות יעקב","33.01365, 35.62833","IAA",4,false,"https://www.google.com/maps?q=33.01365,35.62833&ll=33.01365,35.62833&z=17"
"גשר בנות יעקב","33.00733, 35.62906","IAA",4,false,"https://www.google.com/maps?q=33.00733,35.62906&ll=33.00733,35.62906&z=17"
"גשר בנות יעקב","33.01091, 35.63817","IAA",4,false,"https://www.google.com/maps?q=33.01091,35.63817&ll=33.01091,35.63817&z=17"
"חצבה","30.76806, 35.27986","https://he.wikipedia.org/wiki/%D7%97%D7%A6%D7%91%D7%94",4,true,"https://www.google.com/maps?q=30.76806,35.27986&ll=30.76806,35.27986&z=17"
"חצבה","30.80845, 35.24567","IAA",4,false,"https://www.google.com/maps?q=30.80845,35.24567&ll=30.80845,35.24567&z=17"
"חצבה","30.81026, 35.24358","IAA",4,false,"https://www.google.com/maps?q=30.81026,35.24358&ll=30.81026,35.24358&z=17"
"חצבה","30.80936, 35.24463","IAA",4,false,"https://www.google.com/maps?q=30.80936,35.24463&ll=30.80936,35.24463&z=17"
"כורסי","32.82609, 35.65038","https://he.wikipedia.org/wiki/%D7%9B%D7%95%D7%A8%D7%A1%D7%99",4,true,"https://www.google.com/maps?q=32.82609,35.65038&ll=32.82609,35.65038&z=17"
"כורסי","32.82784, 35.64284","IAA",4,false,"https://www.google.com/maps?q=32.82784,35.64284&ll=32.82784,35.64284&z=17"
"כורסי","32.82601, 35.65031","IAA",4,false,"https://www.google.com/maps?q=32.82601,35.65031&ll=32.82601,35.65031&z=17"
"כורסי","32.82684, 35.64460","IAA",4,false,"https://www.google.com/maps?q=32.82684,35.64460&ll=32.82684,35.64460&z=17"
"עין עבדת","30.84156, 34.77998","IAA",6,true,"https://www.google.com/maps?q=30.84156,34.77998&ll=30.84156,34.77998&z=17"
"עין עבדת","30.84011, 34.77779","IAA",6,false,"https://www.google.com/maps?q=30.84011,34.77779&ll=30.84011,34.77779&z=17"
"עין עבדת","30.82639, 34.76639","https://he.wikipedia.org/wiki/%D7%A2%D7%99%D7%9F_%D7%A2%D7%91%D7%93%D7%AA",6,false,"https://www.google.com/maps?q=30.82639,34.76639&ll=30.82639,34.76639&z=17"
"עין עבדת","30.84065, 34.77790","IAA",6,false,"https://www.google.com/maps?q=30.84065,34.77790&ll=30.84065,34.77790&z=17"
"עין עבדת","30.84029, 34.77852","IAA",6,false,"https://www.google.com/maps?q=30.84029,34.77852&ll=30.84029,34.77852&z=17"
"עין עבדת","30.84147, 34.77862","IAA",6,false,"https://www.google.com/maps?q=30.84147,34.77862&ll=30.84147,34.77862&z=17"
"בארות מים","31.96405, 34.80494","https://he.wikipedia.org/wiki/%D7%9E%D7%A6%D7%90%D7%A0%D7%95_%D7%9E%D7%99%D7%9D_(%D7%91%D7%90%D7%A8)",1,true,"https://www.google.com/maps?q=31.96405,34.80494&ll=31.96405,34.80494&z=17"
"מערת היונים","32.92009, 35.21826","https://he.wikipedia.org/wiki/%D7%9E%D7%A2%D7%A8%D7%AA_%D7%94%D7%99%D7%95%D7%A0%D7%99%D7%9D",2,true,"https://www.google.com/maps?q=32.92009,35.21826&ll=32.92009,35.21826&z=17"
"מערת היונים","32.60883, 35.16184","IAA",2,false,"https://www.google.com/maps?q=32.60883,35.16184&ll=32.60883,35.16184&z=17"
"פצאל","32.04412, 35.44923","https://he.wikipedia.org/wiki/%D7%A4%D7%A6%D7%90%D7%9C",1,true,"https://www.google.com/maps?q=32.04412,35.44923&ll=32.04412,35.44923&z=17"
"באר התורכית בנחל חורשה עילי","31.92821, 34.86638","https://he.wikipedia.org/wiki/%D7%A8%D7%9E%D7%9C%D7%94",1,true,"https://www.google.com/maps?q=31.92821,34.86638&ll=31.92821,34.86638&z=17"
"חיפה","32.80375, 35.00874","https://he.wikipedia.org/wiki/%D7%97%D7%99%D7%A4%D7%94",1,true,"https://www.google.com/maps?q=32.80375,35.00874&ll=32.80375,35.00874&z=17"
"עין ע'זל","31.98800, 35.97600","https://en.wikipedia.org/wiki/Ayn_Ghazal_(archaeological_site)",2,true,"https://www.google.com/maps?q=31.98800,35.97600&ll=31.98800,35.97600&z=17"
"עין ע'זל","31.98800, 35.97600","https://en.wikipedia.org/wiki/Ayn_Ghazal_statues",2,false,"https://www.google.com/maps?q=31.98800,35.97600&ll=31.98800,35.97600&z=17"
"באר ח'רבת ג'אראסור","36.85000, 42.90000","https://en.wikipedia.org/wiki/Halaf_culture",1,true,"https://www.google.com/maps?q=36.85000,42.90000&ll=36.85000,42.90000&z=17"
"תעלת השקיה","15.88222, 77.82889","https://en.wikipedia.org/wiki/K._C._Canal",1,true,"https://www.google.com/maps?q=15.88222,77.82889&ll=15.88222,77.82889&z=17"
"אזרק","31.83333, 36.81667","https://he.wikipedia.org/wiki/%D7%90%D7%9C-%D7%90%D7%96%D7%A8%D7%A7",1,true,"https://www.google.com/maps?q=31.83333,36.81667&ll=31.83333,36.81667&z=17"
"בארי (אבן אל-גאזי)","31.98800, 35.97600","https://en.wikipedia.org/wiki/Ayn_Ghazal_(archaeological_site)",2,true,"https://www.google.com/maps?q=31.98800,35.97600&ll=31.98800,35.97600&z=17"
"בארי (אבן אל-גאזי)","36.89103, 38.35361","https://en.wikipedia.org/wiki/Kobani",2,false,"https://www.google.com/maps?q=36.89103,38.35361&ll=36.89103,38.35361&z=17"
"בייסמון","33.08605, 35.61037","PhD",2,true,"https://www.google.com/maps?q=33.08605,35.61037&ll=33.08605,35.61037&z=17"
"בייסמון","33.09750, 35.58167","https://en.wikipedia.org/wiki/Baysamun",2,false,"https://www.google.com/maps?q=33.09750,35.58167&ll=33.09750,35.58167&z=17"
"בריכה (אבן אל-גאזי)","31.98800, 35.97600","https://en.wikipedia.org/wiki/Ayn_Ghazal_(archaeological_site)",4,true,"https://www.google.com/maps?q=31.98800,35.97600&ll=31.98800,35.97600&z=17"
"בריכה (אבן אל-גאזי)","34.55444, 38.26278","https://he.wikipedia.org/wiki/%D7%94%D7%90%D7%A8%D7%99%D7%94_%D7%A9%D7%9C_%D7%90%D7%9C-%D7%9C%D7%90%D7%AA",4,false,"https://www.google.com/maps?q=34.55444,38.26278&ll=34.55444,38.26278&z=17"
"בריכה (אבן אל-גאזי)","32.55830, 34.97585","IAA",4,false,"https://www.google.com/maps?q=32.55830,34.97585&ll=32.55830,34.97585&z=17"
"בריכה (אבן אל-גאזי)","31.47309, 35.37429","IAA",4,false,"https://www.google.com/maps?q=31.47309,35.37429&ll=31.47309,35.37429&z=17"
"מעיין אלישע","31.87049, 35.44476","https://he.wikipedia.org/wiki/%D7%9E%D7%A2%D7%99%D7%99%D7%9F_%D7%90%D7%9C%D7%99%D7%A9%D7%A2",1,true,"https://www.google.com/maps?q=31.87049,35.44476&ll=31.87049,35.44476&z=17"
"מעיינות עינן","32.10442, 34.92678","https://he.wikipedia.org/wiki/%D7%9E%D7%A2%D7%99%D7%99%D7%A0%D7%95%D7%AA_%D7%A8%D7%90%D7%A9_%D7%94%D7%A2%D7%99%D7%9F",1,true,"https://www.google.com/maps?q=32.10442,34.92678&ll=32.10442,34.92678&z=17"
"עין יפתחאל","32.75491, 35.22763","PhD",2,true,"https://www.google.com/maps?q=32.75491,35.22763&ll=32.75491,35.22763&z=17"
"עין יפתחאל","32.75540, 35.22770","https://he.wikipedia.org/wiki/%D7%99%D7%A4%D7%AA%D7%97%D7%90%D7%9C_(%D7%90%D7%AA%D7%A8_%D7%90%D7%A8%D7%9B%D7%90%D7%95%D7%9C%D7%95%D7%92%D7%99)",2,false,"https://www.google.com/maps?q=32.75540,35.22770&ll=32.75540,35.22770&z=17"
"רבי","32.75000, 35.50000","https://survey.iaa.org.il/",1,true,"https://www.google.com/maps?q=32.75000,35.50000&ll=32.75000,35.50000&z=17"
"תעלות מלאכותיות (אבן אל-גאזי)","31.98800, 35.97600","https://en.wikipedia.org/wiki/Ayn_Ghazal_(archaeological_site)",2,true,"https://www.google.com/maps?q=31.98800,35.97600&ll=31.98800,35.97600&z=17"
"תעלות מלאכותיות (אבן אל-גאזי)","24.20750, 55.74472","https://en.wikipedia.org/wiki/Al_Ain",2,false,"https://www.google.com/maps?q=24.20750,55.74472&ll=24.20750,55.74472&z=17"
"אגם (Ibaba)","14.52337, 121.15363","https://en.wikipedia.org/wiki/Angono",1,true,"https://www.google.com/maps?q=14.52337,121.15363&ll=14.52337,121.15363&z=17"
"Ibaba","-9.40000, 33.35000","https://en.wikipedia.org/wiki/Ibaba",1,true,"https://www.google.com/maps?q=-9.40000,33.35000&ll=-9.40000,33.35000&z=17"
"בורות מים (ביידא)","30.37889, 35.44750","https://en.wikipedia.org/wiki/Beidha_(Jordan)",2,true,"https://www.google.com/maps?q=30.37889,35.44750&ll=30.37889,35.44750&z=17"
"בורות מים (ביידא)","31.97750, 35.00972","https://he.wikipedia.org/wiki/%D7%A7%D7%99%D7%91%D7%99%D7%94",2,false,"https://www.google.com/maps?q=31.97750,35.00972&ll=31.97750,35.00972&z=17"
"ביר אבו רוג'ה","32.45639, 35.29583","https://he.wikipedia.org/wiki/%D7%92%27%D7%A0%D7%99%D7%9F",1,true,"https://www.google.com/maps?q=32.45639,35.29583&ll=32.45639,35.29583&z=17"
"גלגל","32.03300, 35.47570","https://en.wikipedia.org/wiki/Gilgal",1,true,"https://www.google.com/maps?q=32.03300,35.47570&ll=32.03300,35.47570&z=17"
"מעיין דיבדיבה","31.84830, 35.18670","PhD",1,true,"https://www.google.com/maps?q=31.84830,35.18670&ll=31.84830,35.18670&z=17"
"פטרה","30.32861, 35.44194","https://he.wikipedia.org/wiki/%D7%A4%D7%98%D7%A8%D7%94",1,true,"https://www.google.com/maps?q=30.32861,35.44194&ll=30.32861,35.44194&z=17"
"בור מלבני (כפר סמיר)","32.79361, 34.95750","PhD",2,true,"https://www.google.com/maps?q=32.79361,34.95750&ll=32.79361,34.95750&z=17"
"בור מלבני (כפר סמיר)","32.79971, 34.95956","https://he.wikipedia.org/wiki/%D7%9B%D7%A4%D7%A8_%D7%A1%D7%9E%D7%99%D7%A8",2,false,"https://www.google.com/maps?q=32.79971,34.95956&ll=32.79971,34.95956&z=17"
"בורות (חוף הכרמל)","32.78000, 34.95500","PhD",2,true,"https://www.google.com/maps?q=32.78000,34.95500&ll=32.78000,34.95500&z=17"
"בורות (חוף הכרמל)","32.64186, 34.92422","https://he.wikipedia.org/wiki/%D7%97%D7%95%D7%A3_%D7%93%D7%95%D7%A8-%D7%94%D7%91%D7%95%D7%A0%D7%99%D7%9D",2,false,"https://www.google.com/maps?q=32.64186,34.92422&ll=32.64186,34.92422&z=17"
"בורות עגולים (כפר גלים צפון)","32.77500, 34.95300","PhD",2,true,"https://www.google.com/maps?q=32.77500,34.95300&ll=32.77500,34.95300&z=17"
"בורות עגולים (כפר גלים צפון)","32.71083, 34.93515","https://he.wikipedia.org/wiki/%D7%94%D7%9B%D7%A4%D7%A8_%D7%94%D7%A0%D7%90%D7%95%D7%9C%D7%99%D7%AA%D7%99_%D7%91%D7%A2%D7%AA%D7%9C%D7%99%D7%AA-%D7%99%D7%9D",2,false,"https://www.google.com/maps?q=32.71083,34.93515&ll=32.71083,34.93515&z=17"
"כפר גלים","32.77500, 34.95300","PhD",2,true,"https://www.google.com/maps?q=32.77500,34.95300&ll=32.77500,34.95300&z=17"
"כפר גלים","32.76597, 34.95898","https://he.wikipedia.org/wiki/%D7%9B%D7%A4%D7%A8_%D7%92%D7%9C%D7%99%D7%9D",2,false,"https://www.google.com/maps?q=32.76597,34.95898&ll=32.76597,34.95898&z=17"
"נווה ים","32.67944, 34.93064","https://he.wikipedia.org/wiki/%D7%A0%D7%95%D7%95%D7%94_%D7%99%D7%9D",1,true,"https://www.google.com/maps?q=32.67944,34.93064&ll=32.67944,34.93064&z=17"
"תל חריז","32.58528, 35.18444","https://he.wikipedia.org/wiki/%D7%AA%D7%9C_%D7%9E%D7%92%D7%99%D7%93%D7%95",1,true,"https://www.google.com/maps?q=32.58528,35.18444&ll=32.58528,35.18444&z=17"
"באר עגולה (הצ'ילר VI)","37.59972, 30.08139","https://en.wikipedia.org/wiki/Hacilar",1,true,"https://www.google.com/maps?q=37.59972,30.08139&ll=37.59972,30.08139&z=17"
"באר רבועה (הצ'ילר II)","37.59972, 30.08139","https://en.wikipedia.org/wiki/Hacilar",2,true,"https://www.google.com/maps?q=37.59972,30.08139&ll=37.59972,30.08139&z=17"
"באר רבועה (הצ'ילר II)","39.95750, 26.23889","https://en.wikipedia.org/wiki/Troy",2,false,"https://www.google.com/maps?q=39.95750,26.23889&ll=39.95750,26.23889&z=17"
"בורדור","37.00000, 34.00000","https://he.wikipedia.org/wiki/%D7%94%D7%99%D7%9D_%D7%94%D7%AA%D7%99%D7%9B%D7%95%D7%9F_(%D7%9E%D7%97%D7%95%D7%96)",1,true,"https://www.google.com/maps?q=37.00000,34.00000&ll=37.00000,34.00000&z=17"
"מוסול","36.36667, 43.11667","https://he.wikipedia.org/wiki/%D7%9E%D7%95%D7%A1%D7%95%D7%9C",1,true,"https://www.google.com/maps?q=36.36667,43.11667&ll=36.36667,43.11667&z=17"
"נהר החידקל","38.43333, 39.77278","https://he.wikipedia.org/wiki/%D7%97%D7%99%D7%93%D7%A7%D7%9C",1,true,"https://www.google.com/maps?q=38.43333,39.77278&ll=38.43333,39.77278&z=17"
"נהר חוסר","31.81650, -114.80284","https://he.wikipedia.org/wiki/%D7%A7%D7%95%D7%9C%D7%95%D7%A8%D7%93%D7%95_(%D7%A0%D7%94%D7%A8)",1,true,"https://www.google.com/maps?q=31.81650,-114.80284&ll=31.81650,-114.80284&z=17"
"קוכהופן","48.14111, 11.57806","https://en.wikipedia.org/wiki/Munich_Residenz",1,true,"https://www.google.com/maps?q=48.14111,11.57806&ll=48.14111,11.57806&z=17"
"להב","31.37833, 34.87028","https://en.wikipedia.org/wiki/Lahav",1,true,"https://www.google.com/maps?q=31.37833,34.87028&ll=31.37833,34.87028&z=17"
"סככה","29.96972, 40.20000","https://en.wikipedia.org/wiki/Sakaka,_Saudi_Arabia",1,true,"https://www.google.com/maps?q=29.96972,40.20000&ll=29.96972,40.20000&z=17"
"ראגאיג'יל","29.80900, 39.90400","PhD",3,true,"https://www.google.com/maps?q=29.80900,39.90400&ll=29.80900,39.90400&z=17"
"ראגאיג'יל","29.80583, 40.21056","https://en.wikipedia.org/wiki/Rajajil",3,false,"https://www.google.com/maps?q=29.80583,40.21056&ll=29.80583,40.21056&z=17"
"ראגאיג'יל","29.81250, 40.22000","https://en.wikipedia.org/wiki/Columns_of_Rajajil",3,false,"https://www.google.com/maps?q=29.81250,40.22000&ll=29.81250,40.22000&z=17"
"עין גדי","31.46297, 35.39268","PhD",3,true,"https://www.google.com/maps?q=31.46297,35.39268&ll=31.46297,35.39268&z=17"
"עין גדי","31.46667, 35.39444","https://he.wikipedia.org/wiki/%D7%A2%D7%99%D7%9F_%D7%92%D7%93%D7%99_(%D7%A9%D7%9E%D7%95%D7%A8%D7%94)",3,false,"https://www.google.com/maps?q=31.46667,35.39444&ll=31.46667,35.39444&z=17"
"עין גדי","32.67056, 34.96810","IAA",3,false,"https://www.google.com/maps?q=32.67056,34.96810&ll=32.67056,34.96810&z=17"
"א-תל","31.91666, 35.26156","https://he.wikipedia.org/wiki/%D7%90-%D7%AA%D7%9C",1,true,"https://www.google.com/maps?q=31.91666,35.26156&ll=31.91666,35.26156&z=17"
"תל אפק","32.10507, 34.93041","IAA",3,true,"https://www.google.com/maps?q=32.10507,34.93041&ll=32.10507,34.93041&z=17"
"תל אפק","32.84478, 35.10862","IAA",3,false,"https://www.google.com/maps?q=32.84478,35.10862&ll=32.84478,35.10862&z=17"
"תל אפק","32.10500, 34.93042","https://he.wikipedia.org/wiki/%D7%AA%D7%9C_%D7%90%D7%A4%D7%A7_(%D7%90%D7%A0%D7%98%D7%99%D7%A4%D7%98%D7%A8%D7%99%D7%A1)",3,false,"https://www.google.com/maps?q=32.10500,34.93042&ll=32.10500,34.93042&z=17"
"אירביד","32.55556, 35.85000","https://he.wikipedia.org/wiki/%D7%90%D7%99%D7%A8%D7%91%D7%99%D7%93",1,true,"https://www.google.com/maps?q=32.55556,35.85000&ll=32.55556,35.85000&z=17"
"אום אל הווא","32.51913, 35.15165","https://he.wikipedia.org/wiki/%D7%90%D7%95%D7%9D_%D7%90%D7%9C-%D7%A4%D7%97%D7%9D",1,true,"https://www.google.com/maps?q=32.51913,35.15165&ll=32.51913,35.15165&z=17"
"נחל שכם","32.39613, 34.86570","https://he.wikipedia.org/wiki/%D7%A0%D7%97%D7%9C_%D7%90%D7%9C%D7%9B%D7%A1%D7%A0%D7%93%D7%A8",1,true,"https://www.google.com/maps?q=32.39613,34.86570&ll=32.39613,34.86570&z=17"
"ראס ג'דיר","32.31160, 35.41240","https://he.wikipedia.org/wiki/%D7%94%D7%A8_%D7%92%D7%93%D7%99%D7%A8",1,true,"https://www.google.com/maps?q=32.31160,35.41240&ll=32.31160,35.41240&z=17"
"תל אל-מוחפר","32.33800, 34.89600","https://survey.iaa.org.il/",1,true,"https://www.google.com/maps?q=32.33800,34.89600&ll=32.33800,34.89600&z=17"
"תל אל-מצלה","31.82316, 35.23105","https://he.wikipedia.org/wiki/%D7%AA%D7%9C_%D7%90%D7%9C_%D7%A4%D7%95%D7%9C",1,true,"https://www.google.com/maps?q=31.82316,35.23105&ll=31.82316,35.23105&z=17"
"תל דותן","32.41353, 35.23986","https://he.wikipedia.org/wiki/%D7%AA%D7%9C_%D7%93%D7%95%D7%AA%D7%9F",1,true,"https://www.google.com/maps?q=32.41353,35.23986&ll=32.41353,35.23986&z=17"
"עין אל גדירת","24.20750, 55.74472","https://he.wikipedia.org/wiki/%D7%90%D7%9C-%D7%A2%D7%99%D7%9F",1,true,"https://www.google.com/maps?q=24.20750,55.74472&ll=24.20750,55.74472&z=17"
"עין קדיס","30.55120, 34.46950","PhD",16,true,"https://www.google.com/maps?q=30.55120,34.46950&ll=30.55120,34.46950&z=17"
"עין קדיס","30.58994, 34.48344","IAA",16,false,"https://www.google.com/maps?q=30.58994,34.48344&ll=30.58994,34.48344&z=17"
"עין קדיס","30.58862, 34.48918","IAA",16,false,"https://www.google.com/maps?q=30.58862,34.48918&ll=30.58862,34.48918&z=17"
"עין קדיס","30.59409, 34.50009","IAA",16,false,"https://www.google.com/maps?q=30.59409,34.50009&ll=30.59409,34.50009&z=17"
"עין קדיס","30.59265, 34.48498","IAA",16,false,"https://www.google.com/maps?q=30.59265,34.48498&ll=30.59265,34.48498&z=17"
"עין קדיס","30.58995, 34.48552","IAA",16,false,"https://www.google.com/maps?q=30.58995,34.48552&ll=30.58995,34.48552&z=17"
"עין קדיס","30.59086, 34.48760","IAA",16,false,"https://www.google.com/maps?q=30.59086,34.48760&ll=30.59086,34.48760&z=17"
"עין קדיס","30.59090, 34.49490","IAA",16,false,"https://www.google.com/maps?q=30.59090,34.49490&ll=30.59090,34.49490&z=17"
"עין קדיס","30.58956, 34.49751","IAA",16,false,"https://www.google.com/maps?q=30.58956,34.49751&ll=30.58956,34.49751&z=17"
"עין קדיס","30.59093, 34.50063","IAA",16,false,"https://www.google.com/maps?q=30.59093,34.50063&ll=30.59093,34.50063&z=17"
"עין קדיס","30.59050, 34.50429","IAA",16,false,"https://www.google.com/maps?q=30.59050,34.50429&ll=30.59050,34.50429&z=17"
"עין קדיס","30.58918, 34.50951","IAA",16,false,"https://www.google.com/maps?q=30.58918,34.50951&ll=30.58918,34.50951&z=17"
"עין קדיס","30.59008, 34.51002","IAA",16,false,"https://www.google.com/maps?q=30.59008,34.51002&ll=30.59008,34.51002&z=17"
"עין קדיס","30.59323, 34.50896","IAA",16,false,"https://www.google.com/maps?q=30.59323,34.50896&ll=30.59323,34.50896&z=17"
"עין קדיס","30.59460, 34.51051","IAA",16,false,"https://www.google.com/maps?q=30.59460,34.51051&ll=30.59460,34.51051&z=17"
"עין קדיס","30.64195, 34.43819","https://he.wikipedia.org/wiki/%D7%A2%D7%99%D7%9F_%D7%A7%D7%93%D7%99%D7%A1",16,false,"https://www.google.com/maps?q=30.64195,34.43819&ll=30.64195,34.43819&z=17"
"רמאללה","31.90000, 35.20000","https://he.wikipedia.org/wiki/%D7%A8%D7%9E%D7%90%D7%9C%D7%9C%D7%94",1,true,"https://www.google.com/maps?q=31.90000,35.20000&ll=31.90000,35.20000&z=17"
"מרסה מטרוח שבמצרים","31.35278, 27.23611","https://en.wikipedia.org/wiki/Mersa_Matruh",2,true,"https://www.google.com/maps?q=31.35278,27.23611&ll=31.35278,27.23611&z=17"
"מרסה מטרוח שבמצרים","31.35278, 27.23611","https://he.wikipedia.org/wiki/%D7%9E%D7%A8%D7%A1%D7%90_%D7%9E%D7%98%D7%A8%D7%95%D7%97",2,false,"https://www.google.com/maps?q=31.35278,27.23611&ll=31.35278,27.23611&z=17"
"ערד החדשה","31.28173, 35.12535","PhD",2,true,"https://www.google.com/maps?q=31.28173,35.12535&ll=31.28173,35.12535&z=17"
"ערד החדשה","31.28083, 35.12500","https://he.wikipedia.org/wiki/%D7%AA%D7%9C_%D7%A2%D7%A8%D7%93",2,false,"https://www.google.com/maps?q=31.28083,35.12500&ll=31.28083,35.12500&z=17"
"צומת שוקת","31.31556, 34.89231","https://he.wikipedia.org/wiki/%D7%9E%D7%97%D7%9C%D7%A3_%D7%A9%D7%95%D7%A7%D7%AA",1,true,"https://www.google.com/maps?q=31.31556,34.89231&ll=31.31556,34.89231&z=17"
"מרסה מטרוח","31.35278, 27.23611","https://en.wikipedia.org/wiki/Mersa_Matruh",2,true,"https://www.google.com/maps?q=31.35278,27.23611&ll=31.35278,27.23611&z=17"
"מרסה מטרוח","31.35278, 27.23611","https://he.wikipedia.org/wiki/%D7%9E%D7%A8%D7%A1%D7%90_%D7%9E%D7%98%D7%A8%D7%95%D7%97",2,false,"https://www.google.com/maps?q=31.35278,27.23611&ll=31.35278,27.23611&z=17"
"ואדי רג'יל","32.33500, 37.00333","https://en.wikipedia.org/wiki/Jawa,_Jordan",1,true,"https://www.google.com/maps?q=32.33500,37.00333&ll=32.33500,37.00333&z=17"
"נווה יטבתה","29.89076, 35.05739","https://he.wikipedia.org/wiki/%D7%9E%D7%A6%D7%95%D7%93%D7%AA_%D7%99%D7%98%D7%91%D7%AA%D7%94_%D7%9E%D7%AA%D7%A7%D7%95%D7%A4%D7%AA_%D7%94%D7%91%D7%A8%D7%96%D7%9C",1,true,"https://www.google.com/maps?q=29.89076,35.05739&ll=29.89076,35.05739&z=17"
"בזריה","26.00000, 76.35000","https://en.wikipedia.org/wiki/Sawai_Madhopur",1,true,"https://www.google.com/maps?q=26.00000,76.35000&ll=26.00000,76.35000&z=17"
"ברקת","31.97950, 34.93520","PhD",15,true,"https://www.google.com/maps?q=31.97950,34.93520&ll=31.97950,34.93520&z=17"
"ברקת","32.01852, 34.94232","IAA",15,false,"https://www.google.com/maps?q=32.01852,34.94232&ll=32.01852,34.94232&z=17"
"ברקת","32.01673, 34.94868","IAA",15,false,"https://www.google.com/maps?q=32.01673,34.94868&ll=32.01673,34.94868&z=17"
"ברקת","32.01222, 34.94710","IAA",15,false,"https://www.google.com/maps?q=32.01222,34.94710&ll=32.01222,34.94710&z=17"
"ברקת","32.01403, 34.94868","IAA",15,false,"https://www.google.com/maps?q=32.01403,34.94868&ll=32.01403,34.94868&z=17"
"ברקת","32.01448, 34.94974","IAA",15,false,"https://www.google.com/maps?q=32.01448,34.94974&ll=32.01448,34.94974&z=17"
"ברקת","32.01312, 34.94657","IAA",15,false,"https://www.google.com/maps?q=32.01312,34.94657&ll=32.01312,34.94657&z=17"
"ברקת","32.01500, 34.94417","https://en.wikipedia.org/wiki/Bareket",15,false,"https://www.google.com/maps?q=32.01500,34.94417&ll=32.01500,34.94417&z=17"
"ברקת","32.52192, 35.06110","IAA",15,false,"https://www.google.com/maps?q=32.52192,35.06110&ll=32.52192,35.06110&z=17"
"ברקת","32.02485, 34.94653","IAA",15,false,"https://www.google.com/maps?q=32.02485,34.94653&ll=32.02485,34.94653&z=17"
"ברקת","32.02305, 34.95077","IAA",15,false,"https://www.google.com/maps?q=32.02305,34.95077&ll=32.02305,34.95077&z=17"
"ברקת","32.02574, 34.94124","IAA",15,false,"https://www.google.com/maps?q=32.02574,34.94124&ll=32.02574,34.94124&z=17"
"ברקת","32.01719, 34.95026","IAA",15,false,"https://www.google.com/maps?q=32.01719,34.95026&ll=32.01719,34.95026&z=17"
"ברקת","32.01494, 34.95080","IAA",15,false,"https://www.google.com/maps?q=32.01494,34.95080&ll=32.01494,34.95080&z=17"
"ברקת","32.01584, 34.95185","IAA",15,false,"https://www.google.com/maps?q=32.01584,34.95185&ll=32.01584,34.95185&z=17"
"מידיא","31.93250, 35.01180","PhD",2,true,"https://www.google.com/maps?q=31.93250,35.01180&ll=31.93250,35.01180&z=17"
"מידיא","32.00000, -6.00000","https://en.wikipedia.org/wiki/Morocco",2,false,"https://www.google.com/maps?q=32.00000,-6.00000&ll=32.00000,-6.00000&z=17"
"פחמה","32.38333, 35.17950","https://he.wikipedia.org/wiki/%D7%A4%D7%97%D7%9E%D7%94_(%D7%9B%D7%A4%D7%A8)",1,true,"https://www.google.com/maps?q=32.38333,35.17950&ll=32.38333,35.17950&z=17"
"שבתין","31.95420, 35.06850","PhD",2,true,"https://www.google.com/maps?q=31.95420,35.06850&ll=31.95420,35.06850&z=17"
"שבתין","31.97389, 35.04972","https://en.wikipedia.org/wiki/Shabtin",2,false,"https://www.google.com/maps?q=31.97389,35.04972&ll=31.97389,35.04972&z=17"
"תל ליד בזריה","32.30250, 35.16100","PhD",2,true,"https://www.google.com/maps?q=32.30250,35.16100&ll=32.30250,35.16100&z=17"
"תל ליד בזריה","32.09170, 34.80750","https://he.wikipedia.org/wiki/%D7%AA%D7%9C_%D7%A0%D7%A4%D7%95%D7%9C%D7%99%D7%90%D7%95%D7%9F",2,false,"https://www.google.com/maps?q=32.09170,34.80750&ll=32.09170,34.80750&z=17"
"תל מצפון לפחמה","32.41250, 35.18420","PhD",2,true,"https://www.google.com/maps?q=32.41250,35.18420&ll=32.41250,35.18420&z=17"
"תל מצפון לפחמה","32.51913, 35.15165","https://he.wikipedia.org/wiki/%D7%90%D7%95%D7%9D_%D7%90%D7%9C-%D7%A4%D7%97%D7%9D",2,false,"https://www.google.com/maps?q=32.51913,35.15165&ll=32.51913,35.15165&z=17"
"בן שמן","31.95287, 34.92288","https://he.wikipedia.org/wiki/%D7%91%D7%9F_%D7%A9%D7%9E%D7%9F",4,true,"https://www.google.com/maps?q=31.95287,34.92288&ll=31.95287,34.92288&z=17"
"בן שמן","31.95810, 34.93827","IAA",4,false,"https://www.google.com/maps?q=31.95810,34.93827&ll=31.95810,34.93827&z=17"
"בן שמן","31.95899, 34.93615","IAA",4,false,"https://www.google.com/maps?q=31.95899,34.93615&ll=31.95899,34.93615&z=17"
"בן שמן","31.95176, 34.92771","IAA",4,false,"https://www.google.com/maps?q=31.95176,34.92771&ll=31.95176,34.92771&z=17"
"חדרה","32.44791, 34.92191","IAA",35,true,"https://www.google.com/maps?q=32.44791,34.92191&ll=32.44791,34.92191&z=17"
"חדרה","32.44683, 34.92191","IAA",35,false,"https://www.google.com/maps?q=32.44683,34.92191&ll=32.44683,34.92191&z=17"
"חדרה","32.43402, 34.91940","IAA",35,false,"https://www.google.com/maps?q=32.43402,34.91940&ll=32.43402,34.91940&z=17"
"חדרה","32.43691, 34.92407","IAA",35,false,"https://www.google.com/maps?q=32.43691,34.92407&ll=32.43691,34.92407&z=17"
"חדרה","32.42099, 34.90434","IAA",35,false,"https://www.google.com/maps?q=32.42099,34.90434&ll=32.42099,34.90434&z=17"
"חדרה","32.44414, 34.92830","IAA",35,false,"https://www.google.com/maps?q=32.44414,34.92830&ll=32.44414,34.92830&z=17"
"חדרה","32.42966, 34.90814","IAA",35,false,"https://www.google.com/maps?q=32.42966,34.90814&ll=32.42966,34.90814&z=17"
"חדרה","32.43110, 34.90771","IAA",35,false,"https://www.google.com/maps?q=32.43110,34.90771&ll=32.43110,34.90771&z=17"
"חדרה","32.43133, 34.92855","IAA",35,false,"https://www.google.com/maps?q=32.43133,34.92855&ll=32.43133,34.92855&z=17"
"חדרה","32.43197, 34.93174","IAA",35,false,"https://www.google.com/maps?q=32.43197,34.93174&ll=32.43197,34.93174&z=17"
"חדרה","32.43292, 34.95577","IAA",35,false,"https://www.google.com/maps?q=32.43292,34.95577&ll=32.43292,34.95577&z=17"
"חדרה","32.42405, 34.90029","IAA",35,false,"https://www.google.com/maps?q=32.42405,34.90029&ll=32.42405,34.90029&z=17"
"חדרה","32.42443, 34.90944","IAA",35,false,"https://www.google.com/maps?q=32.42443,34.90944&ll=32.42443,34.90944&z=17"
"חדרה","32.42499, 34.91454","IAA",35,false,"https://www.google.com/maps?q=32.42499,34.91454&ll=32.42499,34.91454&z=17"
"חדרה","32.42161, 34.93687","IAA",35,false,"https://www.google.com/maps?q=32.42161,34.93687&ll=32.42161,34.93687&z=17"
"חדרה","32.42164, 34.95070","IAA",35,false,"https://www.google.com/maps?q=32.42164,34.95070&ll=32.42164,34.95070&z=17"
"חדרה","32.41615, 34.91435","IAA",35,false,"https://www.google.com/maps?q=32.41615,34.91435&ll=32.41615,34.91435&z=17"
"חדרה","32.43568, 34.91851","https://he.wikipedia.org/wiki/%D7%97%D7%93%D7%A8%D7%94",35,false,"https://www.google.com/maps?q=32.43568,34.91851&ll=32.43568,34.91851&z=17"
"חדרה","32.10932, 34.83186","IAA",35,false,"https://www.google.com/maps?q=32.10932,34.83186&ll=32.10932,34.83186&z=17"
"חדרה","32.41735, 35.09742","IAA",35,false,"https://www.google.com/maps?q=32.41735,35.09742&ll=32.41735,35.09742&z=17"
"חדרה","32.46933, 34.90375","IAA",35,false,"https://www.google.com/maps?q=32.46933,34.90375&ll=32.46933,34.90375&z=17"
"חדרה","32.41284, 35.09211","IAA",35,false,"https://www.google.com/maps?q=32.41284,35.09211&ll=32.41284,35.09211&z=17"
"חדרה","32.46478, 34.88994","IAA",35,false,"https://www.google.com/maps?q=32.46478,34.88994&ll=32.46478,34.88994&z=17"
"חדרה","32.46839, 34.89099","IAA",35,false,"https://www.google.com/maps?q=32.46839,34.89099&ll=32.46839,34.89099&z=17"
"חדרה","32.46570, 34.89526","IAA",35,false,"https://www.google.com/maps?q=32.46570,34.89526&ll=32.46570,34.89526&z=17"
"חדרה","32.46665, 34.91653","IAA",35,false,"https://www.google.com/maps?q=32.46665,34.91653&ll=32.46665,34.91653&z=17"
"חדרה","32.46480, 34.89845","IAA",35,false,"https://www.google.com/maps?q=32.46480,34.89845&ll=32.46480,34.89845&z=17"
"חדרה","32.45675, 34.92294","IAA",35,false,"https://www.google.com/maps?q=32.45675,34.92294&ll=32.45675,34.92294&z=17"
"חדרה","32.45766, 34.92506","IAA",35,false,"https://www.google.com/maps?q=32.45766,34.92506&ll=32.45766,34.92506&z=17"
"חדרה","32.46396, 34.92292","IAA",35,false,"https://www.google.com/maps?q=32.46396,34.92292&ll=32.46396,34.92292&z=17"
"חדרה","32.45948, 34.93570","IAA",35,false,"https://www.google.com/maps?q=32.45948,34.93570&ll=32.45948,34.93570&z=17"
"חדרה","32.44863, 34.92233","IAA",35,false,"https://www.google.com/maps?q=32.44863,34.92233&ll=32.44863,34.92233&z=17"
"חדרה","32.44504, 34.93021","IAA",35,false,"https://www.google.com/maps?q=32.44504,34.93021&ll=32.44504,34.93021&z=17"
"חדרה","32.43069, 34.96534","IAA",35,false,"https://www.google.com/maps?q=32.43069,34.96534&ll=32.43069,34.96534&z=17"
"חדרה","32.43467, 34.97192","IAA",35,false,"https://www.google.com/maps?q=32.43467,34.97192&ll=32.43467,34.97192&z=17"
"עין א-נטוף","31.87130, 35.25707","https://he.wikipedia.org/wiki/%D7%95%D7%90%D7%93%D7%99_%D7%90-%D7%A0%D7%98%D7%95%D7%A3",1,true,"https://www.google.com/maps?q=31.87130,35.25707&ll=31.87130,35.25707&z=17"
"בריכת המים בהעי","31.91690, 35.26080","PhD",1,true,"https://www.google.com/maps?q=31.91690,35.26080&ll=31.91690,35.26080&z=17"
"תל ירמות","31.70914, 34.97501","PhD",2,true,"https://www.google.com/maps?q=31.70914,34.97501&ll=31.70914,34.97501&z=17"
"תל ירמות","31.70830, 34.97500","https://he.wikipedia.org/wiki/%D7%AA%D7%9C_%D7%99%D7%A8%D7%9E%D7%95%D7%AA",2,false,"https://www.google.com/maps?q=31.70830,34.97500&ll=31.70830,34.97500&z=17"
"בארות","32.04086, 34.91043","https://he.wikipedia.org/wiki/%D7%91%D7%90%D7%A8%D7%95%D7%AA_%D7%99%D7%A6%D7%97%D7%A7",1,true,"https://www.google.com/maps?q=32.04086,34.91043&ll=32.04086,34.91043&z=17"
"ליש","33.24900, 35.65200","https://en.wikipedia.org/wiki/Dan_(ancient_city)",2,true,"https://www.google.com/maps?q=33.24900,35.65200&ll=33.24900,35.65200&z=17"
"ליש","33.24170, 35.64382","IAA",2,false,"https://www.google.com/maps?q=33.24170,35.64382&ll=33.24170,35.64382&z=17"
"עין גיח","32.96025, 35.09510","https://he.wikipedia.org/wiki/%D7%90%D7%9E%D7%AA_%D7%A2%D7%9B%D7%95",1,true,"https://www.google.com/maps?q=32.96025,35.09510&ll=32.96025,35.09510&z=17"
"עין שפע","31.46667, 35.39444","https://he.wikipedia.org/wiki/%D7%A2%D7%99%D7%9F_%D7%92%D7%93%D7%99_(%D7%A9%D7%9E%D7%95%D7%A8%D7%94)",1,true,"https://www.google.com/maps?q=31.46667,35.39444&ll=31.46667,35.39444&z=17"
"תל זרעה","32.65095, 35.28641","https://he.wikipedia.org/wiki/%D7%9E%D7%96%D7%A8%D7%A2",1,true,"https://www.google.com/maps?q=32.65095,35.28641&ll=32.65095,35.28641&z=17"
"בולען תל דן","33.24889, 35.65222","PhD",2,true,"https://www.google.com/maps?q=33.24889,35.65222&ll=33.24889,35.65222&z=17"
"בולען תל דן","31.92778, 35.07111","https://he.wikipedia.org/wiki/%D7%91%D7%9C%D7%A2%D7%99%D7%9F",2,false,"https://www.google.com/maps?q=31.92778,35.07111&ll=31.92778,35.07111&z=17"
"בית מרחץ בתל דן","33.24889, 35.65222","PhD",2,true,"https://www.google.com/maps?q=33.24889,35.65222&ll=33.24889,35.65222&z=17"
"בית מרחץ בתל דן","32.71796, 35.57186","https://he.wikipedia.org/wiki/%D7%AA%D7%9C_%D7%91%D7%99%D7%AA_%D7%99%D7%A8%D7%97",2,false,"https://www.google.com/maps?q=32.71796,35.57186&ll=32.71796,35.57186&z=17"
"מעיינות הדן","33.24889, 35.65222","PhD",2,true,"https://www.google.com/maps?q=33.24889,35.65222&ll=33.24889,35.65222&z=17"
"מעיינות הדן","31.91637, 35.14002","https://he.wikipedia.org/wiki/%D7%A2%D7%99%D7%9F_%D7%91%D7%95%D7%91%D7%99%D7%9F",2,false,"https://www.google.com/maps?q=31.91637,35.14002&ll=31.91637,35.14002&z=17"
"נימפיאון בתל דן","33.24889, 35.65222","PhD",2,true,"https://www.google.com/maps?q=33.24889,35.65222&ll=33.24889,35.65222&z=17"
"נימפיאון בתל דן","31.77698, 35.23447","https://he.wikipedia.org/wiki/%D7%9E%D7%A0%D7%94%D7%A8%D7%95%D7%AA_%D7%94%D7%9B%D7%95%D7%AA%D7%9C",2,false,"https://www.google.com/maps?q=31.77698,35.23447&ll=31.77698,35.23447&z=17"
"תעלה בתל דן","33.24889, 35.65222","PhD",2,true,"https://www.google.com/maps?q=33.24889,35.65222&ll=33.24889,35.65222&z=17"
"תעלה בתל דן","33.24727, 35.65327","https://he.wikipedia.org/wiki/%D7%A9%D7%9E%D7%95%D7%A8%D7%AA_%D7%AA%D7%9C_%D7%93%D7%9F",2,false,"https://www.google.com/maps?q=33.24727,35.65327&ll=33.24727,35.65327&z=17"
"מי יריחו","31.85611, 35.46306","https://he.wikipedia.org/wiki/%D7%99%D7%A8%D7%99%D7%97%D7%95",1,true,"https://www.google.com/maps?q=31.85611,35.46306&ll=31.85611,35.46306&z=17"
"מעיין הגיחון","31.77406, 35.23584","PhD",2,true,"https://www.google.com/maps?q=31.77406,35.23584&ll=31.77406,35.23584&z=17"
"מעיין הגיחון","31.77292, 35.23638","https://he.wikipedia.org/wiki/%D7%92%D7%99%D7%97%D7%95%D7%9F",2,false,"https://www.google.com/maps?q=31.77292,35.23638&ll=31.77292,35.23638&z=17"
"עין השילוח","31.77406, 35.23584","PhD",4,true,"https://www.google.com/maps?q=31.77406,35.23584&ll=31.77406,35.23584&z=17"
"עין השילוח","31.77056, 35.23500","https://he.wikipedia.org/wiki/%D7%91%D7%A8%D7%99%D7%9B%D7%AA_%D7%94%D7%A9%D7%99%D7%9C%D7%95%D7%97",4,false,"https://www.google.com/maps?q=31.77056,35.23500&ll=31.77056,35.23500&z=17"
"עין השילוח","32.55830, 34.97585","IAA",4,false,"https://www.google.com/maps?q=32.55830,34.97585&ll=32.55830,34.97585&z=17"
"עין השילוח","31.47309, 35.37429","IAA",4,false,"https://www.google.com/maps?q=31.47309,35.37429&ll=31.47309,35.37429&z=17"
"עין אום דרג","32.84970, 35.73800","https://he.wikipedia.org/wiki/%D7%A2%D7%99%D7%9F_%D7%A7%D7%A9%D7%AA%D7%95%D7%AA",1,true,"https://www.google.com/maps?q=32.84970,35.73800&ll=32.84970,35.73800&z=17"
"עין התנין","32.54750, 34.91500","https://he.wikipedia.org/wiki/%D7%A0%D7%97%D7%9C_%D7%AA%D7%A0%D7%99%D7%A0%D7%99%D7%9D",1,true,"https://www.google.com/maps?q=32.54750,34.91500&ll=32.54750,34.91500&z=17"
"עין סית מרים","31.77333, 35.23556","PhD",1,true,"https://www.google.com/maps?q=31.77333,35.23556&ll=31.77333,35.23556&z=17"
"תעלה I (גיחון)","31.77406, 35.23584","PhD",2,true,"https://www.google.com/maps?q=31.77406,35.23584&ll=31.77406,35.23584&z=17"
"תעלה I (גיחון)","31.77309, 35.23607","https://en.wikipedia.org/wiki/Warren%27s_Shaft",2,false,"https://www.google.com/maps?q=31.77309,35.23607&ll=31.77309,35.23607&z=17"
"המגדל (גיחון)","31.77406, 35.23584","PhD",3,true,"https://www.google.com/maps?q=31.77406,35.23584&ll=31.77406,35.23584&z=17"
"המגדל (גיחון)","31.77306, 35.23639","https://en.wikipedia.org/wiki/Gihon_Spring",3,false,"https://www.google.com/maps?q=31.77306,35.23639&ll=31.77306,35.23639&z=17"
"המגדל (גיחון)","31.66928, 34.59653","IAA",3,false,"https://www.google.com/maps?q=31.66928,34.59653&ll=31.66928,34.59653&z=17"
"המנהרה (פיר וורן)","31.77310, 35.23610","https://he.wikipedia.org/wiki/%D7%A4%D7%99%D7%A8_%D7%95%D7%95%D7%A8%D7%9F",1,true,"https://www.google.com/maps?q=31.77310,35.23610&ll=31.77310,35.23610&z=17"
"תעלה II (גיחון)","31.77406, 35.23584","PhD",2,true,"https://www.google.com/maps?q=31.77406,35.23584&ll=31.77406,35.23584&z=17"
"תעלה II (גיחון)","31.77236, 35.23567","https://he.wikipedia.org/wiki/%D7%A0%D7%A7%D7%91%D7%AA_%D7%94%D7%A9%D7%99%D7%9C%D7%95%D7%97",2,false,"https://www.google.com/maps?q=31.77236,35.23567&ll=31.77236,35.23567&z=17"
"תעלה III (גיחון)","31.77406, 35.23584","PhD",2,true,"https://www.google.com/maps?q=31.77406,35.23584&ll=31.77406,35.23584&z=17"
"תעלה III (גיחון)","31.77309, 35.23607","https://en.wikipedia.org/wiki/Warren%27s_Shaft",2,false,"https://www.google.com/maps?q=31.77309,35.23607&ll=31.77309,35.23607&z=17"
"המערה הדרומית (גיחון)","31.77406, 35.23584","PhD",2,true,"https://www.google.com/maps?q=31.77406,35.23584&ll=31.77406,35.23584&z=17"
"המערה הדרומית (גיחון)","31.77236, 35.23567","https://he.wikipedia.org/wiki/%D7%A0%D7%A7%D7%91%D7%AA_%D7%94%D7%A9%D7%99%D7%9C%D7%95%D7%97",2,false,"https://www.google.com/maps?q=31.77236,35.23567&ll=31.77236,35.23567&z=17"
"בריכה הישנה (ירושלים)","31.77406, 35.23584","PhD",2,true,"https://www.google.com/maps?q=31.77406,35.23584&ll=31.77406,35.23584&z=17"
"בריכה הישנה (ירושלים)","31.77056, 35.23500","https://en.wikipedia.org/wiki/Pool_of_Siloam",2,false,"https://www.google.com/maps?q=31.77056,35.23500&ll=31.77056,35.23500&z=17"
"גן המלך","31.76961, 35.23592","https://he.wikipedia.org/wiki/%D7%92%D7%9F_%D7%94%D7%9E%D7%9C%D7%9A",1,true,"https://www.google.com/maps?q=31.76961,35.23592&ll=31.76961,35.23592&z=17"
"בירכת אל-חמרה","31.77056, 35.23500","https://he.wikipedia.org/wiki/%D7%91%D7%A8%D7%99%D7%9B%D7%AA_%D7%94%D7%A9%D7%99%D7%9C%D7%95%D7%97",1,true,"https://www.google.com/maps?q=31.77056,35.23500&ll=31.77056,35.23500&z=17"
"חומס","34.73333, 36.71667","https://he.wikipedia.org/wiki/%D7%97%D7%95%D7%9E%D7%A1",1,true,"https://www.google.com/maps?q=34.73333,36.71667&ll=34.73333,36.71667&z=17"
"ניקבת חזקיהו","31.77236, 35.23567","https://he.wikipedia.org/wiki/%D7%A0%D7%A7%D7%91%D7%AA_%D7%94%D7%A9%D7%99%D7%9C%D7%95%D7%97",1,true,"https://www.google.com/maps?q=31.77236,35.23567&ll=31.77236,35.23567&z=17"
"נקבת השילוח","31.77406, 35.23584","PhD",2,true,"https://www.google.com/maps?q=31.77406,35.23584&ll=31.77406,35.23584&z=17"
"נקבת השילוח","31.77236, 35.23567","https://he.wikipedia.org/wiki/%D7%A0%D7%A7%D7%91%D7%AA_%D7%94%D7%A9%D7%99%D7%9C%D7%95%D7%97",2,false,"https://www.google.com/maps?q=31.77236,35.23567&ll=31.77236,35.23567&z=17"
"תל משריפה","34.83500, 36.86583","https://en.wikipedia.org/wiki/Qatna",1,true,"https://www.google.com/maps?q=34.83500,36.86583&ll=34.83500,36.86583&z=17"
"מפעל המים של גבעון","31.84830, 35.18670","PhD",2,true,"https://www.google.com/maps?q=31.84830,35.18670&ll=31.84830,35.18670&z=17"
"מפעל המים של גבעון","31.84925, 35.17104","https://he.wikipedia.org/wiki/%D7%9E%D7%97%D7%A0%D7%94_%D7%92%D7%91%D7%A2%D7%95%D7%9F",2,false,"https://www.google.com/maps?q=31.84925,35.17104&ll=31.84925,35.17104&z=17"
"מפעל מים בתל גריסה","32.09100, 34.80500","PhD",2,true,"https://www.google.com/maps?q=32.09100,34.80500&ll=32.09100,34.80500&z=17"
"מפעל מים בתל גריסה","32.09170, 34.80750","https://he.wikipedia.org/wiki/%D7%AA%D7%9C_%D7%A0%D7%A4%D7%95%D7%9C%D7%99%D7%90%D7%95%D7%9F",2,false,"https://www.google.com/maps?q=32.09170,34.80750&ll=32.09170,34.80750&z=17"
"תל-אביב","32.07632, 34.78947","https://he.wikipedia.org/wiki/%D7%AA%D7%9C_%D7%90%D7%91%D7%99%D7%91-%D7%99%D7%A4%D7%95",1,true,"https://www.google.com/maps?q=32.07632,34.78947&ll=32.07632,34.78947&z=17"
"מפעל מים בתל גזר","31.86000, 34.92500","PhD",2,true,"https://www.google.com/maps?q=31.86000,34.92500&ll=31.86000,34.92500&z=17"
"מפעל מים בתל גזר","31.85987, 34.91964","https://he.wikipedia.org/wiki/%D7%AA%D7%9C_%D7%92%D7%96%D7%A8",2,false,"https://www.google.com/maps?q=31.85987,34.91964&ll=31.85987,34.91964&z=17"
"מעיין הגיחון בירושלים","31.77406, 35.23584","PhD",2,true,"https://www.google.com/maps?q=31.77406,35.23584&ll=31.77406,35.23584&z=17"
"מעיין הגיחון בירושלים","31.77292, 35.23638","https://he.wikipedia.org/wiki/%D7%92%D7%99%D7%97%D7%95%D7%9F",2,false,"https://www.google.com/maps?q=31.77292,35.23638&ll=31.77292,35.23638&z=17"
"באר בתל נאמי","32.65833, 34.91944","PhD",2,true,"https://www.google.com/maps?q=32.65833,34.91944&ll=32.65833,34.91944&z=17"
"באר בתל נאמי","31.73421, 34.72305","https://he.wikipedia.org/wiki/%D7%91%D7%90%D7%A8_%D7%98%D7%95%D7%91%D7%99%D7%94",2,false,"https://www.google.com/maps?q=31.73421,34.72305&ll=31.73421,34.72305&z=17"
"מפעל מים בחצור","33.01750, 35.56833","PhD",2,true,"https://www.google.com/maps?q=33.01750,35.56833&ll=33.01750,35.56833&z=17"
"מפעל מים בחצור","32.98207, 35.54358","https://he.wikipedia.org/wiki/%D7%97%D7%A6%D7%95%D7%A8_%D7%94%D7%92%D7%9C%D7%99%D7%9C%D7%99%D7%AA",2,false,"https://www.google.com/maps?q=32.98207,35.54358&ll=32.98207,35.54358&z=17"
"מפעל מים במגידו","32.58556, 35.18472","PhD",2,true,"https://www.google.com/maps?q=32.58556,35.18472&ll=32.58556,35.18472&z=17"
"מפעל מים במגידו","32.58528, 35.18444","https://he.wikipedia.org/wiki/%D7%AA%D7%9C_%D7%9E%D7%92%D7%99%D7%93%D7%95",2,false,"https://www.google.com/maps?q=32.58528,35.18444&ll=32.58528,35.18444&z=17"
"עין אל-קובי","31.72599, 35.11713","https://he.wikipedia.org/wiki/%D7%A2%D7%99%D7%9F_%D7%A7%D7%95%D7%91%D7%99",1,true,"https://www.google.com/maps?q=31.72599,35.11713&ll=31.72599,35.11713&z=17"
"באר בלכיש","31.56500, 34.84900","PhD",2,true,"https://www.google.com/maps?q=31.56500,34.84900&ll=31.56500,34.84900&z=17"
"באר בלכיש","31.51497, 34.93599","https://he.wikipedia.org/wiki/%D7%A9%D7%A7%D7%A3",2,false,"https://www.google.com/maps?q=31.51497,34.93599&ll=31.51497,34.93599&z=17"
"באר בתל הרור","31.38210, 34.60650","https://he.wikipedia.org/wiki/%D7%AA%D7%9C_%D7%94%D7%A8%D7%95%D7%A8",1,true,"https://www.google.com/maps?q=31.38210,34.60650&ll=31.38210,34.60650&z=17"
"קרית-גת","31.60910, 34.76490","https://he.wikipedia.org/wiki/%D7%A7%D7%A8%D7%99%D7%99%D7%AA_%D7%92%D7%AA",1,true,"https://www.google.com/maps?q=31.60910,34.76490&ll=31.60910,34.76490&z=17"
"באר באבלה","31.26180, 34.80920","https://he.wikipedia.org/wiki/%D7%AA%D7%97%D7%A0%D7%AA_%D7%94%D7%A8%D7%9B%D7%91%D7%AA_%D7%91%D7%90%D7%A8_%D7%A9%D7%91%D7%A2_%E2%80%93_%D7%A6%D7%A4%D7%95%D7%9F_/_%D7%90%D7%95%D7%A0%D7%99%D7%91%D7%A8%D7%A1%D7%99%D7%98%D7%94",1,true,"https://www.google.com/maps?q=31.26180,34.80920&ll=31.26180,34.80920&z=17"
"באר בבוצרה","32.51861, 36.48194","https://en.wikipedia.org/wiki/Bosra",2,true,"https://www.google.com/maps?q=32.51861,36.48194&ll=32.51861,36.48194&z=17"
"באר בבוצרה","32.51833, 36.48056","https://en.wikipedia.org/wiki/Bosra",2,false,"https://www.google.com/maps?q=32.51833,36.48056&ll=32.51833,36.48056&z=17"
"נחל טובס","32.33780, 35.51250","https://en.wikipedia.org/wiki/Wadi_el_Maleh",1,true,"https://www.google.com/maps?q=32.33780,35.51250&ll=32.33780,35.51250&z=17"
"נחל מליח","32.32914, 35.47861","https://he.wikipedia.org/wiki/%D7%97%D7%9E%D7%90%D7%9D_%D7%90%D7%9C-%D7%9E%D7%9C%D7%99%D7%97",1,true,"https://www.google.com/maps?q=32.32914,35.47861&ll=32.32914,35.47861&z=17"
"באר רסיסים","30.90000, 34.65000","PhD",2,true,"https://www.google.com/maps?q=30.90000,34.65000&ll=30.90000,34.65000&z=17"
"באר רסיסים","33.23300, 35.74926","https://he.wikipedia.org/wiki/%D7%9E%D7%A4%D7%9C_%D7%A8%D7%A1%D7%99%D7%A1%D7%99%D7%9D",2,false,"https://www.google.com/maps?q=33.23300,35.74926&ll=33.23300,35.74926&z=17"
"משאבי שדה","31.00327, 34.78623","https://he.wikipedia.org/wiki/%D7%9E%D7%A9%D7%90%D7%91%D7%99_%D7%A9%D7%93%D7%94",8,true,"https://www.google.com/maps?q=31.00327,34.78623&ll=31.00327,34.78623&z=17"
"משאבי שדה","30.99993, 34.80388","IAA",8,false,"https://www.google.com/maps?q=30.99993,34.80388&ll=30.99993,34.80388&z=17"
"משאבי שדה","31.02067, 34.80065","IAA",8,false,"https://www.google.com/maps?q=31.02067,34.80065&ll=31.02067,34.80065&z=17"
"משאבי שדה","31.01072, 34.79336","IAA",8,false,"https://www.google.com/maps?q=31.01072,34.79336&ll=31.01072,34.79336&z=17"
"משאבי שדה","31.00084, 34.80597","IAA",8,false,"https://www.google.com/maps?q=31.00084,34.80597&ll=31.00084,34.80597&z=17"
"משאבי שדה","30.99449, 34.79238","IAA",8,false,"https://www.google.com/maps?q=30.99449,34.79238&ll=30.99449,34.79238&z=17"
"משאבי שדה","30.99090, 34.79868","IAA",8,false,"https://www.google.com/maps?q=30.99090,34.79868&ll=30.99090,34.79868&z=17"
"משאבי שדה","30.99360, 34.79762","IAA",8,false,"https://www.google.com/maps?q=30.99360,34.79762&ll=30.99360,34.79762&z=17"
"עין זיק","30.80490, 34.85664","IAA",1,true,"https://www.google.com/maps?q=30.80490,34.85664&ll=30.80490,34.85664&z=17"
"תל אל-יהודייה","32.03083, 34.89028","https://he.wikipedia.org/wiki/%D7%99%D7%94%D7%95%D7%93%D7%99%D7%99%D7%94_(%D7%A2%D7%91%D7%90%D7%A1%D7%99%D7%99%D7%94)",1,true,"https://www.google.com/maps?q=32.03083,34.89028&ll=32.03083,34.89028&z=17"
"אל ח'שנה","32.38631, 35.48197","https://he.wikipedia.org/wiki/%D7%91%D7%A8%D7%93%D7%9C%D7%94",1,true,"https://www.google.com/maps?q=32.38631,35.48197&ll=32.38631,35.48197&z=17"
"ג'נין","32.45639, 35.29583","https://he.wikipedia.org/wiki/%D7%92%27%D7%A0%D7%99%D7%9F",1,true,"https://www.google.com/maps?q=32.45639,35.29583&ll=32.45639,35.29583&z=17"
"חירבת זעתרה","31.67545, 35.25549","https://he.wikipedia.org/wiki/%D7%96%D7%A2%D7%AA%D7%A8%D7%94",1,true,"https://www.google.com/maps?q=31.67545,35.25549&ll=31.67545,35.25549&z=17"
"חירבת מסעוד","31.75694, 35.14889","https://he.wikipedia.org/wiki/%D7%90%D7%9C-%D7%92%27%D7%95%D7%A8%D7%94_(%D7%99%D7%A8%D7%95%D7%A9%D7%9C%D7%99%D7%9D)",1,true,"https://www.google.com/maps?q=31.75694,35.14889&ll=31.75694,35.14889&z=17"
"חירבת רס כור","35.70778, 39.83361","https://he.wikipedia.org/wiki/%D7%AA%D7%A7%D7%99%D7%A4%D7%AA_%D7%94%D7%9B%D7%95%D7%A8_%D7%94%D7%92%D7%A8%D7%A2%D7%99%D7%A0%D7%99_%D7%91%D7%A1%D7%95%D7%A8%D7%99%D7%94",1,true,"https://www.google.com/maps?q=35.70778,39.83361&ll=35.70778,39.83361&z=17"
"יעבד","32.44613, 35.17211","https://he.wikipedia.org/wiki/%D7%99%D7%A2%D7%91%D7%93",1,true,"https://www.google.com/maps?q=32.44613,35.17211&ll=32.44613,35.17211&z=17"
"כפר חרס","32.11861, 35.15694","https://en.wikipedia.org/wiki/Kifl_Haris",1,true,"https://www.google.com/maps?q=32.11861,35.15694&ll=32.11861,35.15694&z=17"
"כפר לבד","32.29751, 35.10938","https://he.wikipedia.org/wiki/%D7%9B%D7%A4%D7%A8_%D7%90-%D7%9C%D7%91%D7%93",1,true,"https://www.google.com/maps?q=32.29751,35.10938&ll=32.29751,35.10938&z=17"
"סנור","32.35692, 35.24571","https://he.wikipedia.org/wiki/%D7%A1%D7%90%D7%A0%D7%95%D7%A8",1,true,"https://www.google.com/maps?q=32.35692,35.24571&ll=32.35692,35.24571&z=17"
"עגיה","31.90000, 35.20000","PhD",1,true,"https://www.google.com/maps?q=31.90000,35.20000&ll=31.90000,35.20000&z=17"
"ענבתה","32.30722, 35.11694","https://en.wikipedia.org/wiki/Anabta",1,true,"https://www.google.com/maps?q=32.30722,35.11694&ll=32.30722,35.11694&z=17"
"שכה","31.68249, 34.97382","https://he.wikipedia.org/wiki/%D7%A9%D7%95%D7%9B%D7%94_(%D7%A9%D7%A4%D7%9C%D7%AA_%D7%99%D7%94%D7%95%D7%93%D7%94)",1,true,"https://www.google.com/maps?q=31.68249,34.97382&ll=31.68249,34.97382&z=17"
"אקרופוליס של אתונה","37.97153, 23.72583","https://en.wikipedia.org/wiki/Acropolis_of_Athens",2,true,"https://www.google.com/maps?q=37.97153,23.72583&ll=37.97153,23.72583&z=17"
"אקרופוליס של אתונה","37.97167, 23.72611","https://he.wikipedia.org/wiki/%D7%94%D7%90%D7%A7%D7%A8%D7%95%D7%A4%D7%95%D7%9C%D7%99%D7%A1_%D7%91%D7%90%D7%AA%D7%95%D7%A0%D7%94",2,false,"https://www.google.com/maps?q=37.97167,23.72611&ll=37.97167,23.72611&z=17"
"בית אגרטל הלוחם","37.73083, 22.75611","https://en.wikipedia.org/wiki/Warrior_Vase",1,true,"https://www.google.com/maps?q=37.73083,22.75611&ll=37.73083,22.75611&z=17"
"מעיין פרסיאה","37.73083, 22.75611","https://en.wikipedia.org/wiki/Mycenae",1,true,"https://www.google.com/maps?q=37.73083,22.75611&ll=37.73083,22.75611&z=17"
"אוצר אטריאוסי","37.72682, 22.75387","https://en.wikipedia.org/wiki/Treasury_of_Atreus",1,true,"https://www.google.com/maps?q=37.72682,22.75387&ll=37.72682,22.75387&z=17"
"כפר הפועלים, דיר אל מדינה","25.72833, 32.60139","https://he.wikipedia.org/wiki/%D7%93%D7%99%D7%A8_%D7%90%D7%9C-%D7%9E%D7%93%D7%99%D7%A0%D7%94",1,true,"https://www.google.com/maps?q=25.72833,32.60139&ll=25.72833,32.60139&z=17"
"פגדי העליון","31.88000, 35.46000","PhD",1,true,"https://www.google.com/maps?q=31.88000,35.46000&ll=31.88000,35.46000&z=17"
"פגדי התחתון","31.88000, 35.46000","PhD",1,true,"https://www.google.com/maps?q=31.88000,35.46000&ll=31.88000,35.46000&z=17"
"מנהרת המים בחצור","33.01750, 35.56833","PhD",2,true,"https://www.google.com/maps?q=33.01750,35.56833&ll=33.01750,35.56833&z=17"
"מנהרת המים בחצור","32.98206, 35.55833","https://he.wikipedia.org/wiki/%D7%AA%D7%97%D7%A0%D7%AA_%D7%94%D7%A8%D7%9B%D7%91%D7%AA_%D7%A6%D7%97%22%D7%A8",2,false,"https://www.google.com/maps?q=32.98206,35.55833&ll=32.98206,35.55833&z=17"
"מפעל המים בתענך","32.52083, 35.22167","PhD",2,true,"https://www.google.com/maps?q=32.52083,35.22167&ll=32.52083,35.22167&z=17"
"מפעל המים בתענך","32.58528, 35.18444","https://he.wikipedia.org/wiki/%D7%AA%D7%9C_%D7%9E%D7%92%D7%99%D7%93%D7%95",2,false,"https://www.google.com/maps?q=32.58528,35.18444&ll=32.58528,35.18444&z=17"
"בריכה 4162 באשדוד","31.75139, 34.65472","PhD",1,true,"https://www.google.com/maps?q=31.75139,34.65472&ll=31.75139,34.65472&z=17"
"בור ניקוז 4160 באשדוד","31.75139, 34.65472","PhD",1,true,"https://www.google.com/maps?q=31.75139,34.65472&ll=31.75139,34.65472&z=17"
"העולם המיקני","51.50139, -0.17889","https://he.wikipedia.org/wiki/%D7%94%D7%A7%D7%95%D7%9C%D7%92%27_%D7%94%D7%9E%D7%9C%D7%9B%D7%95%D7%AA%D7%99_%D7%9C%D7%90%D7%9E%D7%A0%D7%95%D7%AA",1,true,"https://www.google.com/maps?q=51.50139,-0.17889&ll=51.50139,-0.17889&z=17"
"באר תל גריסה","32.09327, 34.80648","PhD",2,true,"https://www.google.com/maps?q=32.09327,34.80648&ll=32.09327,34.80648&z=17"
"באר תל גריסה","32.09170, 34.80750","https://he.wikipedia.org/wiki/%D7%AA%D7%9C_%D7%A0%D7%A4%D7%95%D7%9C%D7%99%D7%90%D7%95%D7%9F",2,false,"https://www.google.com/maps?q=32.09170,34.80750&ll=32.09170,34.80750&z=17"
"טנטורה","32.60940, 34.91768","https://he.wikipedia.org/wiki/%D7%98%D7%A0%D7%98%D7%95%D7%A8%D7%94",1,true,"https://www.google.com/maps?q=32.60940,34.91768&ll=32.60940,34.91768&z=17"
"באר תל באר שבע","31.24566, 34.83643","PhD",2,true,"https://www.google.com/maps?q=31.24566,34.83643&ll=31.24566,34.83643&z=17"
"באר תל באר שבע","31.25311, 34.78671","https://he.wikipedia.org/wiki/%D7%91%D7%90%D7%A8_%D7%A9%D7%91%D7%A2",2,false,"https://www.google.com/maps?q=31.25311,34.78671&ll=31.25311,34.78671&z=17"
"ארגמן","32.17247, 35.52199","https://he.wikipedia.org/wiki/%D7%90%D7%A8%D7%92%D7%9E%D7%9F_(%D7%9E%D7%95%D7%A9%D7%91)",1,true,"https://www.google.com/maps?q=32.17247,35.52199&ll=32.17247,35.52199&z=17"
"צפון","54.60750, -6.69250","https://he.wikipedia.org/wiki/%D7%A6%D7%A4%D7%95%D7%9F_%D7%90%D7%99%D7%A8%D7%9C%D7%A0%D7%93",1,true,"https://www.google.com/maps?q=54.60750,-6.69250&ll=54.60750,-6.69250&z=17"
"צרתן","32.09580, 35.46140","https://en.wikipedia.org/wiki/Zaretan",1,true,"https://www.google.com/maps?q=32.09580,35.46140&ll=32.09580,35.46140&z=17"
"נחל כופרינג'ה","32.31722, 35.57000","https://he.wikipedia.org/wiki/%D7%91%D7%A7%D7%A2%D7%AA_%D7%94%D7%99%D7%A8%D7%93%D7%9F",1,true,"https://www.google.com/maps?q=32.31722,35.57000&ll=32.31722,35.57000&z=17"
"מעיין של העי","31.91690, 35.26080","PhD",2,true,"https://www.google.com/maps?q=31.91690,35.26080&ll=31.91690,35.26080&z=17"
"מעיין של העי","31.98925, 35.33333","https://he.wikipedia.org/wiki/%D7%A2%D7%99%D7%9F_%D7%A1%D7%9E%D7%99%D7%94",2,false,"https://www.google.com/maps?q=31.98925,35.33333&ll=31.98925,35.33333&z=17"
"אל-בירה","32.60914, 35.50308","IAA",8,true,"https://www.google.com/maps?q=32.60914,35.50308&ll=32.60914,35.50308&z=17"
"אל-בירה","31.90514, 35.21496","https://he.wikipedia.org/wiki/%D7%90%D7%9C-%D7%91%D7%99%D7%A8%D7%94",8,false,"https://www.google.com/maps?q=31.90514,35.21496&ll=31.90514,35.21496&z=17"
"אל-בירה","32.98735, 35.77522","IAA",8,false,"https://www.google.com/maps?q=32.98735,35.77522&ll=32.98735,35.77522&z=17"
"אל-בירה","32.60823, 35.50415","IAA",8,false,"https://www.google.com/maps?q=32.60823,35.50415&ll=32.60823,35.50415&z=17"
"אל-בירה","32.90072, 35.16841","IAA",8,false,"https://www.google.com/maps?q=32.90072,35.16841&ll=32.90072,35.16841&z=17"
"אל-בירה","32.98599, 35.77736","IAA",8,false,"https://www.google.com/maps?q=32.98599,35.77736&ll=32.98599,35.77736&z=17"
"אל-בירה","31.66849, 34.62079","IAA",8,false,"https://www.google.com/maps?q=31.66849,34.62079&ll=31.66849,34.62079&z=17"
"אל-בירה","31.66941, 34.62500","IAA",8,false,"https://www.google.com/maps?q=31.66941,34.62500&ll=31.66941,34.62500&z=17"
"נחל דישון","33.06791, 35.48695","https://he.wikipedia.org/wiki/%D7%A9%D7%9E%D7%95%D7%A8%D7%AA_%D7%A0%D7%97%D7%9C_%D7%93%D7%99%D7%A9%D7%95%D7%9F",1,true,"https://www.google.com/maps?q=33.06791,35.48695&ll=33.06791,35.48695&z=17"
"עין כרם","31.76673, 35.16200","https://he.wikipedia.org/wiki/%D7%A2%D7%99%D7%9F_%D7%9B%D7%A8%D7%9D",1,true,"https://www.google.com/maps?q=31.76673,35.16200&ll=31.76673,35.16200&z=17"
"רחובות שבנגב","31.03170, 34.56500","https://he.wikipedia.org/wiki/%D7%A8%D7%97%D7%95%D7%91%D7%95%D7%AA_%D7%91%D7%A0%D7%92%D7%91",1,true,"https://www.google.com/maps?q=31.03170,34.56500&ll=31.03170,34.56500&z=17"
"אתר גילה","31.73139, 35.18639","https://he.wikipedia.org/wiki/%D7%92%D7%99%D7%9C%D7%94",1,true,"https://www.google.com/maps?q=31.73139,35.18639&ll=31.73139,35.18639&z=17"
"עזבת צרטה","32.10424, 34.96432","IAA",2,true,"https://www.google.com/maps?q=32.10424,34.96432&ll=32.10424,34.96432&z=17"
"עזבת צרטה","32.10460, 34.96450","https://he.wikipedia.org/wiki/%D7%A2%D7%96%D7%91%D7%AA_%D7%A6%D7%A8%D7%98%D7%94",2,false,"https://www.google.com/maps?q=32.10460,34.96450&ll=32.10460,34.96450&z=17"
"תל אל פול","31.82316, 35.23105","https://he.wikipedia.org/wiki/%D7%AA%D7%9C_%D7%90%D7%9C_%D7%A4%D7%95%D7%9C",1,true,"https://www.google.com/maps?q=31.82316,35.23105&ll=31.82316,35.23105&z=17"
"תל בית מירסים","31.45000, 34.91667","https://he.wikipedia.org/wiki/%D7%AA%D7%9C_%D7%91%D7%99%D7%AA_%D7%9E%D7%99%D7%A8%D7%A1%D7%99%D7%9D",1,true,"https://www.google.com/maps?q=31.45000,34.91667&ll=31.45000,34.91667&z=17"
"תל פרעה צפון","32.09170, 34.80750","https://he.wikipedia.org/wiki/%D7%AA%D7%9C_%D7%A0%D7%A4%D7%95%D7%9C%D7%99%D7%90%D7%95%D7%9F",1,true,"https://www.google.com/maps?q=32.09170,34.80750&ll=32.09170,34.80750&z=17"
"מפעל המים של מגידו - ה'גלריה","32.58556, 35.18472","PhD",2,true,"https://www.google.com/maps?q=32.58556,35.18472&ll=32.58556,35.18472&z=17"
"מפעל המים של מגידו - ה'גלריה","31.85900, 34.91900","https://en.wikipedia.org/wiki/Gezer",2,false,"https://www.google.com/maps?q=31.85900,34.91900&ll=31.85900,34.91900&z=17"
"מפעל המים של מגידו - הבאר","32.58556, 35.18472","PhD",2,true,"https://www.google.com/maps?q=32.58556,35.18472&ll=32.58556,35.18472&z=17"
"מפעל המים של מגידו - הבאר","32.58528, 35.18444","https://he.wikipedia.org/wiki/%D7%AA%D7%9C_%D7%9E%D7%92%D7%99%D7%93%D7%95",2,false,"https://www.google.com/maps?q=32.58528,35.18444&ll=32.58528,35.18444&z=17"
"מפעל המים של מגידו - המערה","32.58556, 35.18472","PhD",2,true,"https://www.google.com/maps?q=32.58556,35.18472&ll=32.58556,35.18472&z=17"
"מפעל המים של מגידו - המערה","32.58528, 35.18444","https://he.wikipedia.org/wiki/%D7%AA%D7%9C_%D7%9E%D7%92%D7%99%D7%93%D7%95",2,false,"https://www.google.com/maps?q=32.58528,35.18444&ll=32.58528,35.18444&z=17"
"מפעל המים של מגידו - באר 1074","32.58556, 35.18472","PhD",2,true,"https://www.google.com/maps?q=32.58556,35.18472&ll=32.58556,35.18472&z=17"
"מפעל המים של מגידו - באר 1074","32.67076, 34.96626","https://he.wikipedia.org/wiki/%D7%9E%D7%A2%D7%A8%D7%AA_%D7%94%D7%A0%D7%97%D7%9C",2,false,"https://www.google.com/maps?q=32.67076,34.96626&ll=32.67076,34.96626&z=17"
"מפעל המים של מגידו - ה'גלריה' 629","32.58556, 35.18472","PhD",1,true,"https://www.google.com/maps?q=32.58556,35.18472&ll=32.58556,35.18472&z=17"
"מפעל המים של מגידו - הקיר החוסם","32.58556, 35.18472","PhD",2,true,"https://www.google.com/maps?q=32.58556,35.18472&ll=32.58556,35.18472&z=17"
"מפעל המים של מגידו - הקיר החוסם","32.58528, 35.18444","https://he.wikipedia.org/wiki/%D7%AA%D7%9C_%D7%9E%D7%92%D7%99%D7%93%D7%95",2,false,"https://www.google.com/maps?q=32.58528,35.18444&ll=32.58528,35.18444&z=17"
"מפעל המים של מגידו - חומה 325","32.58556, 35.18472","PhD",2,true,"https://www.google.com/maps?q=32.58556,35.18472&ll=32.58556,35.18472&z=17"
"מפעל המים של מגידו - חומה 325","32.58528, 35.18444","https://he.wikipedia.org/wiki/%D7%AA%D7%9C_%D7%9E%D7%92%D7%99%D7%93%D7%95",2,false,"https://www.google.com/maps?q=32.58528,35.18444&ll=32.58528,35.18444&z=17"
"מפעל המים של מגידו - מערה 1008","32.58556, 35.18472","PhD",1,true,"https://www.google.com/maps?q=32.58556,35.18472&ll=32.58556,35.18472&z=17"
"מפעל המים של מגידו - מערה 1010","32.58556, 35.18472","PhD",2,true,"https://www.google.com/maps?q=32.58556,35.18472&ll=32.58556,35.18472&z=17"
"מפעל המים של מגידו - מערה 1010","32.58528, 35.18444","https://he.wikipedia.org/wiki/%D7%AA%D7%9C_%D7%9E%D7%92%D7%99%D7%93%D7%95",2,false,"https://www.google.com/maps?q=32.58528,35.18444&ll=32.58528,35.18444&z=17"
"מפעל המים של מגידו - גרם מדרגות 951","32.58556, 35.18472","PhD",1,true,"https://www.google.com/maps?q=32.58556,35.18472&ll=32.58556,35.18472&z=17"
"מפעל המים של מגידו - גרם מדרגות 965","32.58556, 35.18472","PhD",2,true,"https://www.google.com/maps?q=32.58556,35.18472&ll=32.58556,35.18472&z=17"
"מפעל המים של מגידו - גרם מדרגות 965","31.00000, 35.00000","https://he.wikipedia.org/wiki/%D7%92%D7%90%D7%95%D7%92%D7%A8%D7%A4%D7%99%D7%94_%D7%A9%D7%9C_%D7%90%D7%A8%D7%A5_%D7%99%D7%A9%D7%A8%D7%90%D7%9C",2,false,"https://www.google.com/maps?q=31.00000,35.00000&ll=31.00000,35.00000&z=17"
"מפעל המים של מגידו - המנהרה","32.58556, 35.18472","PhD",2,true,"https://www.google.com/maps?q=32.58556,35.18472&ll=32.58556,35.18472&z=17"
"מפעל המים של מגידו - המנהרה","32.58528, 35.18444","https://he.wikipedia.org/wiki/%D7%AA%D7%9C_%D7%9E%D7%92%D7%99%D7%93%D7%95",2,false,"https://www.google.com/maps?q=32.58528,35.18444&ll=32.58528,35.18444&z=17"
"מפעל המים של מגידו - הפיר","32.58556, 35.18472","PhD",3,true,"https://www.google.com/maps?q=32.58556,35.18472&ll=32.58556,35.18472&z=17"
"מפעל המים של מגידו - הפיר","32.58528, 35.18444","https://he.wikipedia.org/wiki/%D7%AA%D7%9C_%D7%9E%D7%92%D7%99%D7%93%D7%95",3,false,"https://www.google.com/maps?q=32.58528,35.18444&ll=32.58528,35.18444&z=17"
"מפעל המים של מגידו - הפיר","32.53984, 35.43686","IAA",3,false,"https://www.google.com/maps?q=32.53984,35.43686&ll=32.53984,35.43686&z=17"
"מפעל המים של מגידו - המנהרה המזרחית 1845","32.58556, 35.18472","PhD",2,true,"https://www.google.com/maps?q=32.58556,35.18472&ll=32.58556,35.18472&z=17"
"מפעל המים של מגידו - המנהרה המזרחית 1845","53.13528, 23.14556","https://he.wikipedia.org/wiki/%D7%91%D7%99%D7%90%D7%9C%D7%99%D7%A1%D7%98%D7%95%D7%A7",2,false,"https://www.google.com/maps?q=53.13528,23.14556&ll=53.13528,23.14556&z=17"
"מפעל המים של מגידו - הקיר החוסם 1007","32.58556, 35.18472","PhD",2,true,"https://www.google.com/maps?q=32.58556,35.18472&ll=32.58556,35.18472&z=17"
"מפעל המים של מגידו - הקיר החוסם 1007","31.00000, 35.00000","https://en.wikipedia.org/wiki/Israel",2,false,"https://www.google.com/maps?q=31.00000,35.00000&ll=31.00000,35.00000&z=17"
"לוכסור","25.69667, 32.64444","https://en.wikipedia.org/wiki/Luxor",1,true,"https://www.google.com/maps?q=25.69667,32.64444&ll=25.69667,32.64444&z=17"
"מפעל המים של מגידו - גלריה 629","32.58556, 35.18472","PhD",2,true,"https://www.google.com/maps?q=32.58556,35.18472&ll=32.58556,35.18472&z=17"
"מפעל המים של מגידו - גלריה 629","53.13528, 23.14556","https://he.wikipedia.org/wiki/%D7%91%D7%99%D7%90%D7%9C%D7%99%D7%A1%D7%98%D7%95%D7%A7",2,false,"https://www.google.com/maps?q=53.13528,23.14556&ll=53.13528,23.14556&z=17"
"מפעל המים של מגידו - מדרגות 1292","32.58556, 35.18472","PhD",1,true,"https://www.google.com/maps?q=32.58556,35.18472&ll=32.58556,35.18472&z=17"
"מפעל המים של מגידו - מדרגות 951","32.58556, 35.18472","PhD",1,true,"https://www.google.com/maps?q=32.58556,35.18472&ll=32.58556,35.18472&z=17"
"מפעל המים של מגידו - מדרגות בנויות במנהרה המשופעת 1116","32.58556, 35.18472","PhD",2,true,"https://www.google.com/maps?q=32.58556,35.18472&ll=32.58556,35.18472&z=17"
"מפעל המים של מגידו - מדרגות בנויות במנהרה המשופעת 1116","32.80375, 35.00874","https://he.wikipedia.org/wiki/%D7%97%D7%99%D7%A4%D7%94",2,false,"https://www.google.com/maps?q=32.80375,35.00874&ll=32.80375,35.00874&z=17"
"מפעל המים של מגידו - מנהרה 1000","32.58556, 35.18472","PhD",2,true,"https://www.google.com/maps?q=32.58556,35.18472&ll=32.58556,35.18472&z=17"
"מפעל המים של מגידו - מנהרה 1000","32.09996, 34.77781","https://he.wikipedia.org/wiki/%D7%A0%D7%97%D7%9C_%D7%94%D7%99%D7%A8%D7%A7%D7%95%D7%9F",2,false,"https://www.google.com/maps?q=32.09996,34.77781&ll=32.09996,34.77781&z=17"
"מפעל המים של מגידו - מנהרה מזרחית 1845","32.58556, 35.18472","PhD",2,true,"https://www.google.com/maps?q=32.58556,35.18472&ll=32.58556,35.18472&z=17"
"מפעל המים של מגידו - מנהרה מזרחית 1845","53.13528, 23.14556","https://he.wikipedia.org/wiki/%D7%91%D7%99%D7%90%D7%9C%D7%99%D7%A1%D7%98%D7%95%D7%A7",2,false,"https://www.google.com/maps?q=53.13528,23.14556&ll=53.13528,23.14556&z=17"
"מפעל המים של מגידו - מערה ראשית 1008","32.58556, 35.18472","PhD",1,true,"https://www.google.com/maps?q=32.58556,35.18472&ll=32.58556,35.18472&z=17"
"מפעל המים של מגידו - עמדת השומר 1010","32.58556, 35.18472","PhD",2,true,"https://www.google.com/maps?q=32.58556,35.18472&ll=32.58556,35.18472&z=17"
"מפעל המים של מגידו - עמדת השומר 1010","32.58528, 35.18444","https://he.wikipedia.org/wiki/%D7%AA%D7%9C_%D7%9E%D7%92%D7%99%D7%93%D7%95",2,false,"https://www.google.com/maps?q=32.58528,35.18444&ll=32.58528,35.18444&z=17"
"מפעל המים של מגידו - פיר 925","32.58556, 35.18472","PhD",2,true,"https://www.google.com/maps?q=32.58556,35.18472&ll=32.58556,35.18472&z=17"
"מפעל המים של מגידו - פיר 925","31.85987, 34.91964","https://he.wikipedia.org/wiki/%D7%AA%D7%9C_%D7%92%D7%96%D7%A8",2,false,"https://www.google.com/maps?q=31.85987,34.91964&ll=31.85987,34.91964&z=17"
"מפעל המים של מגידו - קיר חוסם 1007","32.58556, 35.18472","PhD",2,true,"https://www.google.com/maps?q=32.58556,35.18472&ll=32.58556,35.18472&z=17"
"מפעל המים של מגידו - קיר חוסם 1007","31.00000, 35.00000","https://en.wikipedia.org/wiki/Israel",2,false,"https://www.google.com/maps?q=31.00000,35.00000&ll=31.00000,35.00000&z=17"
"ביר סינג'יל","32.03314, 35.26432","https://he.wikipedia.org/wiki/%D7%A1%D7%99%D7%A0%D7%92%27%D7%99%D7%9C",1,true,"https://www.google.com/maps?q=32.03314,35.26432&ll=32.03314,35.26432&z=17"
"מפעל המים של מגידו - קיר 667","32.58556, 35.18472","PhD",2,true,"https://www.google.com/maps?q=32.58556,35.18472&ll=32.58556,35.18472&z=17"
"מפעל המים של מגידו - קיר 667","33.10000, 44.10000","https://en.wikipedia.org/wiki/Akkadian_Empire",2,false,"https://www.google.com/maps?q=33.10000,44.10000&ll=33.10000,44.10000&z=17"
"העיר גבעון","31.84830, 35.18670","PhD",2,true,"https://www.google.com/maps?q=31.84830,35.18670&ll=31.84830,35.18670&z=17"
"העיר גבעון","31.84808, 35.18716","https://he.wikipedia.org/wiki/%D7%92%D7%91%D7%A2%D7%95%D7%9F",2,false,"https://www.google.com/maps?q=31.84808,35.18716&ll=31.84808,35.18716&z=17"
"מפעל המים של גבעון - המנהרה","31.84830, 35.18670","PhD",2,true,"https://www.google.com/maps?q=31.84830,35.18670&ll=31.84830,35.18670&z=17"
"מפעל המים של גבעון - המנהרה","31.77236, 35.23567","https://he.wikipedia.org/wiki/%D7%A0%D7%A7%D7%91%D7%AA_%D7%94%D7%A9%D7%99%D7%9C%D7%95%D7%97",2,false,"https://www.google.com/maps?q=31.77236,35.23567&ll=31.77236,35.23567&z=17"
"מפעל המים של גבעון - המעיין","31.84830, 35.18670","PhD",2,true,"https://www.google.com/maps?q=31.84830,35.18670&ll=31.84830,35.18670&z=17"
"מפעל המים של גבעון - המעיין","31.20000, 35.36389","https://he.wikipedia.org/wiki/%D7%A2%D7%99%D7%9F_%D7%91%D7%95%D7%A7%D7%A7",2,false,"https://www.google.com/maps?q=31.20000,35.36389&ll=31.20000,35.36389&z=17"
"מפעל המים של גבעון - חדר איגום","31.84830, 35.18670","PhD",2,true,"https://www.google.com/maps?q=31.84830,35.18670&ll=31.84830,35.18670&z=17"
"מפעל המים של גבעון - חדר איגום","31.92665, 35.13296","https://he.wikipedia.org/wiki/%D7%93%D7%95%D7%9C%D7%91_(%D7%99%D7%99%D7%A9%D7%95%D7%91)",2,false,"https://www.google.com/maps?q=31.92665,35.13296&ll=31.92665,35.13296&z=17"
"מפעל המים של יבלעם - המנהרה","32.44306, 35.29722","PhD",2,true,"https://www.google.com/maps?q=32.44306,35.29722&ll=32.44306,35.29722&z=17"
"מפעל המים של יבלעם - המנהרה","32.44595, 35.29260","https://he.wikipedia.org/wiki/%D7%99%D7%91%D7%9C%D7%A2%D7%9D",2,false,"https://www.google.com/maps?q=32.44595,35.29260&ll=32.44595,35.29260&z=17"
"מפעל המים של גבעון - הבריכה","31.84830, 35.18670","PhD",2,true,"https://www.google.com/maps?q=31.84830,35.18670&ll=31.84830,35.18670&z=17"
"מפעל המים של גבעון - הבריכה","31.84925, 35.17104","https://he.wikipedia.org/wiki/%D7%9E%D7%97%D7%A0%D7%94_%D7%92%D7%91%D7%A2%D7%95%D7%9F",2,false,"https://www.google.com/maps?q=31.84925,35.17104&ll=31.84925,35.17104&z=17"
"מפעל המים של גבעון - החומה","31.84830, 35.18670","PhD",3,true,"https://www.google.com/maps?q=31.84830,35.18670&ll=31.84830,35.18670&z=17"
"מפעל המים של גבעון - החומה","31.85987, 34.91964","https://he.wikipedia.org/wiki/%D7%AA%D7%9C_%D7%92%D7%96%D7%A8",3,false,"https://www.google.com/maps?q=31.85987,34.91964&ll=31.85987,34.91964&z=17"
"מפעל המים של גבעון - החומה","32.50195, 35.44847","IAA",3,false,"https://www.google.com/maps?q=32.50195,35.44847&ll=32.50195,35.44847&z=17"
"מפעל המים של גבעון - המנהרה המדורגת","31.84830, 35.18670","PhD",2,true,"https://www.google.com/maps?q=31.84830,35.18670&ll=31.84830,35.18670&z=17"
"מפעל המים של גבעון - המנהרה המדורגת","31.77304, 35.23481","https://he.wikipedia.org/wiki/%D7%A2%D7%99%D7%A8_%D7%93%D7%95%D7%93",2,false,"https://www.google.com/maps?q=31.77304,35.23481&ll=31.77304,35.23481&z=17"
"הבריכה אשר בגבעון","31.84830, 35.18670","PhD",2,true,"https://www.google.com/maps?q=31.84830,35.18670&ll=31.84830,35.18670&z=17"
"הבריכה אשר בגבעון","31.84808, 35.18716","https://he.wikipedia.org/wiki/%D7%92%D7%91%D7%A2%D7%95%D7%9F",2,false,"https://www.google.com/maps?q=31.84808,35.18716&ll=31.84808,35.18716&z=17"
"מפעל המים בגבעון","31.84830, 35.18670","PhD",4,true,"https://www.google.com/maps?q=31.84830,35.18670&ll=31.84830,35.18670&z=17"
"מפעל המים בגבעון","31.84925, 35.17104","https://he.wikipedia.org/wiki/%D7%9E%D7%97%D7%A0%D7%94_%D7%92%D7%91%D7%A2%D7%95%D7%9F",4,false,"https://www.google.com/maps?q=31.84925,35.17104&ll=31.84925,35.17104&z=17"
"מפעל המים בגבעון","32.55830, 34.97585","IAA",4,false,"https://www.google.com/maps?q=32.55830,34.97585&ll=32.55830,34.97585&z=17"
"מפעל המים בגבעון","31.47309, 35.37429","IAA",4,false,"https://www.google.com/maps?q=31.47309,35.37429&ll=31.47309,35.37429&z=17"
"התעלה החשמונאית","31.77406, 35.23584","PhD",2,true,"https://www.google.com/maps?q=31.77406,35.23584&ll=31.77406,35.23584&z=17"
"התעלה החשמונאית","31.77698, 35.23447","https://he.wikipedia.org/wiki/%D7%9E%D7%A0%D7%94%D7%A8%D7%95%D7%AA_%D7%94%D7%9B%D7%95%D7%AA%D7%9C",2,false,"https://www.google.com/maps?q=31.77698,35.23447&ll=31.77698,35.23447&z=17"
"גבעת עיר דוד","31.77406, 35.23584","PhD",7,true,"https://www.google.com/maps?q=31.77406,35.23584&ll=31.77406,35.23584&z=17"
"גבעת עיר דוד","31.77453, 35.23509","https://he.wikipedia.org/wiki/%D7%97%D7%A0%D7%99%D7%95%D7%9F_%D7%92%D7%91%D7%A2%D7%AA%D7%99_(%D7%A2%D7%99%D7%A8_%D7%93%D7%95%D7%93)",7,false,"https://www.google.com/maps?q=31.77453,35.23509&ll=31.77453,35.23509&z=17"
"גבעת עיר דוד","31.77270, 35.23525","IAA",7,false,"https://www.google.com/maps?q=31.77270,35.23525&ll=31.77270,35.23525&z=17"
"גבעת עיר דוד","31.77450, 35.23387","IAA",7,false,"https://www.google.com/maps?q=31.77450,35.23387&ll=31.77450,35.23387&z=17"
"גבעת עיר דוד","31.77261, 35.23440","IAA",7,false,"https://www.google.com/maps?q=31.77261,35.23440&ll=31.77261,35.23440&z=17"
"גבעת עיר דוד","31.77378, 35.23514","IAA",7,false,"https://www.google.com/maps?q=31.77378,35.23514&ll=31.77378,35.23514&z=17"
"גבעת עיר דוד","31.76972, 35.23493","IAA",7,false,"https://www.google.com/maps?q=31.76972,35.23493&ll=31.76972,35.23493&z=17"
"מוזיאון הארכיאולוגי באיסטנבול","41.01167, 28.98139","https://he.wikipedia.org/wiki/%D7%94%D7%9E%D7%95%D7%96%D7%99%D7%90%D7%95%D7%A0%D7%99%D7%9D_%D7%9C%D7%90%D7%A8%D7%9B%D7%90%D7%95%D7%9C%D7%95%D7%92%D7%99%D7%94_%D7%A9%D7%9C_%D7%90%D7%99%D7%A1%D7%98%D7%A0%D7%91%D7%95%D7%9C",1,true,"https://www.google.com/maps?q=41.01167,28.98139&ll=41.01167,28.98139&z=17"
"קברי המלכים","31.78852, 35.22919","https://he.wikipedia.org/wiki/%D7%A7%D7%91%D7%A8%D7%99_%D7%94%D7%9E%D7%9C%D7%9B%D7%99%D7%9D",1,true,"https://www.google.com/maps?q=31.78852,35.22919&ll=31.78852,35.22919&z=17"
"תעלת השילוח","31.77406, 35.23584","PhD",2,true,"https://www.google.com/maps?q=31.77406,35.23584&ll=31.77406,35.23584&z=17"
"תעלת השילוח","31.77056, 35.23500","https://he.wikipedia.org/wiki/%D7%91%D7%A8%D7%99%D7%9B%D7%AA_%D7%94%D7%A9%D7%99%D7%9C%D7%95%D7%97",2,false,"https://www.google.com/maps?q=31.77056,35.23500&ll=31.77056,35.23500&z=17"
"מנהרת אופלינוס בסמוס","37.69361, 26.92972","https://en.wikipedia.org/wiki/Tunnel_of_Eupalinos",1,true,"https://www.google.com/maps?q=37.69361,26.92972&ll=37.69361,26.92972&z=17"
"החדר העגול","43.67812, -79.40934","https://he.wikipedia.org/wiki/%D7%98%D7%99%D7%A8%D7%AA_%D7%A7%D7%90%D7%A1%D7%94_%D7%9C%D7%95%D7%9E%D7%94",1,true,"https://www.google.com/maps?q=43.67812,-79.40934&ll=43.67812,-79.40934&z=17"
"תעלה IV","31.77406, 35.23584","PhD",1,true,"https://www.google.com/maps?q=31.77406,35.23584&ll=31.77406,35.23584&z=17"
"תעלה V","31.77406, 35.23584","PhD",1,true,"https://www.google.com/maps?q=31.77406,35.23584&ll=31.77406,35.23584&z=17"
"תעלה VI","31.77406, 35.23584","PhD",1,true,"https://www.google.com/maps?q=31.77406,35.23584&ll=31.77406,35.23584&z=17"
"תעלה VII","31.77406, 35.23584","PhD",1,true,"https://www.google.com/maps?q=31.77406,35.23584&ll=31.77406,35.23584&z=17"
"איסטנבול","41.01224, 28.97602","https://he.wikipedia.org/wiki/%D7%90%D7%99%D7%A1%D7%98%D7%A0%D7%91%D7%95%D7%9C",1,true,"https://www.google.com/maps?q=41.01224,28.97602&ll=41.01224,28.97602&z=17"
"הבריכה העליונה","31.77406, 35.23584","PhD",2,true,"https://www.google.com/maps?q=31.77406,35.23584&ll=31.77406,35.23584&z=17"
"הבריכה העליונה","31.77717, 35.22911","https://he.wikipedia.org/wiki/%D7%91%D7%A8%D7%99%D7%9B%D7%AA_%D7%97%D7%96%D7%A7%D7%99%D7%94%D7%95",2,false,"https://www.google.com/maps?q=31.77717,35.22911&ll=31.77717,35.22911&z=17"
"הבריכה העשויה","31.77406, 35.23584","PhD",2,true,"https://www.google.com/maps?q=31.77406,35.23584&ll=31.77406,35.23584&z=17"
"הבריכה העשויה","32.92880, 35.85479","https://he.wikipedia.org/wiki/%D7%91%D7%A8%D7%99%D7%9B%D7%AA_%D7%90%D7%95%D7%A8%D7%97%D7%94",2,false,"https://www.google.com/maps?q=32.92880,35.85479&ll=32.92880,35.85479&z=17"
"הבריכה התחתונה","31.77406, 35.23584","PhD",2,true,"https://www.google.com/maps?q=31.77406,35.23584&ll=31.77406,35.23584&z=17"
"הבריכה התחתונה","32.84132, 35.51166","https://he.wikipedia.org/wiki/%D7%A2%D7%99%D7%9F_%D7%A0%D7%95%D7%9F",2,false,"https://www.google.com/maps?q=32.84132,35.51166&ll=32.84132,35.51166&z=17"
"עיר יבוס","31.77304, 35.23481","https://he.wikipedia.org/wiki/%D7%A2%D7%99%D7%A8_%D7%93%D7%95%D7%93",1,true,"https://www.google.com/maps?q=31.77304,35.23481&ll=31.77304,35.23481&z=17"
"ביר איוב","31.76770, 35.23550","https://en.wikipedia.org/wiki/Ein_Rogel",1,true,"https://www.google.com/maps?q=31.76770,35.23550&ll=31.76770,35.23550&z=17"
"כתובת השילוח","31.77406, 35.23584","PhD",2,true,"https://www.google.com/maps?q=31.77406,35.23584&ll=31.77406,35.23584&z=17"
"כתובת השילוח","31.77236, 35.23567","https://he.wikipedia.org/wiki/%D7%A0%D7%A7%D7%91%D7%AA_%D7%94%D7%A9%D7%99%D7%9C%D7%95%D7%97",2,false,"https://www.google.com/maps?q=31.77236,35.23567&ll=31.77236,35.23567&z=17"
"מחנה האשורים","31.78000, 35.22000","PhD",1,true,"https://www.google.com/maps?q=31.78000,35.22000&ll=31.78000,35.22000&z=17"
"עין רוגלי","31.76770, 35.23550","https://en.wikipedia.org/wiki/Ein_Rogel",1,true,"https://www.google.com/maps?q=31.76770,35.23550&ll=31.76770,35.23550&z=17"
"שער שכם","31.78164, 35.23050","https://he.wikipedia.org/wiki/%D7%A9%D7%A2%D7%A8_%D7%A9%D7%9B%D7%9D",2,true,"https://www.google.com/maps?q=31.78164,35.23050&ll=31.78164,35.23050&z=17"
"שער שכם","31.78181, 35.23018","IAA",2,false,"https://www.google.com/maps?q=31.78181,35.23018&ll=31.78181,35.23018&z=17"
"תעלת המים החשמונאית","31.77115, 35.22545","https://he.wikipedia.org/wiki/%D7%94%D7%90%D7%9E%D7%94_%D7%94%D7%AA%D7%97%D7%AA%D7%95%D7%A0%D7%94",1,true,"https://www.google.com/maps?q=31.77115,35.22545&ll=31.77115,35.22545&z=17"
"תעלת העודפים","41.38370, -73.62990","https://he.wikipedia.org/wiki/%D7%9E%D7%90%D7%92%D7%A8_%D7%93%D7%99%D7%91%D7%A8%D7%98%D7%99%D7%A0%D7%92",1,true,"https://www.google.com/maps?q=41.38370,-73.62990&ll=41.38370,-73.62990&z=17"
"ג'ית","32.22850, 35.16320","PhD",2,true,"https://www.google.com/maps?q=32.22850,35.16320&ll=32.22850,35.16320&z=17"
"ג'ית","32.21472, 35.16972","https://he.wikipedia.org/wiki/%D7%92%27%D7%99%D7%AA",2,false,"https://www.google.com/maps?q=32.21472,35.16972&ll=32.21472,35.16972&z=17"
"מצודת המכבים","31.77262, 35.23594","https://he.wikipedia.org/wiki/%D7%9E%D7%A6%D7%95%D7%93%D7%AA_%D7%94%D7%97%D7%A7%D7%A8%D7%90",1,true,"https://www.google.com/maps?q=31.77262,35.23594&ll=31.77262,35.23594&z=17"
"עין קובי","31.72599, 35.11713","https://he.wikipedia.org/wiki/%D7%A2%D7%99%D7%9F_%D7%A7%D7%95%D7%91%D7%99",1,true,"https://www.google.com/maps?q=31.72599,35.11713&ll=31.72599,35.11713&z=17"
"בריכות שלמה","31.68899, 35.16982","https://he.wikipedia.org/wiki/%D7%91%D7%A8%D7%99%D7%9B%D7%95%D7%AA_%D7%A9%D7%9C%D7%9E%D7%94",1,true,"https://www.google.com/maps?q=31.68899,35.16982&ll=31.68899,35.16982&z=17"
"עיטם המקראית","31.69170, 35.16670","PhD",2,true,"https://www.google.com/maps?q=31.69170,35.16670&ll=31.69170,35.16670&z=17"
"עיטם המקראית","31.08000, 34.14000","https://en.wikipedia.org/wiki/El_Gorah",2,false,"https://www.google.com/maps?q=31.08000,34.14000&ll=31.08000,34.14000&z=17"
"עין עטן","32.56030, 35.39080","https://he.wikipedia.org/wiki/%D7%A2%D7%99%D7%9F_%D7%97%D7%A8%D7%95%D7%93",1,true,"https://www.google.com/maps?q=32.56030,35.39080&ll=32.56030,35.39080&z=17"
"תצורת עמינדב","31.77028, 35.19722","https://he.wikipedia.org/wiki/%D7%94%D7%9E%D7%9B%D7%95%D7%9F_%D7%9C%D7%9E%D7%93%D7%A2%D7%99_%D7%9B%D7%93%D7%95%D7%A8_%D7%94%D7%90%D7%A8%D7%A5",1,true,"https://www.google.com/maps?q=31.77028,35.19722&ll=31.77028,35.19722&z=17"
"אקרופוליס","31.95250, 35.94000","https://en.wikipedia.org/wiki/Philadelphia_(Amman)",1,true,"https://www.google.com/maps?q=31.95250,35.94000&ll=31.95250,35.94000&z=17"
"עין חסבאן","31.80083, 35.80889","https://en.wikipedia.org/wiki/Heshbon",1,true,"https://www.google.com/maps?q=31.80083,35.80889&ll=31.80083,35.80889&z=17"
"עיטם","31.69170, 35.16670","PhD",1,true,"https://www.google.com/maps?q=31.69170,35.16670&ll=31.69170,35.16670&z=17"
"בארות ערוער","31.46583, 35.57333","https://en.wikipedia.org/wiki/Wadi_Mujib",1,true,"https://www.google.com/maps?q=31.46583,35.57333&ll=31.46583,35.57333&z=17"
"כבול המקראית","32.87904, 35.22870","https://he.wikipedia.org/wiki/%D7%97%D7%95%D7%A8%D7%91%D7%AA_%D7%A8%D7%90%D7%A9_%D7%96%D7%99%D7%AA",1,true,"https://www.google.com/maps?q=32.87904,35.22870&ll=32.87904,35.22870&z=17"
"עין קדיראת","30.64806, 34.42278","https://en.wikipedia.org/wiki/Tell_el-Qudeirat",1,true,"https://www.google.com/maps?q=30.64806,34.42278&ll=30.64806,34.42278&z=17"
"ביר אס-סוויד","31.24667, 34.85611","https://en.wikipedia.org/wiki/Tel_Sheva",1,true,"https://www.google.com/maps?q=31.24667,34.85611&ll=31.24667,34.85611&z=17"
"זרעין","32.55750, 35.32780","https://he.wikipedia.org/wiki/%D7%96%D7%99%D7%A8%D7%A2%D7%99%D7%9F",1,true,"https://www.google.com/maps?q=32.55750,35.32780&ll=32.55750,35.32780&z=17"
"מעיין חרוד","32.54988, 35.35490","IAA",2,true,"https://www.google.com/maps?q=32.54988,35.35490&ll=32.54988,35.35490&z=17"
"מעיין חרוד","32.54861, 35.35583","https://he.wikipedia.org/wiki/%D7%9E%D7%A2%D7%99%D7%99%D7%9F_%D7%97%D7%A8%D7%95%D7%93",2,false,"https://www.google.com/maps?q=32.54861,35.35583&ll=32.54861,35.35583&z=17"
"מעיין יזרעאל","32.55785, 35.32795","https://he.wikipedia.org/wiki/%D7%AA%D7%9C_%D7%99%D7%96%D7%A8%D7%A2%D7%90%D7%9C",1,true,"https://www.google.com/maps?q=32.55785,35.32795&ll=32.55785,35.32795&z=17"
"נורית","32.54078, 35.35976","https://he.wikipedia.org/wiki/%D7%A0%D7%95%D7%A8%D7%99%D7%AA_(%D7%99%D7%99%D7%A9%D7%95%D7%91)",1,true,"https://www.google.com/maps?q=32.54078,35.35976&ll=32.54078,35.35976&z=17"
"עין אלמייתה","32.55972, 35.33778","https://he.wikipedia.org/wiki/%D7%A2%D7%99%D7%9F_%D7%99%D7%96%D7%A8%D7%A2%D7%90%D7%9C",1,true,"https://www.google.com/maps?q=32.55972,35.33778&ll=32.55972,35.33778&z=17"
"בור 40","31.28173, 35.12535","PhD",2,true,"https://www.google.com/maps?q=31.28173,35.12535&ll=31.28173,35.12535&z=17"
"בור 40","41.00806, 28.97778","https://en.wikipedia.org/wiki/Basilica_Cistern",2,false,"https://www.google.com/maps?q=41.00806,28.97778&ll=41.00806,28.97778&z=17"
"בור מס' 2","31.28173, 35.12535","PhD",2,true,"https://www.google.com/maps?q=31.28173,35.12535&ll=31.28173,35.12535&z=17"
"בור מס' 2","41.00806, 28.97778","https://en.wikipedia.org/wiki/Basilica_Cistern",2,false,"https://www.google.com/maps?q=41.00806,28.97778&ll=41.00806,28.97778&z=17"
"בור מס' 20","31.28173, 35.12535","PhD",2,true,"https://www.google.com/maps?q=31.28173,35.12535&ll=31.28173,35.12535&z=17"
"בור מס' 20","41.00725, 28.97260","https://en.wikipedia.org/wiki/Theodosius_Cistern",2,false,"https://www.google.com/maps?q=41.00725,28.97260&ll=41.00725,28.97260&z=17"
"בור מס' 51","31.28173, 35.12535","PhD",2,true,"https://www.google.com/maps?q=31.28173,35.12535&ll=31.28173,35.12535&z=17"
"בור מס' 51","38.02806, 22.85250","https://en.wikipedia.org/wiki/Heraion_of_Perachora",2,false,"https://www.google.com/maps?q=38.02806,22.85250&ll=38.02806,22.85250&z=17"
"בור מס' 52","31.28173, 35.12535","PhD",2,true,"https://www.google.com/maps?q=31.28173,35.12535&ll=31.28173,35.12535&z=17"
"בור מס' 52","49.04472, 7.77194","https://en.wikipedia.org/wiki/Ch%C3%A2teau_de_Fleckenstein",2,false,"https://www.google.com/maps?q=49.04472,7.77194&ll=49.04472,7.77194&z=17"
"בור מס' 53","31.28173, 35.12535","PhD",2,true,"https://www.google.com/maps?q=31.28173,35.12535&ll=31.28173,35.12535&z=17"
"בור מס' 53","12.77430, 45.02900","https://en.wikipedia.org/wiki/Cisterns_of_Tawila",2,false,"https://www.google.com/maps?q=12.77430,45.02900&ll=12.77430,45.02900&z=17"
"בעל שלשה","32.15000, 35.05000","PhD",1,true,"https://www.google.com/maps?q=32.15000,35.05000&ll=32.15000,35.05000&z=17"
"חורבת מרגמה","32.02560, 35.34060","PhD",3,true,"https://www.google.com/maps?q=32.02560,35.34060&ll=32.02560,35.34060&z=17"
"חורבת מרגמה","32.01580, 35.34250","PhD",3,false,"https://www.google.com/maps?q=32.01580,35.34250&ll=32.01580,35.34250&z=17"
"חורבת מרגמה","31.71152, 35.04634","https://he.wikipedia.org/wiki/%D7%97%D7%95%D7%A8%D7%91%D7%AA_%D7%97%D7%A0%D7%95%D7%AA",3,false,"https://www.google.com/maps?q=31.71152,35.04634&ll=31.71152,35.04634&z=17"
"עין סמיה","31.98925, 35.33333","https://he.wikipedia.org/wiki/%D7%A2%D7%99%D7%9F_%D7%A1%D7%9E%D7%99%D7%94",1,true,"https://www.google.com/maps?q=31.98925,35.33333&ll=31.98925,35.33333&z=17"
"קלע","33.16570, 35.71206","IAA",3,true,"https://www.google.com/maps?q=33.16570,35.71206&ll=33.16570,35.71206&z=17"
"קלע","33.13148, 35.68400","https://he.wikipedia.org/wiki/%D7%A7%D7%9C%D7%A2_%D7%90%D7%9C%D7%95%D7%9F",3,false,"https://www.google.com/maps?q=33.13148,35.68400&ll=33.13148,35.68400&z=17"
"קלע","33.17468, 35.72176","IAA",3,false,"https://www.google.com/maps?q=33.17468,35.72176&ll=33.17468,35.72176&z=17"
"אמציה","31.53259, 34.91372","https://he.wikipedia.org/wiki/%D7%90%D7%9E%D7%A6%D7%99%D7%94_(%D7%9E%D7%95%D7%A9%D7%91)",1,true,"https://www.google.com/maps?q=31.53259,34.91372&ll=31.53259,34.91372&z=17"
"כפר עציון","31.64987, 35.11525","https://he.wikipedia.org/wiki/%D7%9B%D7%A4%D7%A8_%D7%A2%D7%A6%D7%99%D7%95%D7%9F",1,true,"https://www.google.com/maps?q=31.64987,35.11525&ll=31.64987,35.11525&z=17"
"ביר אל-עבהרה","31.24472, 34.84139","PhD",1,true,"https://www.google.com/maps?q=31.24472,34.84139&ll=31.24472,34.84139&z=17"
"מערת אבו טבק","31.74133, 35.40537","PhD",2,true,"https://www.google.com/maps?q=31.74133,35.40537&ll=31.74133,35.40537&z=17"
"מערת אבו טבק","32.72600, 35.00000","https://he.wikipedia.org/wiki/%D7%A0%D7%97%D7%9C_%D7%90%D7%95%D7%A8%D7%9F",2,false,"https://www.google.com/maps?q=32.72600,35.00000&ll=32.72600,35.00000&z=17"
"ח'רבת אל-מכרי","32.67700, 35.07053","https://he.wikipedia.org/wiki/%D7%97%D7%95%D7%A8%D7%91%D7%AA_%D7%9B%D7%A8%D7%9A",1,true,"https://www.google.com/maps?q=32.67700,35.07053&ll=32.67700,35.07053&z=17"
"ייסככה","31.71972, 35.36556","https://en.wikipedia.org/wiki/Hyrcania_(fortress)",1,true,"https://www.google.com/maps?q=31.71972,35.36556&ll=31.71972,35.36556&z=17"
"ייעיר מלחי","50.95236, 1.85333","https://he.wikipedia.org/wiki/%D7%A9%D7%95%D7%A2%D7%99_%D7%94%D7%A2%D7%99%D7%A8_%D7%A7%D7%90%D7%9C%D7%94",1,true,"https://www.google.com/maps?q=50.95236,1.85333&ll=50.95236,1.85333&z=17"
"כרם א-סמרא","31.71662, 35.39106","PhD",3,true,"https://www.google.com/maps?q=31.71662,35.39106&ll=31.71662,35.39106&z=17"
"כרם א-סמרא","31.71058, 35.36325","https://he.wikipedia.org/wiki/%D7%91%D7%A7%D7%A2%D7%AA_%D7%94%D7%95%D7%A8%D7%A7%D7%A0%D7%99%D7%94",3,false,"https://www.google.com/maps?q=31.71058,35.36325&ll=31.71058,35.36325&z=17"
"כרם א-סמרא","31.71684, 35.39159","IAA",3,false,"https://www.google.com/maps?q=31.71684,35.39159&ll=31.71684,35.39159&z=17"
"מע'איר א-טבקה","31.52389, 34.96889","https://en.wikipedia.org/wiki/As_Simiya",1,true,"https://www.google.com/maps?q=31.52389,34.96889&ll=31.52389,34.96889&z=17"
"באר משש","31.27300, 34.81117","https://he.wikipedia.org/wiki/%D7%A9%D7%9B%D7%95%D7%A0%D7%AA_%D7%A8%D7%9E%D7%95%D7%AA_(%D7%91%D7%90%D7%A8_%D7%A9%D7%91%D7%A2)",1,true,"https://www.google.com/maps?q=31.27300,34.81117&ll=31.27300,34.81117&z=17"
"חורבת חלוקים","30.90040, 34.80050","PhD",3,true,"https://www.google.com/maps?q=30.90040,34.80050&ll=30.90040,34.80050&z=17"
"חורבת חלוקים","30.88897, 34.79807","IAA",3,false,"https://www.google.com/maps?q=30.88897,34.79807&ll=30.88897,34.79807&z=17"
"חורבת חלוקים","30.90767, 34.85345","https://he.wikipedia.org/wiki/%D7%97%D7%95%D7%A8%D7%91%D7%AA_%D7%94%D7%A8%D7%95%D7%A2%D7%94",3,false,"https://www.google.com/maps?q=30.90767,34.85345&ll=30.90767,34.85345&z=17"
"חמת","35.13500, 36.75000","https://he.wikipedia.org/wiki/%D7%97%D7%9E%D7%94_(%D7%A2%D7%99%D7%A8)",1,true,"https://www.google.com/maps?q=35.13500,36.75000&ll=35.13500,36.75000&z=17"
"שדה בוקר","30.86154, 34.76797","IAA",8,true,"https://www.google.com/maps?q=30.86154,34.76797&ll=30.86154,34.76797&z=17"
"שדה בוקר","30.86724, 34.77202","IAA",8,false,"https://www.google.com/maps?q=30.86724,34.77202&ll=30.86724,34.77202&z=17"
"שדה בוקר","30.87629, 34.78244","IAA",8,false,"https://www.google.com/maps?q=30.87629,34.78244&ll=30.87629,34.78244&z=17"
"שדה בוקר","30.86090, 34.76474","IAA",8,false,"https://www.google.com/maps?q=30.86090,34.76474&ll=30.86090,34.76474&z=17"
"שדה בוקר","30.86091, 34.76787","IAA",8,false,"https://www.google.com/maps?q=30.86091,34.76787&ll=30.86091,34.76787&z=17"
"שדה בוקר","30.86092, 34.77101","IAA",8,false,"https://www.google.com/maps?q=30.86092,34.77101&ll=30.86092,34.77101&z=17"
"שדה בוקר","30.86183, 34.77309","IAA",8,false,"https://www.google.com/maps?q=30.86183,34.77309&ll=30.86183,34.77309&z=17"
"שדה בוקר","30.87341, 34.79318","https://he.wikipedia.org/wiki/%D7%A9%D7%93%D7%94_%D7%91%D7%95%D7%A7%D7%A8",8,false,"https://www.google.com/maps?q=30.87341,34.79318&ll=30.87341,34.79318&z=17"
"אתר הרועה","30.90718, 34.85343","IAA",2,true,"https://www.google.com/maps?q=30.90718,34.85343&ll=30.90718,34.85343&z=17"
"אתר הרועה","30.90767, 34.85345","https://he.wikipedia.org/wiki/%D7%97%D7%95%D7%A8%D7%91%D7%AA_%D7%94%D7%A8%D7%95%D7%A2%D7%94",2,false,"https://www.google.com/maps?q=30.90767,34.85345&ll=30.90767,34.85345&z=17"
"בור חמת","30.62167, 34.72927","PhD",2,true,"https://www.google.com/maps?q=30.62167,34.72927&ll=30.62167,34.72927&z=17"
"בור חמת","30.59371, 34.71019","IAA",2,false,"https://www.google.com/maps?q=30.59371,34.71019&ll=30.59371,34.71019&z=17"
"בורות לוץ","30.51333, 34.60889","https://he.wikipedia.org/wiki/%D7%91%D7%95%D7%A8%D7%95%D7%AA_%D7%9C%D7%95%D7%A5",1,true,"https://www.google.com/maps?q=30.51333,34.60889&ll=30.51333,34.60889&z=17"
"חורבת משורה","30.94580, 34.75250","PhD",3,true,"https://www.google.com/maps?q=30.94580,34.75250&ll=30.94580,34.75250&z=17"
"חורבת משורה","30.91842, 34.70902","IAA",3,false,"https://www.google.com/maps?q=30.91842,34.70902&ll=30.91842,34.70902&z=17"
"חורבת משורה","32.97231, 35.57436","https://he.wikipedia.org/wiki/%D7%97%D7%95%D7%A8%D7%91%D7%AA_%D7%A9%D7%95%D7%A8%D7%94",3,false,"https://www.google.com/maps?q=32.97231,35.57436&ll=32.97231,35.57436&z=17"
"חורבת רחבה","31.01950, 34.90150","PhD",2,true,"https://www.google.com/maps?q=31.01950,34.90150&ll=31.01950,34.90150&z=17"
"חורבת רחבה","31.05174, 35.02883","https://he.wikipedia.org/wiki/%D7%97%D7%95%D7%A8%D7%91%D7%AA_%D7%A8%D7%97%D7%91%D7%94",2,false,"https://www.google.com/maps?q=31.05174,35.02883&ll=31.05174,35.02883&z=17"
"חורבת רמת בוקר","30.92920, 34.79530","PhD",30,true,"https://www.google.com/maps?q=30.92920,34.79530&ll=30.92920,34.79530&z=17"
"חורבת רמת בוקר","30.91415, 34.77286","IAA",30,false,"https://www.google.com/maps?q=30.91415,34.77286&ll=30.91415,34.77286&z=17"
"חורבת רמת בוקר","32.54797, 34.94425","https://he.wikipedia.org/wiki/%D7%A8%D7%9E%D7%AA_%D7%94%D7%A0%D7%93%D7%99%D7%91",30,false,"https://www.google.com/maps?q=32.54797,34.94425&ll=32.54797,34.94425&z=17"
"חורבת רמת בוקר","30.92589, 34.77803","IAA",30,false,"https://www.google.com/maps?q=30.92589,34.77803&ll=30.92589,34.77803&z=17"
"חורבת רמת בוקר","30.94227, 34.82400","IAA",30,false,"https://www.google.com/maps?q=30.94227,34.82400&ll=30.94227,34.82400&z=17"
"חורבת רמת בוקר","30.95842, 34.79568","IAA",30,false,"https://www.google.com/maps?q=30.95842,34.79568&ll=30.95842,34.79568&z=17"
"חורבת רמת בוקר","30.95751, 34.79464","IAA",30,false,"https://www.google.com/maps?q=30.95751,34.79464&ll=30.95751,34.79464&z=17"
"חורבת רמת בוקר","30.95582, 34.83127","IAA",30,false,"https://www.google.com/maps?q=30.95582,34.83127&ll=30.95582,34.83127&z=17"
"חורבת רמת בוקר","30.94125, 34.78529","IAA",30,false,"https://www.google.com/maps?q=30.94125,34.78529&ll=30.94125,34.78529&z=17"
"חורבת רמת בוקר","30.94964, 34.78672","IAA",30,false,"https://www.google.com/maps?q=30.94964,34.78672&ll=30.94964,34.78672&z=17"
"חורבת רמת בוקר","30.95018, 34.78682","IAA",30,false,"https://www.google.com/maps?q=30.95018,34.78682&ll=30.95018,34.78682&z=17"
"חורבת רמת בוקר","30.94576, 34.78736","IAA",30,false,"https://www.google.com/maps?q=30.94576,34.78736&ll=30.94576,34.78736&z=17"
"חורבת רמת בוקר","30.94666, 34.78736","IAA",30,false,"https://www.google.com/maps?q=30.94666,34.78736&ll=30.94666,34.78736&z=17"
"חורבת רמת בוקר","30.94937, 34.78735","IAA",30,false,"https://www.google.com/maps?q=30.94937,34.78735&ll=30.94937,34.78735&z=17"
"חורבת רמת בוקר","30.94847, 34.78944","IAA",30,false,"https://www.google.com/maps?q=30.94847,34.78944&ll=30.94847,34.78944&z=17"
"חורבת רמת בוקר","30.94848, 34.79049","IAA",30,false,"https://www.google.com/maps?q=30.94848,34.79049&ll=30.94848,34.79049&z=17"
"חורבת רמת בוקר","30.93582, 34.78218","IAA",30,false,"https://www.google.com/maps?q=30.93582,34.78218&ll=30.93582,34.78218&z=17"
"חורבת רמת בוקר","30.93944, 34.78425","IAA",30,false,"https://www.google.com/maps?q=30.93944,34.78425&ll=30.93944,34.78425&z=17"
"חורבת רמת בוקר","30.93673, 34.78426","IAA",30,false,"https://www.google.com/maps?q=30.93673,34.78426&ll=30.93673,34.78426&z=17"
"חורבת רמת בוקר","30.92679, 34.77908","IAA",30,false,"https://www.google.com/maps?q=30.92679,34.77908&ll=30.92679,34.77908&z=17"
"חורבת רמת בוקר","30.93041, 34.78011","IAA",30,false,"https://www.google.com/maps?q=30.93041,34.78011&ll=30.93041,34.78011&z=17"
"חורבת רמת בוקר","30.92680, 34.78012","IAA",30,false,"https://www.google.com/maps?q=30.92680,34.78012&ll=30.92680,34.78012&z=17"
"חורבת רמת בוקר","30.92410, 34.78118","IAA",30,false,"https://www.google.com/maps?q=30.92410,34.78118&ll=30.92410,34.78118&z=17"
"חורבת רמת בוקר","30.95579, 34.82081","IAA",30,false,"https://www.google.com/maps?q=30.95579,34.82081&ll=30.95579,34.82081&z=17"
"חורבת רמת בוקר","30.95668, 34.81662","IAA",30,false,"https://www.google.com/maps?q=30.95668,34.81662&ll=30.95668,34.81662&z=17"
"חורבת רמת בוקר","30.95308, 34.82082","IAA",30,false,"https://www.google.com/maps?q=30.95308,34.82082&ll=30.95308,34.82082&z=17"
"חורבת רמת בוקר","30.95307, 34.81768","IAA",30,false,"https://www.google.com/maps?q=30.95307,34.81768&ll=30.95307,34.81768&z=17"
"חורבת רמת בוקר","30.95850, 34.82394","IAA",30,false,"https://www.google.com/maps?q=30.95850,34.82394&ll=30.95850,34.82394&z=17"
"חורבת רמת בוקר","30.95855, 34.83859","IAA",30,false,"https://www.google.com/maps?q=30.95855,34.83859&ll=30.95855,34.83859&z=17"
"חורבת רמת בוקר","30.95854, 34.83650","IAA",30,false,"https://www.google.com/maps?q=30.95854,34.83650&ll=30.95854,34.83650&z=17"
"חורבת רתמה","30.87235, 34.72801","PhD",3,true,"https://www.google.com/maps?q=30.87235,34.72801&ll=30.87235,34.72801&z=17"
"חורבת רתמה","30.90242, 34.77396","IAA",3,false,"https://www.google.com/maps?q=30.90242,34.77396&ll=30.90242,34.77396&z=17"
"חורבת רתמה","32.71394, 35.01588","https://he.wikipedia.org/wiki/%D7%97%D7%95%D7%A8%D7%91%D7%AA_%D7%A8%D7%A7%D7%99%D7%AA",3,false,"https://www.google.com/maps?q=32.71394,35.01588&ll=32.71394,35.01588&z=17"
"מגדל נחל סרפד","30.68209, 34.66943","PhD",1,true,"https://www.google.com/maps?q=30.68209,34.66943&ll=30.68209,34.66943&z=17"
"מצד הר רביב","30.90211, 34.67761","PhD",1,true,"https://www.google.com/maps?q=30.90211,34.67761&ll=30.90211,34.67761&z=17"
"מצד נחל בוקר","30.92194, 34.80630","PhD",27,true,"https://www.google.com/maps?q=30.92194,34.80630&ll=30.92194,34.80630&z=17"
"מצד נחל בוקר","32.09996, 34.77781","https://he.wikipedia.org/wiki/%D7%A0%D7%97%D7%9C_%D7%94%D7%99%D7%A8%D7%A7%D7%95%D7%9F",27,false,"https://www.google.com/maps?q=32.09996,34.77781&ll=32.09996,34.77781&z=17"
"מצד נחל בוקר","30.91777, 34.77912","IAA",27,false,"https://www.google.com/maps?q=30.91777,34.77912&ll=30.91777,34.77912&z=17"
"מצד נחל בוקר","30.92051, 34.78852","IAA",27,false,"https://www.google.com/maps?q=30.92051,34.78852&ll=30.92051,34.78852&z=17"
"מצד נחל בוקר","30.90879, 34.79066","IAA",27,false,"https://www.google.com/maps?q=30.90879,34.79066&ll=30.90879,34.79066&z=17"
"מצד נחל בוקר","30.93047, 34.79894","IAA",27,false,"https://www.google.com/maps?q=30.93047,34.79894&ll=30.93047,34.79894&z=17"
"מצד נחל בוקר","30.92777, 34.80314","IAA",27,false,"https://www.google.com/maps?q=30.92777,34.80314&ll=30.92777,34.80314&z=17"
"מצד נחל בוקר","30.92963, 34.81882","IAA",27,false,"https://www.google.com/maps?q=30.92963,34.81882&ll=30.92963,34.81882&z=17"
"מצד נחל בוקר","30.91958, 34.77911","IAA",27,false,"https://www.google.com/maps?q=30.91958,34.77911&ll=30.91958,34.77911&z=17"
"מצד נחל בוקר","30.90603, 34.77289","IAA",27,false,"https://www.google.com/maps?q=30.90603,34.77289&ll=30.90603,34.77289&z=17"
"מצד נחל בוקר","30.90785, 34.77916","IAA",27,false,"https://www.google.com/maps?q=30.90785,34.77916&ll=30.90785,34.77916&z=17"
"מצד נחל בוקר","30.91058, 34.78543","IAA",27,false,"https://www.google.com/maps?q=30.91058,34.78543&ll=30.91058,34.78543&z=17"
"מצד נחל בוקר","30.91329, 34.78751","IAA",27,false,"https://www.google.com/maps?q=30.91329,34.78751&ll=30.91329,34.78751&z=17"
"מצד נחל בוקר","30.89345, 34.78864","IAA",27,false,"https://www.google.com/maps?q=30.89345,34.78864&ll=30.89345,34.78864&z=17"
"מצד נחל בוקר","30.90334, 34.77918","IAA",27,false,"https://www.google.com/maps?q=30.90334,34.77918&ll=30.90334,34.77918&z=17"
"מצד נחל בוקר","30.94230, 34.83551","IAA",27,false,"https://www.google.com/maps?q=30.94230,34.83551&ll=30.94230,34.83551&z=17"
"מצד נחל בוקר","30.93954, 34.81460","IAA",27,false,"https://www.google.com/maps?q=30.93954,34.81460&ll=30.93954,34.81460&z=17"
"מצד נחל בוקר","30.93863, 34.81460","IAA",27,false,"https://www.google.com/maps?q=30.93863,34.81460&ll=30.93863,34.81460&z=17"
"מצד נחל בוקר","30.93413, 34.81671","IAA",27,false,"https://www.google.com/maps?q=30.93413,34.81671&ll=30.93413,34.81671&z=17"
"מצד נחל בוקר","30.93684, 34.81775","IAA",27,false,"https://www.google.com/maps?q=30.93684,34.81775&ll=30.93684,34.81775&z=17"
"מצד נחל בוקר","30.93688, 34.83030","IAA",27,false,"https://www.google.com/maps?q=30.93688,34.83030&ll=30.93688,34.83030&z=17"
"מצד נחל בוקר","30.93782, 34.84390","IAA",27,false,"https://www.google.com/maps?q=30.93782,34.84390&ll=30.93782,34.84390&z=17"
"מצד נחל בוקר","30.93963, 34.84703","IAA",27,false,"https://www.google.com/maps?q=30.93963,34.84703&ll=30.93963,34.84703&z=17"
"מצד נחל בוקר","30.93604, 34.85333","IAA",27,false,"https://www.google.com/maps?q=30.93604,34.85333&ll=30.93604,34.85333&z=17"
"מצד נחל בוקר","30.92323, 34.79165","IAA",27,false,"https://www.google.com/maps?q=30.92323,34.79165&ll=30.92323,34.79165&z=17"
"מצד נחל בוקר","30.92865, 34.79476","IAA",27,false,"https://www.google.com/maps?q=30.92865,34.79476&ll=30.92865,34.79476&z=17"
"מצד נחל בוקר","30.92699, 34.84081","IAA",27,false,"https://www.google.com/maps?q=30.92699,34.84081&ll=30.92699,34.84081&z=17"
"מצד נחל צנע","30.79380, 34.87750","PhD",96,true,"https://www.google.com/maps?q=30.79380,34.87750&ll=30.79380,34.87750&z=17"
"מצד נחל צנע","30.74360, 34.75275","IAA",96,false,"https://www.google.com/maps?q=30.74360,34.75275&ll=30.74360,34.75275&z=17"
"מצד נחל צנע","30.75527, 34.73598","IAA",96,false,"https://www.google.com/maps?q=30.75527,34.73598&ll=30.75527,34.73598&z=17"
"מצד נחל צנע","30.75620, 34.74329","IAA",96,false,"https://www.google.com/maps?q=30.75620,34.74329&ll=30.75620,34.74329&z=17"
"מצד נחל צנע","30.75168, 34.74227","IAA",96,false,"https://www.google.com/maps?q=30.75168,34.74227&ll=30.75168,34.74227&z=17"
"מצד נחל צנע","30.75169, 34.74435","IAA",96,false,"https://www.google.com/maps?q=30.75169,34.74435&ll=30.75169,34.74435&z=17"
"מצד נחל צנע","30.75628, 34.76835","IAA",96,false,"https://www.google.com/maps?q=30.75628,34.76835&ll=30.75628,34.76835&z=17"
"מצד נחל צנע","30.75536, 34.76209","IAA",96,false,"https://www.google.com/maps?q=30.75536,34.76209&ll=30.75536,34.76209&z=17"
"מצד נחל צנע","30.75080, 34.74645","IAA",96,false,"https://www.google.com/maps?q=30.75080,34.74645&ll=30.75080,34.74645&z=17"
"מצד נחל צנע","30.74899, 34.74541","IAA",96,false,"https://www.google.com/maps?q=30.74899,34.74541&ll=30.74899,34.74541&z=17"
"מצד נחל צנע","30.74539, 34.74752","IAA",96,false,"https://www.google.com/maps?q=30.74539,34.74752&ll=30.74539,34.74752&z=17"
"מצד נחל צנע","30.74359, 34.74961","IAA",96,false,"https://www.google.com/maps?q=30.74359,34.74961&ll=30.74359,34.74961&z=17"
"מצד נחל צנע","30.74454, 34.76214","IAA",96,false,"https://www.google.com/maps?q=30.74454,34.76214&ll=30.74454,34.76214&z=17"
"מצד נחל צנע","30.74173, 34.73396","IAA",96,false,"https://www.google.com/maps?q=30.74173,34.73396&ll=30.74173,34.73396&z=17"
"מצד נחל צנע","30.73722, 34.73503","IAA",96,false,"https://www.google.com/maps?q=30.73722,34.73503&ll=30.73722,34.73503&z=17"
"מצד נחל צנע","30.73542, 34.73399","IAA",96,false,"https://www.google.com/maps?q=30.73542,34.73399&ll=30.73542,34.73399&z=17"
"מצד נחל צנע","30.73906, 34.74233","IAA",96,false,"https://www.google.com/maps?q=30.73906,34.74233&ll=30.73906,34.74233&z=17"
"מצד נחל צנע","30.74091, 34.75485","IAA",96,false,"https://www.google.com/maps?q=30.74091,34.75485&ll=30.74091,34.75485&z=17"
"מצד נחל צנע","30.74004, 34.76634","IAA",96,false,"https://www.google.com/maps?q=30.74004,34.76634&ll=30.74004,34.76634&z=17"
"מצד נחל צנע","30.73183, 34.73819","IAA",96,false,"https://www.google.com/maps?q=30.73183,34.73819&ll=30.73183,34.73819&z=17"
"מצד נחל צנע","30.73001, 34.73506","IAA",96,false,"https://www.google.com/maps?q=30.73001,34.73506&ll=30.73001,34.73506&z=17"
"מצד נחל צנע","30.72461, 34.73822","IAA",96,false,"https://www.google.com/maps?q=30.72461,34.73822&ll=30.72461,34.73822&z=17"
"מצד נחל צנע","30.73006, 34.74968","IAA",96,false,"https://www.google.com/maps?q=30.73006,34.74968&ll=30.73006,34.74968&z=17"
"מצד נחל צנע","30.72919, 34.75699","IAA",96,false,"https://www.google.com/maps?q=30.72919,34.75699&ll=30.72919,34.75699&z=17"
"מצד נחל צנע","30.72739, 34.75909","IAA",96,false,"https://www.google.com/maps?q=30.72739,34.75909&ll=30.72739,34.75909&z=17"
"מצד נחל צנע","30.76246, 34.73072","IAA",96,false,"https://www.google.com/maps?q=30.76246,34.73072&ll=30.76246,34.73072&z=17"
"מצד נחל צנע","30.76342, 34.74430","IAA",96,false,"https://www.google.com/maps?q=30.76342,34.74430&ll=30.76342,34.74430&z=17"
"מצד נחל צנע","30.76253, 34.74743","IAA",96,false,"https://www.google.com/maps?q=30.76253,34.74743&ll=30.76253,34.74743&z=17"
"מצד נחל צנע","30.75797, 34.73388","IAA",96,false,"https://www.google.com/maps?q=30.75797,34.73388&ll=30.75797,34.73388&z=17"
"מצד נחל צנע","30.75618, 34.73806","IAA",96,false,"https://www.google.com/maps?q=30.75618,34.73806&ll=30.75618,34.73806&z=17"
"מצד נחל צנע","30.75348, 34.73912","IAA",96,false,"https://www.google.com/maps?q=30.75348,34.73912&ll=30.75348,34.73912&z=17"
"מצד נחל צנע","30.75164, 34.73182","IAA",96,false,"https://www.google.com/maps?q=30.75164,34.73182&ll=30.75164,34.73182&z=17"
"מצד נחל צנע","30.75712, 34.74851","IAA",96,false,"https://www.google.com/maps?q=30.75712,34.74851&ll=30.75712,34.74851&z=17"
"מצד נחל צנע","30.75530, 34.74538","IAA",96,false,"https://www.google.com/maps?q=30.75530,34.74538&ll=30.75530,34.74538&z=17"
"מצד נחל צנע","30.75439, 34.74225","IAA",96,false,"https://www.google.com/maps?q=30.75439,34.74225&ll=30.75439,34.74225&z=17"
"מצד נחל צנע","30.75351, 34.74748","IAA",96,false,"https://www.google.com/maps?q=30.75351,34.74748&ll=30.75351,34.74748&z=17"
"מצד נחל צנע","30.75260, 34.74539","IAA",96,false,"https://www.google.com/maps?q=30.75260,34.74539&ll=30.75260,34.74539&z=17"
"מצד נחל צנע","30.75171, 34.74958","IAA",96,false,"https://www.google.com/maps?q=30.75171,34.74958&ll=30.75171,34.74958&z=17"
"מצד נחל צנע","30.75896, 34.75790","IAA",96,false,"https://www.google.com/maps?q=30.75896,34.75790&ll=30.75896,34.75790&z=17"
"מצד נחל צנע","30.75535, 34.75896","IAA",96,false,"https://www.google.com/maps?q=30.75535,34.75896&ll=30.75535,34.75896&z=17"
"מצד נחל צנע","30.75445, 34.76001","IAA",96,false,"https://www.google.com/maps?q=30.75445,34.76001&ll=30.75445,34.76001&z=17"
"מצד נחל צנע","30.75898, 34.76416","IAA",96,false,"https://www.google.com/maps?q=30.75898,34.76416&ll=30.75898,34.76416&z=17"
"מצד נחל צנע","30.75539, 34.77045","IAA",96,false,"https://www.google.com/maps?q=30.75539,34.77045&ll=30.75539,34.77045&z=17"
"מצד נחל צנע","30.75538, 34.76627","IAA",96,false,"https://www.google.com/maps?q=30.75538,34.76627&ll=30.75538,34.76627&z=17"
"מצד נחל צנע","30.74984, 34.73183","IAA",96,false,"https://www.google.com/maps?q=30.74984,34.73183&ll=30.74984,34.73183&z=17"
"מצד נחל צנע","30.74985, 34.73392","IAA",96,false,"https://www.google.com/maps?q=30.74985,34.73392&ll=30.74985,34.73392&z=17"
"מצד נחל צנע","30.74804, 34.73184","IAA",96,false,"https://www.google.com/maps?q=30.74804,34.73184&ll=30.74804,34.73184&z=17"
"מצד נחל צנע","30.74716, 34.73811","IAA",96,false,"https://www.google.com/maps?q=30.74716,34.73811&ll=30.74716,34.73811&z=17"
"מצד נחל צנע","30.74625, 34.73602","IAA",96,false,"https://www.google.com/maps?q=30.74625,34.73602&ll=30.74625,34.73602&z=17"
"מצד נחל צנע","30.74263, 34.73291","IAA",96,false,"https://www.google.com/maps?q=30.74263,34.73291&ll=30.74263,34.73291&z=17"
"מצד נחל צנע","30.74265, 34.73813","IAA",96,false,"https://www.google.com/maps?q=30.74265,34.73813&ll=30.74265,34.73813&z=17"
"מצד נחל צנע","30.74988, 34.74227","IAA",96,false,"https://www.google.com/maps?q=30.74988,34.74227&ll=30.74988,34.74227&z=17"
"מצד נחל צנע","30.74900, 34.74959","IAA",96,false,"https://www.google.com/maps?q=30.74900,34.74959&ll=30.74900,34.74959&z=17"
"מצד נחל צנע","30.74717, 34.74020","IAA",96,false,"https://www.google.com/maps?q=30.74717,34.74020&ll=30.74717,34.74020&z=17"
"מצד נחל צנע","30.74719, 34.74751","IAA",96,false,"https://www.google.com/maps?q=30.74719,34.74751&ll=30.74719,34.74751&z=17"
"מצד נחל צנע","30.74538, 34.74543","IAA",96,false,"https://www.google.com/maps?q=30.74538,34.74543&ll=30.74538,34.74543&z=17"
"מצד נחל צנע","30.74812, 34.75481","IAA",96,false,"https://www.google.com/maps?q=30.74812,34.75481&ll=30.74812,34.75481&z=17"
"מצד נחל צנע","30.74813, 34.75690","IAA",96,false,"https://www.google.com/maps?q=30.74813,34.75690&ll=30.74813,34.75690&z=17"
"מצד נחל צנע","30.74630, 34.75169","IAA",96,false,"https://www.google.com/maps?q=30.74630,34.75169&ll=30.74630,34.75169&z=17"
"מצד נחל צנע","30.74632, 34.75482","IAA",96,false,"https://www.google.com/maps?q=30.74632,34.75482&ll=30.74632,34.75482&z=17"
"מצד נחל צנע","30.74361, 34.75483","IAA",96,false,"https://www.google.com/maps?q=30.74361,34.75483&ll=30.74361,34.75483&z=17"
"מצד נחל צנע","30.74364, 34.76423","IAA",96,false,"https://www.google.com/maps?q=30.74364,34.76423&ll=30.74364,34.76423&z=17"
"מצד נחל צנע","30.74909, 34.77570","IAA",96,false,"https://www.google.com/maps?q=30.74909,34.77570&ll=30.74909,34.77570&z=17"
"מצד נחל צנע","30.74729, 34.77466","IAA",96,false,"https://www.google.com/maps?q=30.74729,34.77466&ll=30.74729,34.77466&z=17"
"מצד נחל צנע","30.74277, 34.77155","IAA",96,false,"https://www.google.com/maps?q=30.74277,34.77155&ll=30.74277,34.77155&z=17"
"מצד נחל צנע","30.74174, 34.73605","IAA",96,false,"https://www.google.com/maps?q=30.74174,34.73605&ll=30.74174,34.73605&z=17"
"מצד נחל צנע","30.74083, 34.73396","IAA",96,false,"https://www.google.com/maps?q=30.74083,34.73396&ll=30.74083,34.73396&z=17"
"מצד נחל צנע","30.73995, 34.73919","IAA",96,false,"https://www.google.com/maps?q=30.73995,34.73919&ll=30.73995,34.73919&z=17"
"מצד נחל צנע","30.73724, 34.73920","IAA",96,false,"https://www.google.com/maps?q=30.73724,34.73920&ll=30.73724,34.73920&z=17"
"מצד נחל צנע","30.74177, 34.74440","IAA",96,false,"https://www.google.com/maps?q=30.74177,34.74440&ll=30.74177,34.74440&z=17"
"מצד נחל צנע","30.73998, 34.74963","IAA",96,false,"https://www.google.com/maps?q=30.73998,34.74963&ll=30.73998,34.74963&z=17"
"מצד נחל צנע","30.74001, 34.75694","IAA",96,false,"https://www.google.com/maps?q=30.74001,34.75694&ll=30.74001,34.75694&z=17"
"מצד נחל צנע","30.74002, 34.75903","IAA",96,false,"https://www.google.com/maps?q=30.74002,34.75903&ll=30.74002,34.75903&z=17"
"מצד נחל צנע","30.73910, 34.75381","IAA",96,false,"https://www.google.com/maps?q=30.73910,34.75381&ll=30.73910,34.75381&z=17"
"מצד נחל צנע","30.73822, 34.76008","IAA",96,false,"https://www.google.com/maps?q=30.73822,34.76008&ll=30.73822,34.76008&z=17"
"מצד נחל צנע","30.73641, 34.75905","IAA",96,false,"https://www.google.com/maps?q=30.73641,34.75905&ll=30.73641,34.75905&z=17"
"מצד נחל צנע","30.73549, 34.75487","IAA",96,false,"https://www.google.com/maps?q=30.73549,34.75487&ll=30.73549,34.75487&z=17"
"מצד נחל צנע","30.73732, 34.76217","IAA",96,false,"https://www.google.com/maps?q=30.73732,34.76217&ll=30.73732,34.76217&z=17"
"מצד נחל צנע","30.74187, 34.77260","IAA",96,false,"https://www.google.com/maps?q=30.74187,34.77260&ll=30.74187,34.77260&z=17"
"מצד נחל צנע","30.73002, 34.73819","IAA",96,false,"https://www.google.com/maps?q=30.73002,34.73819&ll=30.73002,34.73819&z=17"
"מצד נחל צנע","30.72640, 34.73351","IAA",96,false,"https://www.google.com/maps?q=30.72640,34.73351&ll=30.72640,34.73351&z=17"
"מצד נחל צנע","30.72733, 34.74343","IAA",96,false,"https://www.google.com/maps?q=30.72733,34.74343&ll=30.72733,34.74343&z=17"
"מצד נחל צנע","30.72465, 34.74866","IAA",96,false,"https://www.google.com/maps?q=30.72465,34.74866&ll=30.72465,34.74866&z=17"
"מצד נחל צנע","30.73279, 34.75593","IAA",96,false,"https://www.google.com/maps?q=30.73279,34.75593&ll=30.73279,34.75593&z=17"
"מצד נחל צנע","30.72646, 34.75074","IAA",96,false,"https://www.google.com/maps?q=30.72646,34.75074&ll=30.72646,34.75074&z=17"
"מצד נחל צנע","30.73193, 34.76794","IAA",96,false,"https://www.google.com/maps?q=30.73193,34.76794&ll=30.73193,34.76794&z=17"
"מצד נחל צנע","30.73011, 34.76430","IAA",96,false,"https://www.google.com/maps?q=30.73011,34.76430&ll=30.73011,34.76430&z=17"
"מצד נחל צנע","30.72877, 34.76848","IAA",96,false,"https://www.google.com/maps?q=30.72877,34.76848&ll=30.72877,34.76848&z=17"
"מצד נחל צנע","30.72560, 34.76223","IAA",96,false,"https://www.google.com/maps?q=30.72560,34.76223&ll=30.72560,34.76223&z=17"
"מצד נחל צנע","30.72470, 34.76484","IAA",96,false,"https://www.google.com/maps?q=30.72470,34.76484&ll=30.72470,34.76484&z=17"
"מצד נחל צנע","30.71651, 34.74348","IAA",96,false,"https://www.google.com/maps?q=30.71651,34.74348&ll=30.71651,34.74348&z=17"
"מצד נחל צנע","30.71561, 34.74453","IAA",96,false,"https://www.google.com/maps?q=30.71561,34.74453&ll=30.71561,34.74453&z=17"
"מצד נחל צנע","30.72421, 34.75180","IAA",96,false,"https://www.google.com/maps?q=30.72421,34.75180&ll=30.72421,34.75180&z=17"
"מצד נחל צנע","30.72020, 34.76539","IAA",96,false,"https://www.google.com/maps?q=30.72020,34.76539&ll=30.72020,34.76539&z=17"
"מצד נחל צנע","30.71292, 34.74767","IAA",96,false,"https://www.google.com/maps?q=30.71292,34.74767&ll=30.71292,34.74767&z=17"
"מצד נחל צנע","30.71111, 34.74768","IAA",96,false,"https://www.google.com/maps?q=30.71111,34.74768&ll=30.71111,34.74768&z=17"
"מצד סרפד","30.68389, 34.67255","PhD",1,true,"https://www.google.com/maps?q=30.68389,34.67255&ll=30.68389,34.67255&z=17"
"מצודת הר חמת","30.62250, 34.72250","PhD",19,true,"https://www.google.com/maps?q=30.62250,34.72250&ll=30.62250,34.72250&z=17"
"מצודת הר חמת","33.11472, 35.55611","https://he.wikipedia.org/wiki/%D7%9E%D7%A6%D7%95%D7%93%D7%AA_%D7%9B%22%D7%97",19,false,"https://www.google.com/maps?q=33.11472,35.55611&ll=33.11472,35.55611&z=17"
"מצודת הר חמת","30.61352, 34.70122","IAA",19,false,"https://www.google.com/maps?q=30.61352,34.70122&ll=30.61352,34.70122&z=17"
"מצודת הר חמת","30.60864, 34.72210","IAA",19,false,"https://www.google.com/maps?q=30.60864,34.72210&ll=30.60864,34.72210&z=17"
"מצודת הר חמת","30.61586, 34.72311","IAA",19,false,"https://www.google.com/maps?q=30.61586,34.72311&ll=30.61586,34.72311&z=17"
"מצודת הר חמת","30.60232, 34.71848","IAA",19,false,"https://www.google.com/maps?q=30.60232,34.71848&ll=30.60232,34.71848&z=17"
"מצודת הר חמת","30.60413, 34.72056","IAA",19,false,"https://www.google.com/maps?q=30.60413,34.72056&ll=30.60413,34.72056&z=17"
"מצודת הר חמת","30.60989, 34.69550","IAA",19,false,"https://www.google.com/maps?q=30.60989,34.69550&ll=30.60989,34.69550&z=17"
"מצודת הר חמת","30.60946, 34.70072","IAA",19,false,"https://www.google.com/maps?q=30.60946,34.70072&ll=30.60946,34.70072&z=17"
"מצודת הר חמת","30.60766, 34.70177","IAA",19,false,"https://www.google.com/maps?q=30.60766,34.70177&ll=30.60766,34.70177&z=17"
"מצודת הר חמת","30.60908, 34.71845","IAA",19,false,"https://www.google.com/maps?q=30.60908,34.71845&ll=30.60908,34.71845&z=17"
"מצודת הר חמת","30.61317, 34.72677","IAA",19,false,"https://www.google.com/maps?q=30.61317,34.72677&ll=30.61317,34.72677&z=17"
"מצודת הר חמת","30.61274, 34.73251","IAA",19,false,"https://www.google.com/maps?q=30.61274,34.73251&ll=30.61274,34.73251&z=17"
"מצודת הר חמת","30.60227, 34.70545","IAA",19,false,"https://www.google.com/maps?q=30.60227,34.70545&ll=30.60227,34.70545&z=17"
"מצודת הר חמת","30.60184, 34.71275","IAA",19,false,"https://www.google.com/maps?q=30.60184,34.71275&ll=30.60184,34.71275&z=17"
"מצודת הר חמת","30.60185, 34.71484","IAA",19,false,"https://www.google.com/maps?q=30.60185,34.71484&ll=30.60185,34.71484&z=17"
"מצודת הר חמת","30.60641, 34.72889","IAA",19,false,"https://www.google.com/maps?q=30.60641,34.72889&ll=30.60641,34.72889&z=17"
"מצודת הר חמת","30.59775, 34.70339","IAA",19,false,"https://www.google.com/maps?q=30.59775,34.70339&ll=30.59775,34.70339&z=17"
"מצודת הר חמת","30.59549, 34.70392","IAA",19,false,"https://www.google.com/maps?q=30.59549,34.70392&ll=30.59549,34.70392&z=17"
"מצודת חתירה","30.95531, 34.94233","PhD",2,true,"https://www.google.com/maps?q=30.95531,34.94233&ll=30.95531,34.94233&z=17"
"מצודת חתירה","31.18444, 35.70500","https://he.wikipedia.org/wiki/%D7%9B%D7%A8%D7%9B",2,false,"https://www.google.com/maps?q=31.18444,35.70500&ll=31.18444,35.70500&z=17"
"מצודת נחל אלה","30.72447, 34.67651","PhD",56,true,"https://www.google.com/maps?q=30.72447,34.67651&ll=30.72447,34.67651&z=17"
"מצודת נחל אלה","33.11472, 35.55611","https://he.wikipedia.org/wiki/%D7%9E%D7%A6%D7%95%D7%93%D7%AA_%D7%9B%22%D7%97",56,false,"https://www.google.com/maps?q=33.11472,35.55611&ll=33.11472,35.55611&z=17"
"מצודת נחל אלה","30.67121, 34.69100","IAA",56,false,"https://www.google.com/maps?q=30.67121,34.69100&ll=30.67121,34.69100&z=17"
"מצודת נחל אלה","30.66850, 34.68893","IAA",56,false,"https://www.google.com/maps?q=30.66850,34.68893&ll=30.66850,34.68893&z=17"
"מצודת נחל אלה","30.66852, 34.69467","IAA",56,false,"https://www.google.com/maps?q=30.66852,34.69467&ll=30.66852,34.69467&z=17"
"מצודת נחל אלה","30.66357, 34.69783","IAA",56,false,"https://www.google.com/maps?q=30.66357,34.69783&ll=30.66357,34.69783&z=17"
"מצודת נחל אלה","30.66177, 34.69783","IAA",56,false,"https://www.google.com/maps?q=30.66177,34.69783&ll=30.66177,34.69783&z=17"
"מצודת נחל אלה","30.65368, 34.70466","IAA",56,false,"https://www.google.com/maps?q=30.65368,34.70466&ll=30.65368,34.70466&z=17"
"מצודת נחל אלה","30.65687, 34.71299","IAA",56,false,"https://www.google.com/maps?q=30.65687,34.71299&ll=30.65687,34.71299&z=17"
"מצודת נחל אלה","30.64245, 34.71619","IAA",56,false,"https://www.google.com/maps?q=30.64245,34.71619&ll=30.64245,34.71619&z=17"
"מצודת נחל אלה","30.67209, 34.68578","IAA",56,false,"https://www.google.com/maps?q=30.67209,34.68578&ll=30.67209,34.68578&z=17"
"מצודת נחל אלה","30.67617, 34.69098","IAA",56,false,"https://www.google.com/maps?q=30.67617,34.69098&ll=30.67617,34.69098&z=17"
"מצודת נחל אלה","30.67574, 34.69463","IAA",56,false,"https://www.google.com/maps?q=30.67574,34.69463&ll=30.67574,34.69463&z=17"
"מצודת נחל אלה","30.67528, 34.69255","IAA",56,false,"https://www.google.com/maps?q=30.67528,34.69255&ll=30.67528,34.69255&z=17"
"מצודת נחל אלה","30.67392, 34.69203","IAA",56,false,"https://www.google.com/maps?q=30.67392,34.69203&ll=30.67392,34.69203&z=17"
"מצודת נחל אלה","30.66897, 34.69310","IAA",56,false,"https://www.google.com/maps?q=30.66897,34.69310&ll=30.66897,34.69310&z=17"
"מצודת נחל אלה","30.66943, 34.69727","IAA",56,false,"https://www.google.com/maps?q=30.66943,34.69727&ll=30.66943,34.69727&z=17"
"מצודת נחל אלה","30.66628, 34.69781","IAA",56,false,"https://www.google.com/maps?q=30.66628,34.69781&ll=30.66628,34.69781&z=17"
"מצודת נחל אלה","30.66285, 34.69678","IAA",56,false,"https://www.google.com/maps?q=30.66285,34.69678&ll=30.66285,34.69678&z=17"
"מצודת נחל אלה","30.66448, 34.69938","IAA",56,false,"https://www.google.com/maps?q=30.66448,34.69938&ll=30.66448,34.69938&z=17"
"מצודת נחל אלה","30.66178, 34.70044","IAA",56,false,"https://www.google.com/maps?q=30.66178,34.70044&ll=30.66178,34.70044&z=17"
"מצודת נחל אלה","30.66404, 34.70200","IAA",56,false,"https://www.google.com/maps?q=30.66404,34.70200&ll=30.66404,34.70200&z=17"
"מצודת נחל אלה","30.66764, 34.70041","IAA",56,false,"https://www.google.com/maps?q=30.66764,34.70041&ll=30.66764,34.70041&z=17"
"מצודת נחל אלה","30.66945, 34.70301","IAA",56,false,"https://www.google.com/maps?q=30.66945,34.70301&ll=30.66945,34.70301&z=17"
"מצודת נחל אלה","30.66947, 34.70823","IAA",56,false,"https://www.google.com/maps?q=30.66947,34.70823&ll=30.66947,34.70823&z=17"
"מצודת נחל אלה","30.65859, 34.69264","IAA",56,false,"https://www.google.com/maps?q=30.65859,34.69264&ll=30.65859,34.69264&z=17"
"מצודת נחל אלה","30.65409, 34.69422","IAA",56,false,"https://www.google.com/maps?q=30.65409,34.69422&ll=30.65409,34.69422&z=17"
"מצודת נחל אלה","30.65589, 34.69526","IAA",56,false,"https://www.google.com/maps?q=30.65589,34.69526&ll=30.65589,34.69526&z=17"
"מצודת נחל אלה","30.65997, 34.69941","IAA",56,false,"https://www.google.com/maps?q=30.65997,34.69941&ll=30.65997,34.69941&z=17"
"מצודת נחל אלה","30.65863, 34.70307","IAA",56,false,"https://www.google.com/maps?q=30.65863,34.70307&ll=30.65863,34.70307&z=17"
"מצודת נחל אלה","30.66089, 34.70410","IAA",56,false,"https://www.google.com/maps?q=30.66089,34.70410&ll=30.66089,34.70410&z=17"
"מצודת נחל אלה","30.65233, 34.70727","IAA",56,false,"https://www.google.com/maps?q=30.65233,34.70727&ll=30.65233,34.70727&z=17"
"מצודת נחל אלה","30.65549, 34.70830","IAA",56,false,"https://www.google.com/maps?q=30.65549,34.70830&ll=30.65549,34.70830&z=17"
"מצודת נחל אלה","30.65416, 34.71248","IAA",56,false,"https://www.google.com/maps?q=30.65416,34.71248&ll=30.65416,34.71248&z=17"
"מצודת נחל אלה","30.64600, 34.70209","IAA",56,false,"https://www.google.com/maps?q=30.64600,34.70209&ll=30.64600,34.70209&z=17"
"מצודת נחל אלה","30.64691, 34.70313","IAA",56,false,"https://www.google.com/maps?q=30.64691,34.70313&ll=30.64691,34.70313&z=17"
"מצודת נחל אלה","30.64916, 34.70260","IAA",56,false,"https://www.google.com/maps?q=30.64916,34.70260&ll=30.64916,34.70260&z=17"
"מצודת נחל אלה","30.65052, 34.70415","IAA",56,false,"https://www.google.com/maps?q=30.65052,34.70415&ll=30.65052,34.70415&z=17"
"מצודת נחל אלה","30.64786, 34.71616","IAA",56,false,"https://www.google.com/maps?q=30.64786,34.71616&ll=30.64786,34.71616&z=17"
"מצודת נחל אלה","30.64516, 34.71774","IAA",56,false,"https://www.google.com/maps?q=30.64516,34.71774&ll=30.64516,34.71774&z=17"
"מצודת נחל אלה","30.63794, 34.71726","IAA",56,false,"https://www.google.com/maps?q=30.63794,34.71726&ll=30.63794,34.71726&z=17"
"מצודת נחל אלה","30.67253, 34.68212","IAA",56,false,"https://www.google.com/maps?q=30.67253,34.68212&ll=30.67253,34.68212&z=17"
"מצודת נחל אלה","30.67615, 34.68576","IAA",56,false,"https://www.google.com/maps?q=30.67615,34.68576&ll=30.67615,34.68576&z=17"
"מצודת נחל אלה","30.67074, 34.68474","IAA",56,false,"https://www.google.com/maps?q=30.67074,34.68474&ll=30.67074,34.68474&z=17"
"מצודת נחל אלה","30.67210, 34.68787","IAA",56,false,"https://www.google.com/maps?q=30.67210,34.68787&ll=30.67210,34.68787&z=17"
"מצודת נחל אלה","30.67616, 34.68732","IAA",56,false,"https://www.google.com/maps?q=30.67616,34.68732&ll=30.67616,34.68732&z=17"
"מצודת נחל אלה","30.67841, 34.68679","IAA",56,false,"https://www.google.com/maps?q=30.67841,34.68679&ll=30.67841,34.68679&z=17"
"מצודת נחל אלה","30.66756, 34.68059","IAA",56,false,"https://www.google.com/maps?q=30.66756,34.68059&ll=30.66756,34.68059&z=17"
"מצודת נחל אלה","30.66666, 34.68163","IAA",56,false,"https://www.google.com/maps?q=30.66666,34.68163&ll=30.66666,34.68163&z=17"
"מצודת נחל אלה","30.66576, 34.68216","IAA",56,false,"https://www.google.com/maps?q=30.66576,34.68216&ll=30.66576,34.68216&z=17"
"מצודת נחל אלה","30.66982, 34.68214","IAA",56,false,"https://www.google.com/maps?q=30.66982,34.68214&ll=30.66982,34.68214&z=17"
"מצודת נחל אלה","30.66847, 34.68319","IAA",56,false,"https://www.google.com/maps?q=30.66847,34.68319&ll=30.66847,34.68319&z=17"
"מצודת נחל אלה","30.66487, 34.68530","IAA",56,false,"https://www.google.com/maps?q=30.66487,34.68530&ll=30.66487,34.68530&z=17"
"מצודת נחל אלה","30.66352, 34.68374","IAA",56,false,"https://www.google.com/maps?q=30.66352,34.68374&ll=30.66352,34.68374&z=17"
"מצודת נחל אלה","30.66126, 34.68427","IAA",56,false,"https://www.google.com/maps?q=30.66126,34.68427&ll=30.66126,34.68427&z=17"
"מצודת נחל אלה","30.65675, 34.68378","IAA",56,false,"https://www.google.com/maps?q=30.65675,34.68378&ll=30.65675,34.68378&z=17"
"מצודת נחל יתר","30.69108, 34.69664","IAA",131,true,"https://www.google.com/maps?q=30.69108,34.69664&ll=30.69108,34.69664&z=17"
"מצודת נחל יתר","51.50820, -0.07620","https://he.wikipedia.org/wiki/%D7%9E%D7%A6%D7%95%D7%93%D7%AA_%D7%9C%D7%95%D7%A0%D7%93%D7%95%D7%9F",131,false,"https://www.google.com/maps?q=51.50820,-0.07620&ll=51.50820,-0.07620&z=17"
"מצודת נחל יתר","30.67396, 34.70299","IAA",131,false,"https://www.google.com/maps?q=30.67396,34.70299&ll=30.67396,34.70299&z=17"
"מצודת נחל יתר","30.67444, 34.70872","IAA",131,false,"https://www.google.com/maps?q=30.67444,34.70872&ll=30.67444,34.70872&z=17"
"מצודת נחל יתר","30.67051, 34.74422","IAA",131,false,"https://www.google.com/maps?q=30.67051,34.74422&ll=30.67051,34.74422&z=17"
"מצודת נחל יתר","30.66825, 34.74215","IAA",131,false,"https://www.google.com/maps?q=30.66825,34.74215&ll=30.66825,34.74215&z=17"
"מצודת נחל יתר","30.64296, 34.73236","IAA",131,false,"https://www.google.com/maps?q=30.64296,34.73236&ll=30.64296,34.73236&z=17"
"מצודת נחל יתר","30.67735, 34.64923","IAA",131,false,"https://www.google.com/maps?q=30.67735,34.64923&ll=30.67735,34.64923&z=17"
"מצודת נחל יתר","30.67383, 34.66855","IAA",131,false,"https://www.google.com/maps?q=30.67383,34.66855&ll=30.67383,34.66855&z=17"
"מצודת נחל יתר","30.67563, 34.66959","IAA",131,false,"https://www.google.com/maps?q=30.67563,34.66959&ll=30.67563,34.66959&z=17"
"מצודת נחל יתר","30.70554, 34.70543","IAA",131,false,"https://www.google.com/maps?q=30.70554,34.70543&ll=30.70554,34.70543&z=17"
"מצודת נחל יתר","30.69111, 34.70394","IAA",131,false,"https://www.google.com/maps?q=30.69111,34.70394&ll=30.69111,34.70394&z=17"
"מצודת נחל יתר","30.68568, 34.69980","IAA",131,false,"https://www.google.com/maps?q=30.68568,34.69980&ll=30.68568,34.69980&z=17"
"מצודת נחל יתר","30.68209, 34.70399","IAA",131,false,"https://www.google.com/maps?q=30.68209,34.70399&ll=30.68209,34.70399&z=17"
"מצודת נחל יתר","30.68308, 34.72694","IAA",131,false,"https://www.google.com/maps?q=30.68308,34.72694&ll=30.68308,34.72694&z=17"
"מצודת נחל יתר","30.67218, 34.70717","IAA",131,false,"https://www.google.com/maps?q=30.67218,34.70717&ll=30.67218,34.70717&z=17"
"מצודת נחל יתר","30.67580, 34.70976","IAA",131,false,"https://www.google.com/maps?q=30.67580,34.70976&ll=30.67580,34.70976&z=17"
"מצודת נחל יתר","30.67625, 34.71080","IAA",131,false,"https://www.google.com/maps?q=30.67625,34.71080&ll=30.67625,34.71080&z=17"
"מצודת נחל יתר","30.67311, 34.71551","IAA",131,false,"https://www.google.com/maps?q=30.67311,34.71551&ll=30.67311,34.71551&z=17"
"מצודת נחל יתר","30.67544, 34.73429","IAA",131,false,"https://www.google.com/maps?q=30.67544,34.73429&ll=30.67544,34.73429&z=17"
"מצודת נחל יתר","30.67213, 34.69569","IAA",131,false,"https://www.google.com/maps?q=30.67213,34.69569&ll=30.67213,34.69569&z=17"
"מצודת נחל יתר","30.67666, 34.70036","IAA",131,false,"https://www.google.com/maps?q=30.67666,34.70036&ll=30.67666,34.70036&z=17"
"מצודת נחל יתר","30.67847, 34.70088","IAA",131,false,"https://www.google.com/maps?q=30.67847,34.70088&ll=30.67847,34.70088&z=17"
"מצודת נחל יתר","30.67895, 34.70870","IAA",131,false,"https://www.google.com/maps?q=30.67895,34.70870&ll=30.67895,34.70870&z=17"
"מצודת נחל יתר","30.67489, 34.71029","IAA",131,false,"https://www.google.com/maps?q=30.67489,34.71029&ll=30.67489,34.71029&z=17"
"מצודת נחל יתר","30.67491, 34.71342","IAA",131,false,"https://www.google.com/maps?q=30.67491,34.71342&ll=30.67491,34.71342&z=17"
"מצודת נחל יתר","30.67039, 34.71292","IAA",131,false,"https://www.google.com/maps?q=30.67039,34.71292&ll=30.67039,34.71292&z=17"
"מצודת נחל יתר","30.67265, 34.71343","IAA",131,false,"https://www.google.com/maps?q=30.67265,34.71343&ll=30.67265,34.71343&z=17"
"מצודת נחל יתר","30.67312, 34.71760","IAA",131,false,"https://www.google.com/maps?q=30.67312,34.71760&ll=30.67312,34.71760&z=17"
"מצודת נחל יתר","30.67717, 34.71549","IAA",131,false,"https://www.google.com/maps?q=30.67717,34.71549&ll=30.67717,34.71549&z=17"
"מצודת נחל יתר","30.67136, 34.73013","IAA",131,false,"https://www.google.com/maps?q=30.67136,34.73013&ll=30.67136,34.73013&z=17"
"מצודת נחל יתר","30.67050, 34.74005","IAA",131,false,"https://www.google.com/maps?q=30.67050,34.74005&ll=30.67050,34.74005&z=17"
"מצודת נחל יתר","30.67547, 34.74420","IAA",131,false,"https://www.google.com/maps?q=30.67547,34.74420&ll=30.67547,34.74420&z=17"
"מצודת נחל יתר","30.66407, 34.71086","IAA",131,false,"https://www.google.com/maps?q=30.66407,34.71086&ll=30.66407,34.71086&z=17"
"מצודת נחל יתר","30.66499, 34.71347","IAA",131,false,"https://www.google.com/maps?q=30.66499,34.71347&ll=30.66499,34.71347&z=17"
"מצודת נחל יתר","30.66952, 34.71919","IAA",131,false,"https://www.google.com/maps?q=30.66952,34.71919&ll=30.66952,34.71919&z=17"
"מצודת נחל יתר","30.66953, 34.72179","IAA",131,false,"https://www.google.com/maps?q=30.66953,34.72179&ll=30.66953,34.72179&z=17"
"מצודת נחל יתר","30.66817, 34.72180","IAA",131,false,"https://www.google.com/maps?q=30.66817,34.72180&ll=30.66817,34.72180&z=17"
"מצודת נחל יתר","30.66232, 34.72496","IAA",131,false,"https://www.google.com/maps?q=30.66232,34.72496&ll=30.66232,34.72496&z=17"
"מצודת נחל יתר","30.66323, 34.72704","IAA",131,false,"https://www.google.com/maps?q=30.66323,34.72704&ll=30.66323,34.72704&z=17"
"מצודת נחל יתר","30.66776, 34.73172","IAA",131,false,"https://www.google.com/maps?q=30.66776,34.73172&ll=30.66776,34.73172&z=17"
"מצודת נחל יתר","30.67002, 34.73223","IAA",131,false,"https://www.google.com/maps?q=30.67002,34.73223&ll=30.67002,34.73223&z=17"
"מצודת נחל יתר","30.66687, 34.73485","IAA",131,false,"https://www.google.com/maps?q=30.66687,34.73485&ll=30.66687,34.73485&z=17"
"מצודת נחל יתר","30.66147, 34.73957","IAA",131,false,"https://www.google.com/maps?q=30.66147,34.73957&ll=30.66147,34.73957&z=17"
"מצודת נחל יתר","30.66599, 34.74059","IAA",131,false,"https://www.google.com/maps?q=30.66599,34.74059&ll=30.66599,34.74059&z=17"
"מצודת נחל יתר","30.67006, 34.74266","IAA",131,false,"https://www.google.com/maps?q=30.67006,34.74266&ll=30.67006,34.74266&z=17"
"מצודת נחל יתר","30.66193, 34.74218","IAA",131,false,"https://www.google.com/maps?q=30.66193,34.74218&ll=30.66193,34.74218&z=17"
"מצודת נחל יתר","30.66284, 34.74374","IAA",131,false,"https://www.google.com/maps?q=30.66284,34.74374&ll=30.66284,34.74374&z=17"
"מצודת נחל יתר","30.66375, 34.74582","IAA",131,false,"https://www.google.com/maps?q=30.66375,34.74582&ll=30.66375,34.74582&z=17"
"מצודת נחל יתר","30.66092, 34.71140","IAA",131,false,"https://www.google.com/maps?q=30.66092,34.71140&ll=30.66092,34.71140&z=17"
"מצודת נחל יתר","30.65962, 34.72602","IAA",131,false,"https://www.google.com/maps?q=30.65962,34.72602&ll=30.65962,34.72602&z=17"
"מצודת נחל יתר","30.64340, 34.73027","IAA",131,false,"https://www.google.com/maps?q=30.64340,34.73027&ll=30.64340,34.73027&z=17"
"מצודת נחל יתר","30.64702, 34.73338","IAA",131,false,"https://www.google.com/maps?q=30.64702,34.73338&ll=30.64702,34.73338&z=17"
"מצודת נחל יתר","30.64882, 34.73129","IAA",131,false,"https://www.google.com/maps?q=30.64882,34.73129&ll=30.64882,34.73129&z=17"
"מצודת נחל יתר","30.64659, 34.73964","IAA",131,false,"https://www.google.com/maps?q=30.64659,34.73964&ll=30.64659,34.73964&z=17"
"מצודת נחל יתר","30.63617, 34.72718","IAA",131,false,"https://www.google.com/maps?q=30.63617,34.72718&ll=30.63617,34.72718&z=17"
"מצודת נחל יתר","30.63889, 34.73029","IAA",131,false,"https://www.google.com/maps?q=30.63889,34.73029&ll=30.63889,34.73029&z=17"
"מצודת נחל יתר","30.63935, 34.73342","IAA",131,false,"https://www.google.com/maps?q=30.63935,34.73342&ll=30.63935,34.73342&z=17"
"מצודת נחל יתר","30.64071, 34.73394","IAA",131,false,"https://www.google.com/maps?q=30.64071,34.73394&ll=30.64071,34.73394&z=17"
"מצודת נחל יתר","30.62715, 34.72514","IAA",131,false,"https://www.google.com/maps?q=30.62715,34.72514&ll=30.62715,34.72514&z=17"
"מצודת נחל יתר","30.62715, 34.72618","IAA",131,false,"https://www.google.com/maps?q=30.62715,34.72618&ll=30.62715,34.72618&z=17"
"מצודת נחל יתר","30.62895, 34.72565","IAA",131,false,"https://www.google.com/maps?q=30.62895,34.72565&ll=30.62895,34.72565&z=17"
"מצודת נחל יתר","30.62941, 34.72877","IAA",131,false,"https://www.google.com/maps?q=30.62941,34.72877&ll=30.62941,34.72877&z=17"
"מצודת נחל יתר","30.62717, 34.73192","IAA",131,false,"https://www.google.com/maps?q=30.62717,34.73192&ll=30.62717,34.73192&z=17"
"מצודת נחל יתר","30.62541, 34.74392","IAA",131,false,"https://www.google.com/maps?q=30.62541,34.74392&ll=30.62541,34.74392&z=17"
"מצודת נחל יתר","30.62219, 34.72516","IAA",131,false,"https://www.google.com/maps?q=30.62219,34.72516&ll=30.62219,34.72516&z=17"
"מצודת נחל יתר","30.62130, 34.72882","IAA",131,false,"https://www.google.com/maps?q=30.62130,34.72882&ll=30.62130,34.72882&z=17"
"מצודת נחל יתר","30.61454, 34.73146","IAA",131,false,"https://www.google.com/maps?q=30.61454,34.73146&ll=30.61454,34.73146&z=17"
"מצודת נחל יתר","30.61183, 34.73095","IAA",131,false,"https://www.google.com/maps?q=30.61183,34.73095&ll=30.61183,34.73095&z=17"
"מצודת נחל יתר","30.67644, 34.64767","IAA",131,false,"https://www.google.com/maps?q=30.67644,34.64767&ll=30.67644,34.64767&z=17"
"מצודת נחל יתר","30.67736, 34.65183","IAA",131,false,"https://www.google.com/maps?q=30.67736,34.65183&ll=30.67736,34.65183&z=17"
"מצודת נחל יתר","30.67876, 34.66226","IAA",131,false,"https://www.google.com/maps?q=30.67876,34.66226&ll=30.67876,34.66226&z=17"
"מצודת נחל יתר","30.67832, 34.66540","IAA",131,false,"https://www.google.com/maps?q=30.67832,34.66540&ll=30.67832,34.66540&z=17"
"מצודת נחל יתר","30.67471, 34.66542","IAA",131,false,"https://www.google.com/maps?q=30.67471,34.66542&ll=30.67471,34.66542&z=17"
"מצודת נחל יתר","30.67337, 34.66647","IAA",131,false,"https://www.google.com/maps?q=30.67337,34.66647&ll=30.67337,34.66647&z=17"
"מצודת נחל יתר","30.67915, 34.67009","IAA",131,false,"https://www.google.com/maps?q=30.67915,34.67009&ll=30.67915,34.67009&z=17"
"מצודת נחל יתר","30.67293, 34.67064","IAA",131,false,"https://www.google.com/maps?q=30.67293,34.67064&ll=30.67293,34.67064&z=17"
"מצודת נחל יתר","30.67520, 34.67324","IAA",131,false,"https://www.google.com/maps?q=30.67520,34.67324&ll=30.67520,34.67324&z=17"
"מצודת נחל יתר","30.67791, 34.67583","IAA",131,false,"https://www.google.com/maps?q=30.67791,34.67583&ll=30.67791,34.67583&z=17"
"מצודת נחל יתר","30.67883, 34.67844","IAA",131,false,"https://www.google.com/maps?q=30.67883,34.67844&ll=30.67883,34.67844&z=17"
"מצודת נחל יתר","30.66701, 34.65659","IAA",131,false,"https://www.google.com/maps?q=30.66701,34.65659&ll=30.66701,34.65659&z=17"
"מצודת נחל יתר","30.66574, 34.67642","IAA",131,false,"https://www.google.com/maps?q=30.66574,34.67642&ll=30.66574,34.67642&z=17"
"מצודת נחל יתר","30.66575, 34.67903","IAA",131,false,"https://www.google.com/maps?q=30.66575,34.67903&ll=30.66575,34.67903&z=17"
"מצודת נחל יתר","30.71451, 34.69233","IAA",131,false,"https://www.google.com/maps?q=30.71451,34.69233&ll=30.71451,34.69233&z=17"
"מצודת נחל יתר","30.70729, 34.69029","IAA",131,false,"https://www.google.com/maps?q=30.70729,34.69029&ll=30.70729,34.69029&z=17"
"מצודת נחל יתר","30.70686, 34.69551","IAA",131,false,"https://www.google.com/maps?q=30.70686,34.69551&ll=30.70686,34.69551&z=17"
"מצודת נחל יתר","30.70371, 34.69761","IAA",131,false,"https://www.google.com/maps?q=30.70371,34.69761&ll=30.70371,34.69761&z=17"
"מצודת נחל יתר","30.70278, 34.69031","IAA",131,false,"https://www.google.com/maps?q=30.70278,34.69031&ll=30.70278,34.69031&z=17"
"מצודת נחל יתר","30.70144, 34.69501","IAA",131,false,"https://www.google.com/maps?q=30.70144,34.69501&ll=30.70144,34.69501&z=17"
"מצודת נחל יתר","30.69917, 34.69033","IAA",131,false,"https://www.google.com/maps?q=30.69917,34.69033&ll=30.69917,34.69033&z=17"
"מצודת נחל יתר","30.69918, 34.69346","IAA",131,false,"https://www.google.com/maps?q=30.69918,34.69346&ll=30.69918,34.69346&z=17"
"מצודת נחל יתר","30.69784, 34.69712","IAA",131,false,"https://www.google.com/maps?q=30.69784,34.69712&ll=30.69784,34.69712&z=17"
"מצודת נחל יתר","30.70014, 34.70703","IAA",131,false,"https://www.google.com/maps?q=30.70014,34.70703&ll=30.70014,34.70703&z=17"
"מצודת נחל יתר","30.69787, 34.70443","IAA",131,false,"https://www.google.com/maps?q=30.69787,34.70443&ll=30.69787,34.70443&z=17"
"מצודת נחל יתר","30.69744, 34.70808","IAA",131,false,"https://www.google.com/maps?q=30.69744,34.70808&ll=30.69744,34.70808&z=17"
"מצודת נחל יתר","30.69793, 34.71904","IAA",131,false,"https://www.google.com/maps?q=30.69793,34.71904&ll=30.69793,34.71904&z=17"
"מצודת נחל יתר","30.69745, 34.71121","IAA",131,false,"https://www.google.com/maps?q=30.69745,34.71121&ll=30.69745,34.71121&z=17"
"מצודת נחל יתר","30.69747, 34.71748","IAA",131,false,"https://www.google.com/maps?q=30.69747,34.71748&ll=30.69747,34.71748&z=17"
"מצודת נחל יתר","30.69647, 34.69139","IAA",131,false,"https://www.google.com/maps?q=30.69647,34.69139&ll=30.69647,34.69139&z=17"
"מצודת נחל יתר","30.69559, 34.69765","IAA",131,false,"https://www.google.com/maps?q=30.69559,34.69765&ll=30.69559,34.69765&z=17"
"מצודת נחל יתר","30.69466, 34.68931","IAA",131,false,"https://www.google.com/maps?q=30.69466,34.68931&ll=30.69466,34.68931&z=17"
"מצודת נחל יתר","30.69196, 34.69141","IAA",131,false,"https://www.google.com/maps?q=30.69196,34.69141&ll=30.69196,34.69141&z=17"
"מצודת נחל יתר","30.69016, 34.69247","IAA",131,false,"https://www.google.com/maps?q=30.69016,34.69247&ll=30.69016,34.69247&z=17"
"מצודת נחל יתר","30.68927, 34.69560","IAA",131,false,"https://www.google.com/maps?q=30.68927,34.69560&ll=30.68927,34.69560&z=17"
"מצודת נחל יתר","30.69563, 34.70757","IAA",131,false,"https://www.google.com/maps?q=30.69563,34.70757&ll=30.69563,34.70757&z=17"
"מצודת נחל יתר","30.69469, 34.69870","IAA",131,false,"https://www.google.com/maps?q=30.69469,34.69870&ll=30.69469,34.69870&z=17"
"מצודת נחל יתר","30.69472, 34.70601","IAA",131,false,"https://www.google.com/maps?q=30.69472,34.70601&ll=30.69472,34.70601&z=17"
"מצודת נחל יתר","30.69110, 34.70185","IAA",131,false,"https://www.google.com/maps?q=30.69110,34.70185&ll=30.69110,34.70185&z=17"
"מצודת נחל יתר","30.69019, 34.70081","IAA",131,false,"https://www.google.com/maps?q=30.69019,34.70081&ll=30.69019,34.70081&z=17"
"מצודת נחל יתר","30.68931, 34.70604","IAA",131,false,"https://www.google.com/maps?q=30.68931,34.70604&ll=30.68931,34.70604&z=17"
"מצודת נחל יתר","30.69384, 34.71019","IAA",131,false,"https://www.google.com/maps?q=30.69384,34.71019&ll=30.69384,34.71019&z=17"
"מצודת נחל יתר","30.69204, 34.71229","IAA",131,false,"https://www.google.com/maps?q=30.69204,34.71229&ll=30.69204,34.71229&z=17"
"מצודת נחל יתר","30.69115, 34.71646","IAA",131,false,"https://www.google.com/maps?q=30.69115,34.71646&ll=30.69115,34.71646&z=17"
"מצודת נחל יתר","30.68933, 34.71126","IAA",131,false,"https://www.google.com/maps?q=30.68933,34.71126&ll=30.68933,34.71126&z=17"
"מצודת נחל יתר","30.68935, 34.71543","IAA",131,false,"https://www.google.com/maps?q=30.68935,34.71543&ll=30.68935,34.71543&z=17"
"מצודת נחל יתר","30.68655, 34.69248","IAA",131,false,"https://www.google.com/maps?q=30.68655,34.69248&ll=30.68655,34.69248&z=17"
"מצודת נחל יתר","30.68476, 34.69667","IAA",131,false,"https://www.google.com/maps?q=30.68476,34.69667&ll=30.68476,34.69667&z=17"
"מצודת נחל יתר","30.68294, 34.69250","IAA",131,false,"https://www.google.com/maps?q=30.68294,34.69250&ll=30.68294,34.69250&z=17"
"מצודת נחל יתר","30.68295, 34.69459","IAA",131,false,"https://www.google.com/maps?q=30.68295,34.69459&ll=30.68295,34.69459&z=17"
"מצודת נחל יתר","30.68751, 34.70605","IAA",131,false,"https://www.google.com/maps?q=30.68751,34.70605&ll=30.68751,34.70605&z=17"
"מצודת נחל יתר","30.68390, 34.70607","IAA",131,false,"https://www.google.com/maps?q=30.68390,34.70607&ll=30.68390,34.70607&z=17"
"מצודת נחל יתר","30.68255, 34.70660","IAA",131,false,"https://www.google.com/maps?q=30.68255,34.70660&ll=30.68255,34.70660&z=17"
"מצודת נחל יתר","30.68207, 34.69981","IAA",131,false,"https://www.google.com/maps?q=30.68207,34.69981&ll=30.68207,34.69981&z=17"
"מצודת נחל יתר","30.68030, 34.70869","IAA",131,false,"https://www.google.com/maps?q=30.68030,34.70869&ll=30.68030,34.70869&z=17"
"מצודת נחל יתר","30.68708, 34.71179","IAA",131,false,"https://www.google.com/maps?q=30.68708,34.71179&ll=30.68708,34.71179&z=17"
"מצודת נחל יתר","30.67988, 34.71704","IAA",131,false,"https://www.google.com/maps?q=30.67988,34.71704&ll=30.67988,34.71704&z=17"
"מצודת נחל יתר","30.68034, 34.71861","IAA",131,false,"https://www.google.com/maps?q=30.68034,34.71861&ll=30.68034,34.71861&z=17"
"מצודת נחל יתר","30.68216, 34.72277","IAA",131,false,"https://www.google.com/maps?q=30.68216,34.72277&ll=30.68216,34.72277&z=17"
"מצודת נחל יתר","30.68035, 34.72174","IAA",131,false,"https://www.google.com/maps?q=30.68035,34.72174&ll=30.68035,34.72174&z=17"
"מצודת נחל יתר","30.68761, 34.73214","IAA",131,false,"https://www.google.com/maps?q=30.68761,34.73214&ll=30.68761,34.73214&z=17"
"מצודת נחל יתר","30.68761, 34.73318","IAA",131,false,"https://www.google.com/maps?q=30.68761,34.73318&ll=30.68761,34.73318&z=17"
"מצודת נחל סרפד מזרח","30.65457, 34.59876","IAA",1,true,"https://www.google.com/maps?q=30.65457,34.59876&ll=30.65457,34.59876&z=17"
"מצודת נחל סרפד מערב","30.56000, 34.68000","PhD",1,true,"https://www.google.com/maps?q=30.56000,34.68000&ll=30.56000,34.68000&z=17"
"מצורת נחל עקרב","30.90667, 35.13167","https://he.wikipedia.org/wiki/%D7%9E%D7%A2%D7%9C%D7%94_%D7%A2%D7%A7%D7%A8%D7%91%D7%99%D7%9D",1,true,"https://www.google.com/maps?q=30.90667,35.13167&ll=30.90667,35.13167&z=17"
"סלע","30.32083, 35.43750","PhD",1,true,"https://www.google.com/maps?q=30.32083,35.43750&ll=30.32083,35.43750&z=17"
"ציוושטפה","36.26215, 46.68781","https://en.wikipedia.org/wiki/Ziwiyeh_Castle",1,true,"https://www.google.com/maps?q=36.26215,46.68781&ll=36.26215,46.68781&z=17"
"אל-עין","24.20750, 55.74472","https://he.wikipedia.org/wiki/%D7%90%D7%9C-%D7%A2%D7%99%D7%9F",1,true,"https://www.google.com/maps?q=24.20750,55.74472&ll=24.20750,55.74472&z=17"
"ירוחם","30.98796, 34.92900","https://he.wikipedia.org/wiki/%D7%99%D7%A8%D7%95%D7%97%D7%9D",1,true,"https://www.google.com/maps?q=30.98796,34.92900&ll=30.98796,34.92900&z=17"
"תעלת מנואה","38.40000, 43.41667","https://en.wikipedia.org/wiki/Tushpa",1,true,"https://www.google.com/maps?q=38.40000,43.41667&ll=38.40000,43.41667&z=17"
"ואן קלה","51.00000, 1.50000","https://en.wikipedia.org/wiki/Strait_of_Dover",1,true,"https://www.google.com/maps?q=51.00000,1.50000&ll=51.00000,1.50000&z=17"
"עיר ואן","49.56444, 3.62056","https://he.wikipedia.org/wiki/%D7%9C%D7%90%D7%9F_(%D7%A2%D7%99%D7%A8)",1,true,"https://www.google.com/maps?q=49.56444,3.62056&ll=49.56444,3.62056&z=17"
"רוסהינילי","38.52056, 43.40389","https://en.wikipedia.org/wiki/Toprakkale_(castle)",1,true,"https://www.google.com/maps?q=38.52056,43.40389&ll=38.52056,43.40389&z=17"
"אנקרה","39.86667, 30.86667","https://he.wikipedia.org/wiki/%D7%90%D7%A0%D7%A7%D7%A8%D7%94",1,true,"https://www.google.com/maps?q=39.86667,30.86667&ll=39.86667,30.86667&z=17"
"בוויאן","36.66972, 43.39361","https://en.wikipedia.org/wiki/Jerwan",1,true,"https://www.google.com/maps?q=36.66972,43.39361&ll=36.66972,43.39361&z=17"
"מפעל המים של אירביל","36.19111, 44.00917","https://en.wikipedia.org/wiki/Erbil",2,true,"https://www.google.com/maps?q=36.19111,44.00917&ll=36.19111,44.00917&z=17"
"מפעל המים של אירביל","32.81891, 35.59003","https://he.wikipedia.org/wiki/%D7%94%D7%9B%D7%A0%D7%A8%D7%AA",2,false,"https://www.google.com/maps?q=32.81891,35.59003&ll=32.81891,35.59003&z=17"
"נינוה","36.36000, 43.15300","PhD",2,true,"https://www.google.com/maps?q=36.36000,43.15300&ll=36.36000,43.15300&z=17"
"נינוה","36.36667, 43.15000","https://he.wikipedia.org/wiki/%D7%A0%D7%99%D7%A0%D7%95%D7%94",2,false,"https://www.google.com/maps?q=36.36667,43.15000&ll=36.36667,43.15000&z=17"
"קוואיר","38.40000, 43.41667","https://en.wikipedia.org/wiki/Menua_Canal",1,true,"https://www.google.com/maps?q=38.40000,43.41667&ll=38.40000,43.41667&z=17"
"אסקי מוסול","36.63028, 42.82306","https://en.wikipedia.org/wiki/Mosul_Dam",1,true,"https://www.google.com/maps?q=36.63028,42.82306&ll=36.63028,42.82306&z=17"
"בנדוואי","36.66972, 43.39361","https://en.wikipedia.org/wiki/Jerwan",1,true,"https://www.google.com/maps?q=36.66972,43.39361&ll=36.66972,43.39361&z=17"
"בצורה צ'אי","32.51861, 36.48194","https://en.wikipedia.org/wiki/Bosra",1,true,"https://www.google.com/maps?q=32.51861,36.48194&ll=32.51861,36.48194&z=17"
"ג'רוואן","36.66972, 43.39361","https://he.wikipedia.org/wiki/%D7%92%27%D7%A8%D7%95%D7%95%D7%90%D7%9F",1,true,"https://www.google.com/maps?q=36.66972,43.39361&ll=36.66972,43.39361&z=17"
"חינס","36.66972, 43.39361","https://en.wikipedia.org/wiki/Jerwan",2,true,"https://www.google.com/maps?q=36.66972,43.39361&ll=36.66972,43.39361&z=17"
"חינס","28.96250, -13.55056","https://he.wikipedia.org/wiki/%D7%90%D7%A8%D7%A1%D7%99%D7%A4%D7%94",2,false,"https://www.google.com/maps?q=28.96250,-13.55056&ll=28.96250,-13.55056&z=17"
"נהר אטרוש","36.66972, 43.39361","https://he.wikipedia.org/wiki/%D7%92%27%D7%A8%D7%95%D7%95%D7%90%D7%9F",1,true,"https://www.google.com/maps?q=36.66972,43.39361&ll=36.66972,43.39361&z=17"
"נהר גומל","52.41667, 30.98333","https://he.wikipedia.org/wiki/%D7%94%D7%95%D7%9E%D7%9C",1,true,"https://www.google.com/maps?q=52.41667,30.98333&ll=52.41667,30.98333&z=17"
"קלעה מורטקה","30.32861, 35.44194","https://en.wikipedia.org/wiki/Petra",1,true,"https://www.google.com/maps?q=30.32861,35.44194&ll=30.32861,35.44194&z=17"
"תעלת חינס","36.66972, 43.39361","https://en.wikipedia.org/wiki/Jerwan",2,true,"https://www.google.com/maps?q=36.66972,43.39361&ll=36.66972,43.39361&z=17"
"תעלת חינס","37.00000, -6.50000","https://he.wikipedia.org/wiki/%D7%94%D7%A4%D7%90%D7%A8%D7%A7_%D7%94%D7%9C%D7%90%D7%95%D7%9E%D7%99_%D7%93%D7%95%D7%A0%D7%99%D7%90%D7%A0%D7%94",2,false,"https://www.google.com/maps?q=37.00000,-6.50000&ll=37.00000,-6.50000&z=17"
"מגרה","37.99639, 23.34444","https://en.wikipedia.org/wiki/Megara",1,true,"https://www.google.com/maps?q=37.99639,23.34444&ll=37.99639,23.34444&z=17"
"סמוס","37.69083, 26.94333","https://en.wikipedia.org/wiki/Pythagoreion",2,true,"https://www.google.com/maps?q=37.69083,26.94333&ll=37.69083,26.94333&z=17"
"סמוס","37.75000, 26.83330","https://he.wikipedia.org/wiki/%D7%A1%D7%90%D7%9E%D7%95%D7%A1",2,false,"https://www.google.com/maps?q=37.75000,26.83330&ll=37.75000,26.83330&z=17"
"בעלמען","31.68450, 35.74850","PhD",1,true,"https://www.google.com/maps?q=31.68450,35.74850&ll=31.68450,35.74850&z=17"
"מדבא","31.71667, 35.80000","https://he.wikipedia.org/wiki/%D7%9E%D7%99%D7%93%D7%91%D7%90",1,true,"https://www.google.com/maps?q=31.71667,35.80000&ll=31.71667,35.80000&z=17"
"מנהרת חזקיהו","31.77236, 35.23567","https://he.wikipedia.org/wiki/%D7%A0%D7%A7%D7%91%D7%AA_%D7%94%D7%A9%D7%99%D7%9C%D7%95%D7%97",1,true,"https://www.google.com/maps?q=31.77236,35.23567&ll=31.77236,35.23567&z=17"
"נבו","31.76667, 35.72500","https://en.wikipedia.org/wiki/Mount_Nebo",1,true,"https://www.google.com/maps?q=31.76667,35.72500&ll=31.76667,35.72500&z=17"
"אשקלון","31.69707, 34.57618","IAA",36,true,"https://www.google.com/maps?q=31.69707,34.57618&ll=31.69707,34.57618&z=17"
"אשקלון","31.65908, 34.55250","IAA",36,false,"https://www.google.com/maps?q=31.65908,34.55250&ll=31.65908,34.55250&z=17"
"אשקלון","31.66043, 34.55355","IAA",36,false,"https://www.google.com/maps?q=31.66043,34.55355&ll=31.66043,34.55355&z=17"
"אשקלון","31.65458, 34.55591","IAA",36,false,"https://www.google.com/maps?q=31.65458,34.55591&ll=31.65458,34.55591&z=17"
"אשקלון","31.65955, 34.55746","IAA",36,false,"https://www.google.com/maps?q=31.65955,34.55746&ll=31.65955,34.55746&z=17"
"אשקלון","31.70103, 34.57330","IAA",36,false,"https://www.google.com/maps?q=31.70103,34.57330&ll=31.70103,34.57330&z=17"
"אשקלון","31.68573, 34.56149","IAA",36,false,"https://www.google.com/maps?q=31.68573,34.56149&ll=31.68573,34.56149&z=17"
"אשקלון","31.67243, 34.58953","IAA",36,false,"https://www.google.com/maps?q=31.67243,34.58953&ll=31.67243,34.58953&z=17"
"אשקלון","31.66910, 34.57215","IAA",36,false,"https://www.google.com/maps?q=31.66910,34.57215&ll=31.66910,34.57215&z=17"
"אשקלון","31.66997, 34.56740","IAA",36,false,"https://www.google.com/maps?q=31.66997,34.56740&ll=31.66997,34.56740&z=17"
"אשקלון","31.65600, 34.56855","IAA",36,false,"https://www.google.com/maps?q=31.65600,34.56855&ll=31.65600,34.56855&z=17"
"אשקלון","31.66872, 34.57407","https://he.wikipedia.org/wiki/%D7%90%D7%A9%D7%A7%D7%9C%D7%95%D7%9F",36,false,"https://www.google.com/maps?q=31.66872,34.57407&ll=31.66872,34.57407&z=17"
"אשקלון","31.68338, 34.57944","IAA",36,false,"https://www.google.com/maps?q=31.68338,34.57944&ll=31.68338,34.57944&z=17"
"אשקלון","31.68537, 34.58101","IAA",36,false,"https://www.google.com/maps?q=31.68537,34.58101&ll=31.68537,34.58101&z=17"
"אשקלון","31.68540, 34.58575","IAA",36,false,"https://www.google.com/maps?q=31.68540,34.58575&ll=31.68540,34.58575&z=17"
"אשקלון","31.68180, 34.58683","IAA",36,false,"https://www.google.com/maps?q=31.68180,34.58683&ll=31.68180,34.58683&z=17"
"אשקלון","31.66174, 34.54479","IAA",36,false,"https://www.google.com/maps?q=31.66174,34.54479&ll=31.66174,34.54479&z=17"
"אשקלון","31.70891, 34.58011","IAA",36,false,"https://www.google.com/maps?q=31.70891,34.58011&ll=31.70891,34.58011&z=17"
"אשקלון","31.70909, 34.58127","IAA",36,false,"https://www.google.com/maps?q=31.70909,34.58127&ll=31.70909,34.58127&z=17"
"אשקלון","31.71172, 34.58252","IAA",36,false,"https://www.google.com/maps?q=31.71172,34.58252&ll=31.71172,34.58252&z=17"
"אשקלון","31.70720, 34.58244","IAA",36,false,"https://www.google.com/maps?q=31.70720,34.58244&ll=31.70720,34.58244&z=17"
"אשקלון","31.70799, 34.57790","IAA",36,false,"https://www.google.com/maps?q=31.70799,34.57790&ll=31.70799,34.57790&z=17"
"אשקלון","31.71022, 34.58959","IAA",36,false,"https://www.google.com/maps?q=31.71022,34.58959&ll=31.71022,34.58959&z=17"
"אשקלון","31.71156, 34.58769","IAA",36,false,"https://www.google.com/maps?q=31.71156,34.58769&ll=31.71156,34.58769&z=17"
"אשקלון","31.70753, 34.59299","IAA",36,false,"https://www.google.com/maps?q=31.70753,34.59299&ll=31.70753,34.59299&z=17"
"אשקלון","31.70430, 34.57824","IAA",36,false,"https://www.google.com/maps?q=31.70430,34.57824&ll=31.70430,34.57824&z=17"
"אשקלון","31.70566, 34.58034","IAA",36,false,"https://www.google.com/maps?q=31.70566,34.58034&ll=31.70566,34.58034&z=17"
"אשקלון","31.70252, 34.58247","IAA",36,false,"https://www.google.com/maps?q=31.70252,34.58247&ll=31.70252,34.58247&z=17"
"אשקלון","31.70616, 34.58983","IAA",36,false,"https://www.google.com/maps?q=31.70616,34.58983&ll=31.70616,34.58983&z=17"
"אשקלון","31.68934, 34.58109","IAA",36,false,"https://www.google.com/maps?q=31.68934,34.58109&ll=31.68934,34.58109&z=17"
"אשקלון","31.68718, 34.58152","IAA",36,false,"https://www.google.com/maps?q=31.68718,34.58152&ll=31.68718,34.58152&z=17"
"אשקלון","31.68892, 34.60608","IAA",36,false,"https://www.google.com/maps?q=31.68892,34.60608&ll=31.68892,34.60608&z=17"
"אשקלון","31.68136, 34.66899","IAA",36,false,"https://www.google.com/maps?q=31.68136,34.66899&ll=31.68136,34.66899&z=17"
"אשקלון","31.65676, 34.54061","IAA",36,false,"https://www.google.com/maps?q=31.65676,34.54061&ll=31.65676,34.54061&z=17"
"אשקלון","31.65902, 34.54165","IAA",36,false,"https://www.google.com/maps?q=31.65902,34.54165&ll=31.65902,34.54165&z=17"
"אשקלון","31.65499, 34.54642","IAA",36,false,"https://www.google.com/maps?q=31.65499,34.54642&ll=31.65499,34.54642&z=17"
"כתובת מישע","31.50000, 35.78333","https://en.wikipedia.org/wiki/Dhiban,_Jordan",1,true,"https://www.google.com/maps?q=31.50000,35.78333&ll=31.50000,35.78333&z=17"
"קדש בגליל","33.11164, 35.52952","https://he.wikipedia.org/wiki/%D7%AA%D7%9C_%D7%A7%D7%93%D7%A9",1,true,"https://www.google.com/maps?q=33.11164,35.52952&ll=33.11164,35.52952&z=17"
"רחוב","31.78390, 35.22330","https://he.wikipedia.org/wiki/%D7%A8%D7%97%D7%95%D7%91_%D7%94%D7%A0%D7%91%D7%99%D7%90%D7%99%D7%9D",1,true,"https://www.google.com/maps?q=31.78390,35.22330&ll=31.78390,35.22330&z=17"
"תל מלחתה","31.21781, 35.02648","IAA",4,true,"https://www.google.com/maps?q=31.21781,35.02648&ll=31.21781,35.02648&z=17"
"תל מלחתה","31.21720, 35.02580","https://he.wikipedia.org/wiki/%D7%AA%D7%9C_%D7%9E%D7%9C%D7%97%D7%AA%D7%94",4,false,"https://www.google.com/maps?q=31.21720,35.02580&ll=31.21720,35.02580&z=17"
"תל מלחתה","31.22051, 35.02280","IAA",4,false,"https://www.google.com/maps?q=31.22051,35.02280&ll=31.22051,35.02280&z=17"
"תל מלחתה","31.21331, 35.03278","IAA",4,false,"https://www.google.com/maps?q=31.21331,35.03278&ll=31.21331,35.03278&z=17"
"תל צפית","31.69937, 34.84669","https://he.wikipedia.org/wiki/%D7%AA%D7%9C_%D7%A6%D7%A4%D7%99%D7%AA",1,true,"https://www.google.com/maps?q=31.69937,34.84669&ll=31.69937,34.84669&z=17"
"לחי ראי","30.85000, 34.40000","https://he.wikipedia.org/wiki/%D7%91%D7%90%D7%A8_%D7%9C%D7%97%D7%99_%D7%A8%D7%90%D7%99",1,true,"https://www.google.com/maps?q=30.85000,34.40000&ll=30.85000,34.40000&z=17"
"עשק","33.26722, 35.22417","https://he.wikipedia.org/wiki/%D7%9E%D7%A2%D7%A9%D7%95%D7%A7",1,true,"https://www.google.com/maps?q=33.26722,35.22417&ll=33.26722,35.22417&z=17"
"רחובות","31.89169, 34.80785","https://he.wikipedia.org/wiki/%D7%A8%D7%97%D7%95%D7%91%D7%95%D7%AA",1,true,"https://www.google.com/maps?q=31.89169,34.80785&ll=31.89169,34.80785&z=17"
"שבעה","31.78037, 35.21927","https://he.wikipedia.org/wiki/%D7%A0%D7%97%D7%9C%D7%AA_%D7%A9%D7%91%D7%A2%D7%94",1,true,"https://www.google.com/maps?q=31.78037,35.21927&ll=31.78037,35.21927&z=17"
"שטנה","31.38000, 34.60000","PhD",1,true,"https://www.google.com/maps?q=31.38000,34.60000&ll=31.38000,34.60000&z=17"
"גיווה","32.33500, 37.00333","https://en.wikipedia.org/wiki/Jawa,_Jordan",1,true,"https://www.google.com/maps?q=32.33500,37.00333&ll=32.33500,37.00333&z=17"
"אבו-חוף","24.46667, 54.36667","https://he.wikipedia.org/wiki/%D7%90%D7%91%D7%95_%D7%93%D7%90%D7%91%D7%99",1,true,"https://www.google.com/maps?q=24.46667,54.36667&ll=24.46667,54.36667&z=17"
"אירביל","36.19119, 44.00919","https://he.wikipedia.org/wiki/%D7%90%D7%A8%D7%91%D7%99%D7%9C",1,true,"https://www.google.com/maps?q=36.19119,44.00919&ll=36.19119,44.00919&z=17"
"גירסור","36.85000, 42.90000","https://en.wikipedia.org/wiki/Halaf_culture",1,true,"https://www.google.com/maps?q=36.85000,42.90000&ll=36.85000,42.90000&z=17"
"דיר גריסה","32.09100, 34.80500","PhD",1,true,"https://www.google.com/maps?q=32.09100,34.80500&ll=32.09100,34.80500&z=17"
"חי טוב","-64.79917, -61.88972","https://en.wikipedia.org/wiki/Hitov_Spur",1,true,"https://www.google.com/maps?q=-64.79917,-61.88972&ll=-64.79917,-61.88972&z=17"
"חרי טוב","31.24000, 34.90000","PhD",1,true,"https://www.google.com/maps?q=31.24000,34.90000&ll=31.24000,34.90000&z=17"
"יטפה","36.50000, 43.25000","https://en.wikipedia.org/wiki/Tepe_Gawra",1,true,"https://www.google.com/maps?q=36.50000,43.25000&ll=36.50000,43.25000&z=17"
"מדינת הבו","25.71972, 32.60083","https://en.wikipedia.org/wiki/Medinet_Habu",1,true,"https://www.google.com/maps?q=25.71972,32.60083&ll=25.71972,32.60083&z=17"
"מידס סיטי","39.20000, 30.71667","https://en.wikipedia.org/wiki/Yaz%C4%B1l%C4%B1,_Han",1,true,"https://www.google.com/maps?q=39.20000,30.71667&ll=39.20000,30.71667&z=17"
"נאמי ח' בתר","31.23844, 34.77868","PhD",1,true,"https://www.google.com/maps?q=31.23844,34.77868&ll=31.23844,34.77868&z=17"
"נתןשפה","38.50110, 43.34000","https://en.wikipedia.org/wiki/Tushpa",1,true,"https://www.google.com/maps?q=38.50110,43.34000&ll=38.50110,43.34000&z=17"
"עיטס","31.69170, 35.16670","PhD",1,true,"https://www.google.com/maps?q=31.69170,35.16670&ll=31.69170,35.16670&z=17"
"רגיגייל","29.80583, 40.21056","https://en.wikipedia.org/wiki/Rajajil",1,true,"https://www.google.com/maps?q=29.80583,40.21056&ll=29.80583,40.21056&z=17"
"תל גימה","31.38750, 34.44472","https://he.wikipedia.org/wiki/%D7%AA%D7%9C_%D7%92%D7%9E%D7%94",1,true,"https://www.google.com/maps?q=31.38750,34.44472&ll=31.38750,34.44472&z=17"
"ארמון סנחריב","36.35944, 43.15278","https://en.wikipedia.org/wiki/Nineveh",1,true,"https://www.google.com/maps?q=36.35944,43.15278&ll=36.35944,43.15278&z=17"
"כלח","36.09806, 43.32889","https://he.wikipedia.org/wiki/%D7%9B%D7%9C%D7%97",2,true,"https://www.google.com/maps?q=36.09806,43.32889&ll=36.09806,43.32889&z=17"
"כלח","32.74369, 35.02359","IAA",2,false,"https://www.google.com/maps?q=32.74369,35.02359&ll=32.74369,35.02359&z=17"
"גבעון הבריכה","31.84830, 35.18670","PhD",4,true,"https://www.google.com/maps?q=31.84830,35.18670&ll=31.84830,35.18670&z=17"
"גבעון הבריכה","31.84808, 35.18716","https://he.wikipedia.org/wiki/%D7%92%D7%91%D7%A2%D7%95%D7%9F",4,false,"https://www.google.com/maps?q=31.84808,35.18716&ll=31.84808,35.18716&z=17"
"גבעון הבריכה","32.55830, 34.97585","IAA",4,false,"https://www.google.com/maps?q=32.55830,34.97585&ll=32.55830,34.97585&z=17"
"גבעון הבריכה","31.47309, 35.37429","IAA",4,false,"https://www.google.com/maps?q=31.47309,35.37429&ll=31.47309,35.37429&z=17"
"גבעון המנהרה","31.84830, 35.18670","PhD",2,true,"https://www.google.com/maps?q=31.84830,35.18670&ll=31.84830,35.18670&z=17"
"גבעון המנהרה","31.84750, 35.18639","https://en.wikipedia.org/wiki/Gibeon_(ancient_city)",2,false,"https://www.google.com/maps?q=31.84750,35.18639&ll=31.84750,35.18639&z=17"
"מגידו ""הגלריה","32.58556, 35.18472","PhD",2,true,"https://www.google.com/maps?q=32.58556,35.18472&ll=32.58556,35.18472&z=17"
"מגידו ""הגלריה","32.58528, 35.18444","https://he.wikipedia.org/wiki/%D7%AA%D7%9C_%D7%9E%D7%92%D7%99%D7%93%D7%95",2,false,"https://www.google.com/maps?q=32.58528,35.18444&ll=32.58528,35.18444&z=17"
"ירושלים נקבת חזקיהו","31.77236, 35.23567","PhD",2,true,"https://www.google.com/maps?q=31.77236,35.23567&ll=31.77236,35.23567&z=17"
"ירושלים נקבת חזקיהו","31.77236, 35.23567","https://he.wikipedia.org/wiki/%D7%A0%D7%A7%D7%91%D7%AA_%D7%94%D7%A9%D7%99%D7%9C%D7%95%D7%97",2,false,"https://www.google.com/maps?q=31.77236,35.23567&ll=31.77236,35.23567&z=17"
"ירושלים פיר ""וורן","31.77310, 35.23610","PhD",2,true,"https://www.google.com/maps?q=31.77310,35.23610&ll=31.77310,35.23610&z=17"
"ירושלים פיר ""וורן","31.77310, 35.23610","https://he.wikipedia.org/wiki/%D7%A4%D7%99%D7%A8_%D7%95%D7%95%D7%A8%D7%9F",2,false,"https://www.google.com/maps?q=31.77310,35.23610&ll=31.77310,35.23610&z=17"
"עין קודיראת","30.64833, 34.42222","https://he.wikipedia.org/wiki/%D7%A7%D7%93%D7%A9_%D7%91%D7%A8%D7%A0%D7%A2",1,true,"https://www.google.com/maps?q=30.64833,34.42222&ll=30.64833,34.42222&z=17"
"חירבת אבו-טווין","32.67100, 35.04000","https://he.wikipedia.org/wiki/%D7%97%D7%95%D7%A8%D7%91%D7%AA_%D7%A1%D7%95%D7%9E%D7%A7%D7%94",1,true,"https://www.google.com/maps?q=32.67100,35.04000&ll=32.67100,35.04000&z=17"
"חירבת אל-כיף","32.18500, 35.21000","PhD",1,true,"https://www.google.com/maps?q=32.18500,35.21000&ll=32.18500,35.21000&z=17"
"תולילאת עיסול","31.80000, 35.60000","https://en.wikipedia.org/wiki/Teleilat_el-Ghassul",1,true,"https://www.google.com/maps?q=31.80000,35.60000&ll=31.80000,35.60000&z=17"
"אולינתוס","40.29250, 23.26810","PhD",2,true,"https://www.google.com/maps?q=40.29250,23.26810&ll=40.29250,23.26810&z=17"
"אולינתוס","40.29600, 23.35400","https://en.wikipedia.org/wiki/Olynthus",2,false,"https://www.google.com/maps?q=40.29600,23.35400&ll=40.29600,23.35400&z=17"
"אקווה מרקיה","41.89750, 12.51028","https://he.wikipedia.org/wiki/%D7%A9%D7%A2%D7%A8_%D7%98%D7%99%D7%91%D7%95%D7%A8%D7%98%D7%99%D7%A0%D7%94",1,true,"https://www.google.com/maps?q=41.89750,12.51028&ll=41.89750,12.51028&z=17"
"עכו","32.92440, 35.07560","PhD",3,true,"https://www.google.com/maps?q=32.92440,35.07560&ll=32.92440,35.07560&z=17"
"עכו","32.92810, 35.08437","https://he.wikipedia.org/wiki/%D7%A2%D7%9B%D7%95",3,false,"https://www.google.com/maps?q=32.92810,35.08437&ll=32.92810,35.08437&z=17"
"עכו","32.92050, 35.08715","IAA",3,false,"https://www.google.com/maps?q=32.92050,35.08715&ll=32.92050,35.08715&z=17"
"רומא","41.90280, 12.49640","PhD",2,true,"https://www.google.com/maps?q=41.90280,12.49640&ll=41.90280,12.49640&z=17"
"רומא","41.89306, 12.48278","https://he.wikipedia.org/wiki/%D7%A8%D7%95%D7%9E%D7%90",2,false,"https://www.google.com/maps?q=41.89306,12.48278&ll=41.89306,12.48278&z=17"
"אולחן","37.66670, 45.06670","https://survey.iaa.org.il/",1,true,"https://www.google.com/maps?q=37.66670,45.06670&ll=37.66670,45.06670&z=17"
"צידון","33.56080, 35.37190","PhD",2,true,"https://www.google.com/maps?q=33.56080,35.37190&ll=33.56080,35.37190&z=17"
"צידון","33.56083, 35.37194","https://he.wikipedia.org/wiki/%D7%A6%D7%99%D7%93%D7%95%D7%9F",2,false,"https://www.google.com/maps?q=33.56083,35.37194&ll=33.56083,35.37194&z=17"
"תעלת סנחריב","36.66972, 43.39361","https://en.wikipedia.org/wiki/Jerwan",2,true,"https://www.google.com/maps?q=36.66972,43.39361&ll=36.66972,43.39361&z=17"
"תעלת סנחריב","36.66972, 43.39361","https://he.wikipedia.org/wiki/%D7%92%27%D7%A8%D7%95%D7%95%D7%90%D7%9F",2,false,"https://www.google.com/maps?q=36.66972,43.39361&ll=36.66972,43.39361&z=17"
"עתלית-ים","32.71083, 34.93515","https://he.wikipedia.org/wiki/%D7%94%D7%9B%D7%A4%D7%A8_%D7%94%D7%A0%D7%90%D7%95%D7%9C%D7%99%D7%AA%D7%99_%D7%91%D7%A2%D7%AA%D7%9C%D7%99%D7%AA-%D7%99%D7%9D",1,true,"https://www.google.com/maps?q=32.71083,34.93515&ll=32.71083,34.93515&z=17"
"נביעות הירקון","32.09996, 34.77781","https://he.wikipedia.org/wiki/%D7%A0%D7%97%D7%9C_%D7%94%D7%99%D7%A8%D7%A7%D7%95%D7%9F",1,true,"https://www.google.com/maps?q=32.09996,34.77781&ll=32.09996,34.77781&z=17"
"עפרה","31.95209, 35.26611","https://he.wikipedia.org/wiki/%D7%A2%D7%A4%D7%A8%D7%94",1,true,"https://www.google.com/maps?q=31.95209,35.26611&ll=31.95209,35.26611&z=17"
"Beirut","33.89806, 35.50583","https://en.wikipedia.org/wiki/Beirut",1,true,"https://www.google.com/maps?q=33.89806,35.50583&ll=33.89806,35.50583&z=17"
"עיר-דוד","31.77304, 35.23481","https://he.wikipedia.org/wiki/%D7%A2%D7%99%D7%A8_%D7%93%D7%95%D7%93",1,true,"https://www.google.com/maps?q=31.77304,35.23481&ll=31.77304,35.23481&z=17"
"מנהרות הכותל המערבי","31.77698, 35.23447","https://he.wikipedia.org/wiki/%D7%9E%D7%A0%D7%94%D7%A8%D7%95%D7%AA_%D7%94%D7%9B%D7%95%D7%AA%D7%9C",1,true,"https://www.google.com/maps?q=31.77698,35.23447&ll=31.77698,35.23447&z=17"
"מצרים העתיקה","26.82055, 30.80250","https://en.wikipedia.org/wiki/Egypt",1,true,"https://www.google.com/maps?q=26.82055,30.80250&ll=26.82055,30.80250&z=17"
"תל באר-שבע","31.24472, 34.84139","PhD",3,true,"https://www.google.com/maps?q=31.24472,34.84139&ll=31.24472,34.84139&z=17"
"תל באר-שבע","31.24537, 34.84115","IAA",3,false,"https://www.google.com/maps?q=31.24537,34.84115&ll=31.24537,34.84115&z=17"
"תל באר-שבע","31.24472, 34.84083","https://he.wikipedia.org/wiki/%D7%AA%D7%9C_%D7%91%D7%90%D7%A8_%D7%A9%D7%91%D7%A2",3,false,"https://www.google.com/maps?q=31.24472,34.84083&ll=31.24472,34.84083&z=17"
"עבוד","32.01500, 35.06806","https://en.wikipedia.org/wiki/Aboud",1,true,"https://www.google.com/maps?q=32.01500,35.06806&ll=32.01500,35.06806&z=17"
"קיביא","32.00744, 35.11509","https://he.wikipedia.org/wiki/%D7%9B%D7%91%D7%99%D7%A9_465",1,true,"https://www.google.com/maps?q=32.00744,35.11509&ll=32.00744,35.11509&z=17"
"רנתיס","32.02806, 35.01944","https://he.wikipedia.org/wiki/%D7%A8%D7%A0%D7%AA%D7%99%D7%A1",1,true,"https://www.google.com/maps?q=32.02806,35.01944&ll=32.02806,35.01944&z=17"
"חירבת אבו-תוין","31.66638, 35.08924","https://he.wikipedia.org/wiki/%D7%97%27%D7%A8%D7%91%D7%AA_%D7%90%D7%91%D7%95_%D7%98%D7%95%D7%99%D7%9F",1,true,"https://www.google.com/maps?q=31.66638,35.08924&ll=31.66638,35.08924&z=17"
"מכמש","31.87195, 35.27607","https://he.wikipedia.org/wiki/%D7%9E%D7%9B%D7%9E%D7%A9",1,true,"https://www.google.com/maps?q=31.87195,35.27607&ll=31.87195,35.27607&z=17"
"ענתות","31.81412, 35.26473","https://he.wikipedia.org/wiki/%D7%A2%D7%A0%D7%AA%D7%95%D7%AA_(%D7%90%D7%AA%D7%A8_%D7%9E%D7%A7%D7%A8%D7%90%D7%99)",1,true,"https://www.google.com/maps?q=31.81412,35.26473&ll=31.81412,35.26473&z=17"
"רבת עמון","31.95000, 35.93333","https://he.wikipedia.org/wiki/%D7%A2%D7%9E%D7%90%D7%9F",1,true,"https://www.google.com/maps?q=31.95000,35.93333&ll=31.95000,35.93333&z=17"
"אל בירה","31.90514, 35.21496","https://he.wikipedia.org/wiki/%D7%90%D7%9C-%D7%91%D7%99%D7%A8%D7%94",8,true,"https://www.google.com/maps?q=31.90514,35.21496&ll=31.90514,35.21496&z=17"
"אל בירה","32.98735, 35.77522","IAA",8,false,"https://www.google.com/maps?q=32.98735,35.77522&ll=32.98735,35.77522&z=17"
"אל בירה","32.60823, 35.50415","IAA",8,false,"https://www.google.com/maps?q=32.60823,35.50415&ll=32.60823,35.50415&z=17"
"אל בירה","32.90072, 35.16841","IAA",8,false,"https://www.google.com/maps?q=32.90072,35.16841&ll=32.90072,35.16841&z=17"
"אל בירה","32.98599, 35.77736","IAA",8,false,"https://www.google.com/maps?q=32.98599,35.77736&ll=32.98599,35.77736&z=17"
"אל בירה","32.60914, 35.50308","IAA",8,false,"https://www.google.com/maps?q=32.60914,35.50308&ll=32.60914,35.50308&z=17"
"אל בירה","31.66849, 34.62079","IAA",8,false,"https://www.google.com/maps?q=31.66849,34.62079&ll=31.66849,34.62079&z=17"
"אל בירה","31.66941, 34.62500","IAA",8,false,"https://www.google.com/maps?q=31.66941,34.62500&ll=31.66941,34.62500&z=17"
"דיר מר-סבא","31.70500, 35.33100","https://he.wikipedia.org/wiki/%D7%9E%D7%A0%D7%96%D7%A8_%D7%9E%D7%A8_%D7%A1%D7%91%D7%90",1,true,"https://www.google.com/maps?q=31.70500,35.33100&ll=31.70500,35.33100&z=17"
"חי אל-כיכ","32.18500, 35.21000","PhD",1,true,"https://www.google.com/maps?q=32.18500,35.21000&ll=32.18500,35.21000&z=17"
"צפורי","32.74556, 35.27861","https://en.wikipedia.org/wiki/Sepphoris",1,true,"https://www.google.com/maps?q=32.74556,35.27861&ll=32.74556,35.27861&z=17"
"רמאלה","31.90000, 35.20000","https://he.wikipedia.org/wiki/%D7%A8%D7%9E%D7%90%D7%9C%D7%9C%D7%94",1,true,"https://www.google.com/maps?q=31.90000,35.20000&ll=31.90000,35.20000&z=17"
"אם אל-ביארה","30.32861, 35.44194","https://he.wikipedia.org/wiki/%D7%A4%D7%98%D7%A8%D7%94",1,true,"https://www.google.com/maps?q=30.32861,35.44194&ll=30.32861,35.44194&z=17"
"אשדוד-ים","31.75139, 34.65472","PhD",2,true,"https://www.google.com/maps?q=31.75139,34.65472&ll=31.75139,34.65472&z=17"
"אשדוד-ים","31.78028, 34.62222","https://he.wikipedia.org/wiki/%D7%90%D7%A9%D7%93%D7%95%D7%93_%D7%99%D7%9D",2,false,"https://www.google.com/maps?q=31.78028,34.62222&ll=31.78028,34.62222&z=17"
"מישע","31.75158, 34.96560","https://he.wikipedia.org/wiki/%D7%99%D7%A9%D7%A2%D7%99",1,true,"https://www.google.com/maps?q=31.75158,34.96560&ll=31.75158,34.96560&z=17"
"ירושלים הישראלית","31.77406, 35.23584","PhD",1,true,"https://www.google.com/maps?q=31.77406,35.23584&ll=31.77406,35.23584&z=17"
"עיר סורית-פלשתית","31.70000, 34.84700","https://he.wikipedia.org/wiki/%D7%92%D7%AA_(%D7%A2%D7%99%D7%A8_%D7%A2%D7%AA%D7%99%D7%A7%D7%94)",1,true,"https://www.google.com/maps?q=31.70000,34.84700&ll=31.70000,34.84700&z=17"
"ערד הקדומה","31.28173, 35.12535","PhD",2,true,"https://www.google.com/maps?q=31.28173,35.12535&ll=31.28173,35.12535&z=17"
"ערד הקדומה","31.28083, 35.12500","https://he.wikipedia.org/wiki/%D7%AA%D7%9C_%D7%A2%D7%A8%D7%93",2,false,"https://www.google.com/maps?q=31.28083,35.12500&ll=31.28083,35.12500&z=17"
"אבן אל-ע'אזי","31.98800, 35.97600","https://en.wikipedia.org/wiki/Ayn_Ghazal_(archaeological_site)",1,true,"https://www.google.com/maps?q=31.98800,35.97600&ll=31.98800,35.97600&z=17"
"דיר אל-מדינה","25.72806, 32.60139","https://en.wikipedia.org/wiki/Deir_el-Medina",2,true,"https://www.google.com/maps?q=25.72806,32.60139&ll=25.72806,32.60139&z=17"
"דיר אל-מדינה","25.72833, 32.60139","https://he.wikipedia.org/wiki/%D7%93%D7%99%D7%A8_%D7%90%D7%9C-%D7%9E%D7%93%D7%99%D7%A0%D7%94",2,false,"https://www.google.com/maps?q=25.72833,32.60139&ll=25.72833,32.60139&z=17"
"האקרופוליס האתונאי","37.97167, 23.72611","https://he.wikipedia.org/wiki/%D7%94%D7%90%D7%A7%D7%A8%D7%95%D7%A4%D7%95%D7%9C%D7%99%D7%A1_%D7%91%D7%90%D7%AA%D7%95%D7%A0%D7%94",1,true,"https://www.google.com/maps?q=37.97167,23.72611&ll=37.97167,23.72611&z=17"
"קוקהובן","51.08333, 6.31667","https://en.wikipedia.org/wiki/Erkelenz",1,true,"https://www.google.com/maps?q=51.08333,6.31667&ll=51.08333,6.31667&z=17"
"בירד","31.90528, 35.21500","https://en.wikipedia.org/wiki/Al-Bireh",1,true,"https://www.google.com/maps?q=31.90528,35.21500&ll=31.90528,35.21500&z=17"
"משריפה-קטנה","-27.60000, -144.33333","https://he.wikipedia.org/wiki/%D7%A8%D7%A4%D7%94_%D7%90%D7%99%D7%98%D7%99",1,true,"https://www.google.com/maps?q=-27.60000,-144.33333&ll=-27.60000,-144.33333&z=17"
"טושפה","38.63333, 42.81667","https://he.wikipedia.org/wiki/%D7%99%D7%9E%D7%AA_%D7%95%D7%90%D7%9F",1,true,"https://www.google.com/maps?q=38.63333,42.81667&ll=38.63333,42.81667&z=17"
"עכו-פטולמאיס","32.92440, 35.07560","PhD",3,true,"https://www.google.com/maps?q=32.92440,35.07560&ll=32.92440,35.07560&z=17"
"עכו-פטולמאיס","32.92810, 35.08437","https://he.wikipedia.org/wiki/%D7%A2%D7%9B%D7%95",3,false,"https://www.google.com/maps?q=32.92810,35.08437&ll=32.92810,35.08437&z=17"
"עכו-פטולמאיס","32.92050, 35.08715","IAA",3,false,"https://www.google.com/maps?q=32.92050,35.08715&ll=32.92050,35.08715&z=17"
"עין שמש (בית שמש)","31.74972, 34.97173","PhD",2,true,"https://www.google.com/maps?q=31.74972,34.97173&ll=31.74972,34.97173&z=17"
"עין שמש (בית שמש)","31.73683, 34.98896","https://he.wikipedia.org/wiki/%D7%91%D7%99%D7%AA_%D7%A9%D7%9E%D7%A9",2,false,"https://www.google.com/maps?q=31.73683,34.98896&ll=31.73683,34.98896&z=17"
"מיקנאי","60.55444, -151.25833","https://he.wikipedia.org/wiki/%D7%A7%D7%99%D7%A0%D7%90%D7%99_(%D7%A2%D7%99%D7%A8)",1,true,"https://www.google.com/maps?q=60.55444,-151.25833&ll=60.55444,-151.25833&z=17"
"סאמוס","37.69083, 26.94333","https://en.wikipedia.org/wiki/Pythagoreion",2,true,"https://www.google.com/maps?q=37.69083,26.94333&ll=37.69083,26.94333&z=17"
"סאמוס","37.75000, 26.83330","https://he.wikipedia.org/wiki/%D7%A1%D7%90%D7%9E%D7%95%D7%A1",2,false,"https://www.google.com/maps?q=37.75000,26.83330&ll=37.75000,26.83330&z=17"
"תל אל-מוע'ייר","32.01944, 35.34611","https://he.wikipedia.org/wiki/%D7%90%D7%9C-%D7%9E%D7%95%D7%A2%27%D7%99%D7%99%D7%A8_(%D7%A0%D7%A4%D7%AA_%D7%A8%D7%9E%D7%90%D7%9C%D7%9C%D7%94)",4,true,"https://www.google.com/maps?q=32.01944,35.34611&ll=32.01944,35.34611&z=17"
"תל אל-מוע'ייר","32.90073, 35.18979","IAA",4,false,"https://www.google.com/maps?q=32.90073,35.18979&ll=32.90073,35.18979&z=17"
"תל אל-מוע'ייר","32.89892, 35.19193","IAA",4,false,"https://www.google.com/maps?q=32.89892,35.19193&ll=32.89892,35.19193&z=17"
"תל אל-מוע'ייר","32.90253, 35.19193","IAA",4,false,"https://www.google.com/maps?q=32.90253,35.19193&ll=32.90253,35.19193&z=17"
"אום אל-ביארה","30.32083, 35.43750","PhD",3,true,"https://www.google.com/maps?q=30.32083,35.43750&ll=30.32083,35.43750&z=17"
"אום אל-ביארה","30.32700, 35.44500","PhD",3,false,"https://www.google.com/maps?q=30.32700,35.44500&ll=30.32700,35.44500&z=17"
"אום אל-ביארה","30.32861, 35.44194","https://he.wikipedia.org/wiki/%D7%A4%D7%98%D7%A8%D7%94",3,false,"https://www.google.com/maps?q=30.32861,35.44194&ll=30.32861,35.44194&z=17"
"חצ'ילר","37.58483, 30.08447","https://en.wikipedia.org/wiki/Hacilar",1,true,"https://www.google.com/maps?q=37.58483,30.08447&ll=37.58483,30.08447&z=17"
"פילוס","36.91233, 21.69607","https://he.wikipedia.org/wiki/%D7%A4%D7%99%D7%9C%D7%95%D7%A1",1,true,"https://www.google.com/maps?q=36.91233,21.69607&ll=36.91233,21.69607&z=17"
"תל א-נסבה","32.78556, 35.25694","https://he.wikipedia.org/wiki/%D7%AA%D7%9C_%D7%97%D7%A0%D7%AA%D7%95%D7%9F",1,true,"https://www.google.com/maps?q=32.78556,35.25694&ll=32.78556,35.25694&z=17"
"ארביל","36.19119, 44.00919","https://he.wikipedia.org/wiki/%D7%90%D7%A8%D7%91%D7%99%D7%9C",1,true,"https://www.google.com/maps?q=36.19119,44.00919&ll=36.19119,44.00919&z=17"
"חירבת בלעמה","32.44595, 35.29260","https://he.wikipedia.org/wiki/%D7%99%D7%91%D7%9C%D7%A2%D7%9D",1,true,"https://www.google.com/maps?q=32.44595,35.29260&ll=32.44595,35.29260&z=17"
"עין ע'זאל","32.63269, 34.96980","IAA",2,true,"https://www.google.com/maps?q=32.63269,34.96980&ll=32.63269,34.96980&z=17"
"עין ע'זאל","32.63194, 34.96736","https://he.wikipedia.org/wiki/%D7%A2%D7%99%D7%9F_%D7%A2%27%D7%96%D7%90%D7%9C",2,false,"https://www.google.com/maps?q=32.63194,34.96736&ll=32.63194,34.96736&z=17"
"תל עירני","31.61209, 34.78622","https://he.wikipedia.org/wiki/%D7%AA%D7%9C_%D7%A2%D7%99%D7%A8%D7%A0%D7%99",1,true,"https://www.google.com/maps?q=31.61209,34.78622&ll=31.61209,34.78622&z=17"
"עופל","31.77417, 35.23611","https://en.wikipedia.org/wiki/Ophel",1,true,"https://www.google.com/maps?q=31.77417,35.23611&ll=31.77417,35.23611&z=17"
"רג'אג'יל","29.81250, 40.22000","https://he.wikipedia.org/wiki/%D7%A2%D7%9E%D7%95%D7%93%D7%99_%D7%A8%D7%92%27%D7%90%D7%92%27%D7%99%D7%9C",1,true,"https://www.google.com/maps?q=29.81250,40.22000&ll=29.81250,40.22000&z=17"
"תל עיטון","31.49033, 34.92837","https://he.wikipedia.org/wiki/%D7%AA%D7%9C_%D7%A2%D7%99%D7%98%D7%95%D7%9F",1,true,"https://www.google.com/maps?q=31.49033,34.92837&ll=31.49033,34.92837&z=17"
"מצודת אצבוע","32.68403, 35.66540","https://he.wikipedia.org/wiki/%D7%97%D7%9E%D7%AA_%D7%92%D7%93%D7%A8",1,true,"https://www.google.com/maps?q=32.68403,35.66540&ll=32.68403,35.66540&z=17"
"ג'ארוון","36.66972, 43.39361","https://en.wikipedia.org/wiki/Jerwan",1,true,"https://www.google.com/maps?q=36.66972,43.39361&ll=36.66972,43.39361&z=17"
"נינווה","36.36667, 43.15000","https://he.wikipedia.org/wiki/%D7%A0%D7%99%D7%A0%D7%95%D7%94",1,true,"https://www.google.com/maps?q=36.36667,43.15000&ll=36.36667,43.15000&z=17"
"מדכה","31.71667, 35.80000","https://en.wikipedia.org/wiki/Madaba",1,true,"https://www.google.com/maps?q=31.71667,35.80000&ll=31.71667,35.80000&z=17"
"סמעאן","33.04848, 35.30979","https://he.wikipedia.org/wiki/%D7%A4%D7%A1%D7%95%D7%98%D7%94",1,true,"https://www.google.com/maps?q=33.04848,35.30979&ll=33.04848,35.30979&z=17"
"עזה","31.20598, 35.16428","PhD",3,true,"https://www.google.com/maps?q=31.20598,35.16428&ll=31.20598,35.16428&z=17"
"עזה","31.50750, 34.45972","https://he.wikipedia.org/wiki/%D7%A2%D7%96%D7%94",3,false,"https://www.google.com/maps?q=31.50750,34.45972&ll=31.50750,34.45972&z=17"
"עזה","31.21009, 35.16501","IAA",3,false,"https://www.google.com/maps?q=31.21009,35.16501&ll=31.21009,35.16501&z=17"
"צפת","32.96476, 35.50458","https://he.wikipedia.org/wiki/%D7%A6%D7%A4%D7%AA",1,true,"https://www.google.com/maps?q=32.96476,35.50458&ll=32.96476,35.50458&z=17"
"קוניטרה","33.12281, 35.82646","IAA",2,true,"https://www.google.com/maps?q=33.12281,35.82646&ll=33.12281,35.82646&z=17"
"קוניטרה","33.11667, 35.81667","https://he.wikipedia.org/wiki/%D7%A7%D7%95%D7%A0%D7%99%D7%98%D7%A8%D7%94",2,false,"https://www.google.com/maps?q=33.11667,35.81667&ll=33.11667,35.81667&z=17"
"קימסע","31.60000, 35.00000","PhD",1,true,"https://www.google.com/maps?q=31.60000,35.00000&ll=31.60000,35.00000&z=17"
"מערות הר סדום","31.07194, 35.39694","https://he.wikipedia.org/wiki/%D7%94%D7%A8_%D7%A1%D7%93%D7%95%D7%9D",1,true,"https://www.google.com/maps?q=31.07194,35.39694&ll=31.07194,35.39694&z=17"
"מנהרות גבעון","31.84830, 35.18670","PhD",2,true,"https://www.google.com/maps?q=31.84830,35.18670&ll=31.84830,35.18670&z=17"
"מנהרות גבעון","31.84750, 35.18639","https://en.wikipedia.org/wiki/Gibeon_(ancient_city)",2,false,"https://www.google.com/maps?q=31.84750,35.18639&ll=31.84750,35.18639&z=17"
"מעיין הבתולה","32.70671, 35.30156","https://he.wikipedia.org/wiki/%D7%9E%D7%A2%D7%99%D7%99%D7%9F_%D7%9E%D7%A8%D7%99%D7%9D_(%D7%A0%D7%A6%D7%A8%D7%AA)",1,true,"https://www.google.com/maps?q=32.70671,35.30156&ll=32.70671,35.30156&z=17"
"עין אל-בלד בגבעון","31.84830, 35.18670","PhD",2,true,"https://www.google.com/maps?q=31.84830,35.18670&ll=31.84830,35.18670&z=17"
"עין אל-בלד בגבעון","32.76917, 35.04232","https://he.wikipedia.org/wiki/%D7%A0%D7%A9%D7%A8_(%D7%A2%D7%99%D7%A8)",2,false,"https://www.google.com/maps?q=32.76917,35.04232&ll=32.76917,35.04232&z=17"
"עין סנג'את","31.97000, 35.22000","PhD",1,true,"https://www.google.com/maps?q=31.97000,35.22000&ll=31.97000,35.22000&z=17"
"חולון","32.01686, 34.77916","https://he.wikipedia.org/wiki/%D7%97%D7%95%D7%9C%D7%95%D7%9F",1,true,"https://www.google.com/maps?q=32.01686,34.77916&ll=32.01686,34.77916&z=17"
"טירה","32.23367, 34.95321","https://he.wikipedia.org/wiki/%D7%98%D7%99%D7%A8%D7%94_(%D7%A2%D7%99%D7%A8)",1,true,"https://www.google.com/maps?q=32.23367,34.95321&ll=32.23367,34.95321&z=17"
"מערת אבן אצבע","43.37694, -4.11975","https://he.wikipedia.org/wiki/%D7%9E%D7%A2%D7%A8%D7%AA_%D7%90%D7%9C%D7%98%D7%90%D7%9E%D7%99%D7%A8%D7%94",1,true,"https://www.google.com/maps?q=43.37694,-4.11975&ll=43.37694,-4.11975&z=17"
"מערת אל-ואד","32.67076, 34.96626","https://he.wikipedia.org/wiki/%D7%9E%D7%A2%D7%A8%D7%AA_%D7%94%D7%A0%D7%97%D7%9C",1,true,"https://www.google.com/maps?q=32.67076,34.96626&ll=32.67076,34.96626&z=17"
"מערת דת-עקב","31.75583, 35.02333","https://he.wikipedia.org/wiki/%D7%9E%D7%A2%D7%A8%D7%AA_%D7%94%D7%A0%D7%98%D7%99%D7%A4%D7%99%D7%9D_(%D7%A9%D7%95%D7%A8%D7%A7)",1,true,"https://www.google.com/maps?q=31.75583,35.02333&ll=31.75583,35.02333&z=17"
"מערת טאבון","32.67050, 34.96550","https://he.wikipedia.org/wiki/%D7%9E%D7%A2%D7%A8%D7%AA_%D7%AA%D7%A0%D7%95%D7%A8",1,true,"https://www.google.com/maps?q=32.67050,34.96550&ll=32.67050,34.96550&z=17"
"מערת כבארה","32.55772, 34.93667","https://he.wikipedia.org/wiki/%D7%9E%D7%A2%D7%A8%D7%AA_%D7%9B%D7%91%D7%90%D7%A8%D7%94",1,true,"https://www.google.com/maps?q=32.55772,34.93667&ll=32.55772,34.93667&z=17"
"מערת סח'ול","32.62586, 34.95852","https://he.wikipedia.org/wiki/%D7%9E%D7%A2%D7%A8%D7%AA_%D7%94%D7%92%D7%93%D7%99",1,true,"https://www.google.com/maps?q=32.62586,34.95852&ll=32.62586,34.95852&z=17"
"מערת ספונים","32.73712, 34.97837","IAA",2,true,"https://www.google.com/maps?q=32.73712,34.97837&ll=32.73712,34.97837&z=17"
"מערת ספונים","32.73611, 34.97694","https://he.wikipedia.org/wiki/%D7%9E%D7%A2%D7%A8%D7%AA_%D7%A1%D7%A4%D7%95%D7%A0%D7%99%D7%9D",2,false,"https://www.google.com/maps?q=32.73611,34.97694&ll=32.73611,34.97694&z=17"
"מערת עמוד","32.87227, 35.50168","https://he.wikipedia.org/wiki/%D7%9E%D7%A2%D7%A8%D7%AA_%D7%A2%D7%9E%D7%95%D7%93",1,true,"https://www.google.com/maps?q=32.87227,35.50168&ll=32.87227,35.50168&z=17"
"מערת קטט","31.58000, 35.32000","PhD",1,true,"https://www.google.com/maps?q=31.58000,35.32000&ll=31.58000,35.32000&z=17"
"מערת רקפת","32.65404, 35.07740","IAA",2,true,"https://www.google.com/maps?q=32.65404,35.07740&ll=32.65404,35.07740&z=17"
"מערת רקפת","32.65404, 35.07740","https://he.wikipedia.org/wiki/%D7%9E%D7%A2%D7%A8%D7%AA_%D7%A8%D7%A7%D7%A4%D7%AA",2,false,"https://www.google.com/maps?q=32.65404,35.07740&ll=32.65404,35.07740&z=17"
"מערת שקבא","31.98755, 35.03866","https://he.wikipedia.org/wiki/%D7%A9%D7%95%D7%A7%D7%91%D7%90",1,true,"https://www.google.com/maps?q=31.98755,35.03866&ll=31.98755,35.03866&z=17"
"עבידיה","32.68861, 35.56194","https://en.wikipedia.org/wiki/Ubeidiya_prehistoric_site",1,true,"https://www.google.com/maps?q=32.68861,35.56194&ll=32.68861,35.56194&z=17"
"תל אביב-יפו","32.07632, 34.78947","https://he.wikipedia.org/wiki/%D7%AA%D7%9C_%D7%90%D7%91%D7%99%D7%91-%D7%99%D7%A4%D7%95",1,true,"https://www.google.com/maps?q=32.07632,34.78947&ll=32.07632,34.78947&z=17"
"אם חאלד","32.32889, 34.86528","https://he.wikipedia.org/wiki/%D7%90%D7%95%D7%9D_%D7%97%27%D7%90%D7%9C%D7%93",1,true,"https://www.google.com/maps?q=32.32889,34.86528&ll=32.32889,34.86528&z=17"
"חופית","32.38583, 34.87417","https://en.wikipedia.org/wiki/Hofit",3,true,"https://www.google.com/maps?q=32.38583,34.87417&ll=32.38583,34.87417&z=17"
"חופית","32.38907, 34.88508","IAA",3,false,"https://www.google.com/maps?q=32.38907,34.88508&ll=32.38907,34.88508&z=17"
"חופית","32.37867, 34.87608","IAA",3,false,"https://www.google.com/maps?q=32.37867,34.87608&ll=32.37867,34.87608&z=17"
"חפצי-בה","32.46435, 34.89473","IAA",7,true,"https://www.google.com/maps?q=32.46435,34.89473&ll=32.46435,34.89473&z=17"
"חפצי-בה","32.46209, 34.89367","IAA",7,false,"https://www.google.com/maps?q=32.46209,34.89367&ll=32.46209,34.89367&z=17"
"חפצי-בה","32.45938, 34.89315","IAA",7,false,"https://www.google.com/maps?q=32.45938,34.89315&ll=32.45938,34.89315&z=17"
"חפצי-בה","32.45849, 34.89634","IAA",7,false,"https://www.google.com/maps?q=32.45849,34.89634&ll=32.45849,34.89634&z=17"
"חפצי-בה","32.46029, 34.89740","IAA",7,false,"https://www.google.com/maps?q=32.46029,34.89740&ll=32.46029,34.89740&z=17"
"חפצי-בה","32.51859, 35.42571","https://he.wikipedia.org/wiki/%D7%97%D7%A4%D7%A6%D7%99-%D7%91%D7%94_(%D7%A7%D7%99%D7%91%D7%95%D7%A5)",7,false,"https://www.google.com/maps?q=32.51859,35.42571&ll=32.51859,35.42571&z=17"
"חפצי-בה","32.52544, 35.42086","IAA",7,false,"https://www.google.com/maps?q=32.52544,35.42086&ll=32.52544,35.42086&z=17"
"כפר דרום","31.40361, 34.35528","https://he.wikipedia.org/wiki/%D7%9B%D7%A4%D7%A8_%D7%93%D7%A8%D7%95%D7%9D",1,true,"https://www.google.com/maps?q=31.40361,34.35528&ll=31.40361,34.35528&z=17"
"מערת א-נאקה","31.57056, 35.23278","https://he.wikipedia.org/wiki/%D7%A2%D7%A8%D7%91_%D7%90-%D7%A8%D7%A9%D7%90%D7%99%D7%93%D7%94",1,true,"https://www.google.com/maps?q=31.57056,35.23278&ll=31.57056,35.23278&z=17"
"מערת אל-חיאם","33.32717, 35.61110","https://he.wikipedia.org/wiki/%D7%90%D7%9C-%D7%97%27%D7%99%D7%90%D7%9D",2,true,"https://www.google.com/maps?q=33.32717,35.61110&ll=33.32717,35.61110&z=17"
"מערת אל-חיאם","31.62830, 35.26283","IAA",2,false,"https://www.google.com/maps?q=31.62830,35.26283&ll=31.62830,35.26283&z=17"
"מערת אמירה","32.85580, 35.52721","https://he.wikipedia.org/wiki/%D7%9E%D7%A2%D7%A8%D7%AA_%D7%96%D7%95%D7%98%D7%99%D7%99%D7%94",1,true,"https://www.google.com/maps?q=32.85580,35.52721&ll=32.85580,35.52721&z=17"
"מערת בידאם","31.57000, 35.33000","PhD",1,true,"https://www.google.com/maps?q=31.57000,35.33000&ll=31.57000,35.33000&z=17"
"מערת ידימן","31.61667, 35.33333","PhD",1,true,"https://www.google.com/maps?q=31.61667,35.33333&ll=31.61667,35.33333&z=17"
"מערת עריף","30.50278, 34.63917","https://en.wikipedia.org/wiki/Negev_Mountains",1,true,"https://www.google.com/maps?q=30.50278,34.63917&ll=30.50278,34.63917&z=17"
"מערת ערק אל-אחמד","31.59000, 35.34000","PhD",1,true,"https://www.google.com/maps?q=31.59000,35.34000&ll=31.59000,35.34000&z=17"
"ראש חורשה","32.57917, 34.99436","https://he.wikipedia.org/wiki/%D7%A9%D7%9E%D7%95%D7%A8%D7%AA_%D7%94%D7%A8_%D7%97%D7%95%D7%A8%D7%A9%D7%9F",1,true,"https://www.google.com/maps?q=32.57917,34.99436&ll=32.57917,34.99436&z=17"
"באר 1 W באבן אל-גאזי","31.98800, 35.97600","https://en.wikipedia.org/wiki/Ayn_Ghazal_(archaeological_site)",2,true,"https://www.google.com/maps?q=31.98800,35.97600&ll=31.98800,35.97600&z=17"
"באר 1 W באבן אל-גאזי","39.75000, 39.50000","https://he.wikipedia.org/wiki/%D7%90%D7%A8%D7%96%D7%99%D7%A0%D7%92%27%D7%90%D7%9F",2,false,"https://www.google.com/maps?q=39.75000,39.50000&ll=39.75000,39.50000&z=17"
"אילת","29.55392, 34.94422","https://he.wikipedia.org/wiki/%D7%90%D7%99%D7%9C%D7%AA",1,true,"https://www.google.com/maps?q=29.55392,34.94422&ll=29.55392,34.94422&z=17"
"סליבייה","31.96800, 35.44700","PhD",1,true,"https://www.google.com/maps?q=31.96800,35.44700&ll=31.96800,35.44700&z=17"
"תליילאת ע'סול","31.80000, 35.60000","https://en.wikipedia.org/wiki/Teleilat_el-Ghassul",1,true,"https://www.google.com/maps?q=31.80000,35.60000&ll=31.80000,35.60000&z=17"
"הבאר בחציילר VI","37.59972, 30.08139","https://en.wikipedia.org/wiki/Hacilar",2,true,"https://www.google.com/maps?q=37.59972,30.08139&ll=37.59972,30.08139&z=17"
"הבאר בחציילר VI","39.95750, 26.23889","https://en.wikipedia.org/wiki/Troy",2,false,"https://www.google.com/maps?q=39.95750,26.23889&ll=39.95750,26.23889&z=17"
"חציילר VI","37.58483, 30.08447","https://en.wikipedia.org/wiki/Hacilar",1,true,"https://www.google.com/maps?q=37.58483,30.08447&ll=37.58483,30.08447&z=17"
"הבאר והכפר בחציילר","37.59972, 30.08139","https://en.wikipedia.org/wiki/Hacilar",2,true,"https://www.google.com/maps?q=37.59972,30.08139&ll=37.59972,30.08139&z=17"
"הבאר והכפר בחציילר","36.95056, 37.41944","https://en.wikipedia.org/wiki/%C5%9Eahinbey,_O%C4%9Fuzeli",2,false,"https://www.google.com/maps?q=36.95056,37.41944&ll=36.95056,37.41944&z=17"
"חציילר","37.58483, 30.08447","https://en.wikipedia.org/wiki/Hacilar",1,true,"https://www.google.com/maps?q=37.58483,30.08447&ll=37.58483,30.08447&z=17"
"הבאר באבו חוף","31.39985, 34.85371","PhD",2,true,"https://www.google.com/maps?q=31.39985,34.85371&ll=31.39985,34.85371&z=17"
"הבאר באבו חוף","28.89158, 33.18420","https://he.wikipedia.org/wiki/%D7%90%D7%91%D7%95_%D7%A8%D7%95%D7%93%D7%A1",2,false,"https://www.google.com/maps?q=28.89158,33.18420&ll=28.89158,33.18420&z=17"
"באר (מס' 38) בחורבת בתר","31.23844, 34.77868","PhD",2,true,"https://www.google.com/maps?q=31.23844,34.77868&ll=31.23844,34.77868&z=17"
"באר (מס' 38) בחורבת בתר","31.25311, 34.78671","https://he.wikipedia.org/wiki/%D7%91%D7%90%D7%A8_%D7%A9%D7%91%D7%A2",2,false,"https://www.google.com/maps?q=31.25311,34.78671&ll=31.25311,34.78671&z=17"
"מערכת המים בחירבת זירקון","32.53333, 35.91667","https://en.wikipedia.org/wiki/Irbid_Governorate",1,true,"https://www.google.com/maps?q=32.53333,35.91667&ll=32.53333,35.91667&z=17"
"מנהרות המים בחירבת זירקון","32.53333, 35.91667","https://en.wikipedia.org/wiki/Irbid_Governorate",1,true,"https://www.google.com/maps?q=32.53333,35.91667&ll=32.53333,35.91667&z=17"
"מנהרות המים של חירבת זירקון","32.53333, 35.91667","https://en.wikipedia.org/wiki/Irbid_Governorate",1,true,"https://www.google.com/maps?q=32.53333,35.91667&ll=32.53333,35.91667&z=17"
"מנהרות חירבת זירקון","32.53333, 35.91667","https://en.wikipedia.org/wiki/Irbid_Governorate",1,true,"https://www.google.com/maps?q=32.53333,35.91667&ll=32.53333,35.91667&z=17"
"הבאר בטפה גאורה","36.50000, 43.25000","https://en.wikipedia.org/wiki/Tepe_Gawra",2,true,"https://www.google.com/maps?q=36.50000,43.25000&ll=36.50000,43.25000&z=17"
"הבאר בטפה גאורה","36.49556, 43.26028","https://en.wikipedia.org/wiki/Tepe_Gawra",2,false,"https://www.google.com/maps?q=36.49556,43.26028&ll=36.49556,43.26028&z=17"
"בריכת האגירה בהעי","31.91690, 35.26080","PhD",1,true,"https://www.google.com/maps?q=31.91690,35.26080&ll=31.91690,35.26080&z=17"
"תל המצודות (ערד)","31.28173, 35.12535","PhD",2,true,"https://www.google.com/maps?q=31.28173,35.12535&ll=31.28173,35.12535&z=17"
"תל המצודות (ערד)","31.28083, 35.12500","https://he.wikipedia.org/wiki/%D7%AA%D7%9C_%D7%A2%D7%A8%D7%93",2,false,"https://www.google.com/maps?q=31.28083,35.12500&ll=31.28083,35.12500&z=17"
"בריכת המים בערד","31.28173, 35.12535","PhD",2,true,"https://www.google.com/maps?q=31.28173,35.12535&ll=31.28173,35.12535&z=17"
"בריכת המים בערד","31.93169, 34.87095","https://he.wikipedia.org/wiki/%D7%91%D7%A8%D7%99%D7%9B%D7%AA_%D7%94%D7%A7%D7%A9%D7%AA%D7%95%D7%AA",2,false,"https://www.google.com/maps?q=31.93169,34.87095&ll=31.93169,34.87095&z=17"
"הבריכות הטבעיות בג'ווה","32.33500, 37.00333","https://en.wikipedia.org/wiki/Jawa,_Jordan",1,true,"https://www.google.com/maps?q=32.33500,37.00333&ll=32.33500,37.00333&z=17"
"מערכת המים של ג'ווה","32.33611, 37.03472","https://en.wikipedia.org/wiki/Jawa,_Jordan",2,true,"https://www.google.com/maps?q=32.33611,37.03472&ll=32.33611,37.03472&z=17"
"מערכת המים של ג'ווה","-9.18611, 159.89500","https://he.wikipedia.org/wiki/%D7%94%D7%A7%D7%A8%D7%91_%D7%94%D7%99%D7%9E%D7%99_%D7%A2%D7%9C_%D7%92%D7%95%D7%95%D7%93%D7%9C%D7%A7%D7%A0%D7%9C",2,false,"https://www.google.com/maps?q=-9.18611,159.89500&ll=-9.18611,159.89500&z=17"
"בור D7 במצר","32.47469, 35.03584","PhD",1,true,"https://www.google.com/maps?q=32.47469,35.03584&ll=32.47469,35.03584&z=17"
"בור המים בתל דלית","31.97639, 34.96944","https://he.wikipedia.org/wiki/%D7%AA%D7%9C_%D7%93%D7%9C%D7%99%D7%AA",1,true,"https://www.google.com/maps?q=31.97639,34.96944&ll=31.97639,34.96944&z=17"
"המנהרה בתל בית ירח","32.71796, 35.57186","https://he.wikipedia.org/wiki/%D7%AA%D7%9C_%D7%91%D7%99%D7%AA_%D7%99%D7%A8%D7%97",1,true,"https://www.google.com/maps?q=32.71796,35.57186&ll=32.71796,35.57186&z=17"
"מפעל המים בתל ירמות","31.85987, 34.91964","https://he.wikipedia.org/wiki/%D7%AA%D7%9C_%D7%92%D7%96%D7%A8",1,true,"https://www.google.com/maps?q=31.85987,34.91964&ll=31.85987,34.91964&z=17"
"מקורות המים בתל דן","33.24889, 35.65222","PhD",2,true,"https://www.google.com/maps?q=33.24889,35.65222&ll=33.24889,35.65222&z=17"
"מקורות המים בתל דן","32.06722, 34.78111","https://he.wikipedia.org/wiki/%D7%9E%D7%A7%D7%95%D7%A8%D7%95%D7%AA",2,false,"https://www.google.com/maps?q=32.06722,34.78111&ll=32.06722,34.78111&z=17"
"הבולען בתל דן","33.24889, 35.65222","PhD",2,true,"https://www.google.com/maps?q=33.24889,35.65222&ll=33.24889,35.65222&z=17"
"הבולען בתל דן","31.92778, 35.07111","https://he.wikipedia.org/wiki/%D7%91%D7%9C%D7%A2%D7%99%D7%9F",2,false,"https://www.google.com/maps?q=31.92778,35.07111&ll=31.92778,35.07111&z=17"
"מוצא הבולען בתל דן","33.24889, 35.65222","PhD",2,true,"https://www.google.com/maps?q=33.24889,35.65222&ll=33.24889,35.65222&z=17"
"מוצא הבולען בתל דן","31.92778, 35.07111","https://he.wikipedia.org/wiki/%D7%91%D7%9C%D7%A2%D7%99%D7%9F",2,false,"https://www.google.com/maps?q=31.92778,35.07111&ll=31.92778,35.07111&z=17"
"מנהרות מעיין הגיחון","31.77406, 35.23584","PhD",2,true,"https://www.google.com/maps?q=31.77406,35.23584&ll=31.77406,35.23584&z=17"
"מנהרות מעיין הגיחון","31.77292, 35.23638","https://he.wikipedia.org/wiki/%D7%92%D7%99%D7%97%D7%95%D7%9F",2,false,"https://www.google.com/maps?q=31.77292,35.23638&ll=31.77292,35.23638&z=17"
"אקוודוקט","41.05926, 14.40204","https://he.wikipedia.org/wiki/%D7%90%D7%A7%D7%95%D7%95%D7%93%D7%95%D7%A7%D7%98_%D7%95%D7%A0%D7%95%D7%95%D7%99%D7%98%D7%9C%D7%99",1,true,"https://www.google.com/maps?q=41.05926,14.40204&ll=41.05926,14.40204&z=17"
"בריכה חצובה בסלע","31.68899, 35.16982","https://he.wikipedia.org/wiki/%D7%91%D7%A8%D7%99%D7%9B%D7%95%D7%AA_%D7%A9%D7%9C%D7%9E%D7%94",1,true,"https://www.google.com/maps?q=31.68899,35.16982&ll=31.68899,35.16982&z=17"
"בריכת החצובה","31.77778, 35.22056","https://he.wikipedia.org/wiki/%D7%91%D7%A8%D7%99%D7%9B%D7%AA_%D7%9E%D7%9E%D7%99%D7%9C%D7%90",1,true,"https://www.google.com/maps?q=31.77778,35.22056&ll=31.77778,35.22056&z=17"
"מגדל הבריכה","31.77406, 35.23584","PhD",2,true,"https://www.google.com/maps?q=31.77406,35.23584&ll=31.77406,35.23584&z=17"
"מגדל הבריכה","31.96389, 34.80500","https://he.wikipedia.org/wiki/%D7%9E%D7%92%D7%93%D7%9C_%D7%94%D7%9E%D7%99%D7%9D_%D7%91%D7%A8%D7%90%D7%A9%D7%95%D7%9F_%D7%9C%D7%A6%D7%99%D7%95%D7%9F",2,false,"https://www.google.com/maps?q=31.96389,34.80500&ll=31.96389,34.80500&z=17"
"מגדל המעיין","31.77406, 35.23584","PhD",2,true,"https://www.google.com/maps?q=31.77406,35.23584&ll=31.77406,35.23584&z=17"
"מגדל המעיין","32.50333, 35.45028","https://he.wikipedia.org/wiki/%D7%A2%D7%99%D7%9F_%D7%9E%D7%92%D7%93%D7%9C",2,false,"https://www.google.com/maps?q=32.50333,35.45028&ll=32.50333,35.45028&z=17"
"מערכת הובלת מים","41.28230, -73.66790","https://he.wikipedia.org/wiki/%D7%90%D7%9E%D7%AA_%D7%94%D7%9E%D7%99%D7%9D_%D7%A9%D7%9C_%D7%93%D7%9C%D7%90%D7%95%D7%95%D7%A8",1,true,"https://www.google.com/maps?q=41.28230,-73.66790&ll=41.28230,-73.66790&z=17"
"מערכת מים","51.82000, 10.34000","https://he.wikipedia.org/wiki/%D7%9E%D7%A2%D7%A8%D7%9B%D7%AA_%D7%A0%D7%99%D7%94%D7%95%D7%9C_%D7%94%D7%9E%D7%99%D7%9D_%D7%91%D7%94%D7%A8%D7%99_%D7%94%D7%94%D7%90%D7%A8%D7%A5",1,true,"https://www.google.com/maps?q=51.82000,10.34000&ll=51.82000,10.34000&z=17"
"מערכת פיר וורן","31.77310, 35.23610","https://he.wikipedia.org/wiki/%D7%A4%D7%99%D7%A8_%D7%95%D7%95%D7%A8%D7%9F",1,true,"https://www.google.com/maps?q=31.77310,35.23610&ll=31.77310,35.23610&z=17"
"קמרונות אבן","55.94944, -3.18722","https://en.wikipedia.org/wiki/Edinburgh_Vaults",1,true,"https://www.google.com/maps?q=55.94944,-3.18722&ll=55.94944,-3.18722&z=17"
"שטח C","32.00000, 35.41667","https://he.wikipedia.org/wiki/%D7%A9%D7%98%D7%97_C",1,true,"https://www.google.com/maps?q=32.00000,35.41667&ll=32.00000,35.41667&z=17"
"שטח E","31.77406, 35.23584","PhD",1,true,"https://www.google.com/maps?q=31.77406,35.23584&ll=31.77406,35.23584&z=17"
"שטח F","33.25700, 35.58000","https://en.wikipedia.org/wiki/Abel-beth-maachah",1,true,"https://www.google.com/maps?q=33.25700,35.58000&ll=33.25700,35.58000&z=17"
"שטח tt","54.16722, -4.47889","https://en.wikipedia.org/wiki/Isle_of_Man_TT",1,true,"https://www.google.com/maps?q=54.16722,-4.47889&ll=54.16722,-4.47889&z=17"
"המנהרה בפיר וורן","31.77310, 35.23610","https://he.wikipedia.org/wiki/%D7%A4%D7%99%D7%A8_%D7%95%D7%95%D7%A8%D7%9F",1,true,"https://www.google.com/maps?q=31.77310,35.23610&ll=31.77310,35.23610&z=17"
"מפעל המים (תל גריסה)","32.09100, 34.80500","PhD",2,true,"https://www.google.com/maps?q=32.09100,34.80500&ll=32.09100,34.80500&z=17"
"מפעל המים (תל גריסה)","32.09170, 34.80750","https://he.wikipedia.org/wiki/%D7%AA%D7%9C_%D7%A0%D7%A4%D7%95%D7%9C%D7%99%D7%90%D7%95%D7%9F",2,false,"https://www.google.com/maps?q=32.09170,34.80750&ll=32.09170,34.80750&z=17"
"באר המים (תל נאמי)","32.65833, 34.91944","PhD",2,true,"https://www.google.com/maps?q=32.65833,34.91944&ll=32.65833,34.91944&z=17"
"באר המים (תל נאמי)","31.73421, 34.72305","https://he.wikipedia.org/wiki/%D7%91%D7%90%D7%A8_%D7%98%D7%95%D7%91%D7%99%D7%94",2,false,"https://www.google.com/maps?q=31.73421,34.72305&ll=31.73421,34.72305&z=17"
"התל הצפון-מערבי (בוצרה)","32.51861, 36.48194","https://en.wikipedia.org/wiki/Bosra",2,true,"https://www.google.com/maps?q=32.51861,36.48194&ll=32.51861,36.48194&z=17"
"התל הצפון-מערבי (בוצרה)","33.11528, 35.55611","https://he.wikipedia.org/wiki/%D7%92%D7%93%D7%A8_%D7%94%D7%A6%D7%A4%D7%95%D7%9F",2,false,"https://www.google.com/maps?q=33.11528,35.55611&ll=33.11528,35.55611&z=17"
"בור 6243 (חצור)","33.01750, 35.56833","PhD",1,true,"https://www.google.com/maps?q=33.01750,35.56833&ll=33.01750,35.56833&z=17"
"בור 9017 (חצור)","33.01750, 35.56833","PhD",1,true,"https://www.google.com/maps?q=33.01750,35.56833&ll=33.01750,35.56833&z=17"
"בור 9024 (חצור)","33.01750, 35.56833","PhD",1,true,"https://www.google.com/maps?q=33.01750,35.56833&ll=33.01750,35.56833&z=17"
"בור 9027 (חצור)","33.01750, 35.56833","PhD",1,true,"https://www.google.com/maps?q=33.01750,35.56833&ll=33.01750,35.56833&z=17"
"בור 7021 (חצור)","33.01750, 35.56833","PhD",1,true,"https://www.google.com/maps?q=33.01750,35.56833&ll=33.01750,35.56833&z=17"
"מיכל מים (גזר)","31.86000, 34.92500","PhD",2,true,"https://www.google.com/maps?q=31.86000,34.92500&ll=31.86000,34.92500&z=17"
"מיכל מים (גזר)","31.92750, 34.86250","https://en.wikipedia.org/wiki/Ramla",2,false,"https://www.google.com/maps?q=31.92750,34.86250&ll=31.92750,34.86250&z=17"
"מנהרת מקיאליסטר (גזר)","31.86000, 34.92500","PhD",2,true,"https://www.google.com/maps?q=31.86000,34.92500&ll=31.86000,34.92500&z=17"
"מנהרת מקיאליסטר (גזר)","31.85900, 34.91900","https://en.wikipedia.org/wiki/Gezer",2,false,"https://www.google.com/maps?q=31.85900,34.91900&ll=31.85900,34.91900&z=17"
"המעיין המיקני (אתונה)","37.97153, 23.72583","https://en.wikipedia.org/wiki/Acropolis_of_Athens",2,true,"https://www.google.com/maps?q=37.97153,23.72583&ll=37.97153,23.72583&z=17"
"המעיין המיקני (אתונה)","37.97167, 23.72611","https://he.wikipedia.org/wiki/%D7%94%D7%90%D7%A7%D7%A8%D7%95%D7%A4%D7%95%D7%9C%D7%99%D7%A1_%D7%91%D7%90%D7%AA%D7%95%D7%A0%D7%94",2,false,"https://www.google.com/maps?q=37.97167,23.72611&ll=37.97167,23.72611&z=17"
"מנהרת המעיין המיקנית (אתונה)","37.97153, 23.72583","https://en.wikipedia.org/wiki/Acropolis_of_Athens",1,true,"https://www.google.com/maps?q=37.97153,23.72583&ll=37.97153,23.72583&z=17"
"בור המים התת-קרקעי (מיקנה)","37.73083, 22.75611","https://en.wikipedia.org/wiki/Mycenae",2,true,"https://www.google.com/maps?q=37.73083,22.75611&ll=37.73083,22.75611&z=17"
"בור המים התת-קרקעי (מיקנה)","37.73083, 22.75611","https://he.wikipedia.org/wiki/%D7%9E%D7%99%D7%A7%D7%A0%D7%94",2,false,"https://www.google.com/maps?q=37.73083,22.75611&ll=37.73083,22.75611&z=17"
"מאגרי המים (טירינס)","37.59944, 22.79972","https://en.wikipedia.org/wiki/Tiryns",1,true,"https://www.google.com/maps?q=37.59944,22.79972&ll=37.59944,22.79972&z=17"
"מפעלי המים (טירינס)","37.59944, 22.79972","https://en.wikipedia.org/wiki/Tiryns",2,true,"https://www.google.com/maps?q=37.59944,22.79972&ll=37.59944,22.79972&z=17"
"מפעלי המים (טירינס)","54.98333, 73.36667","https://he.wikipedia.org/wiki/%D7%90%D7%95%D7%9E%D7%A1%D7%A7",2,false,"https://www.google.com/maps?q=54.98333,73.36667&ll=54.98333,73.36667&z=17"
"מאגר המים (תל חצור)","33.01750, 35.56833","PhD",3,true,"https://www.google.com/maps?q=33.01750,35.56833&ll=33.01750,35.56833&z=17"
"מאגר המים (תל חצור)","31.28083, 35.12500","https://he.wikipedia.org/wiki/%D7%AA%D7%9C_%D7%A2%D7%A8%D7%93",3,false,"https://www.google.com/maps?q=31.28083,35.12500&ll=31.28083,35.12500&z=17"
"מאגר המים (תל חצור)","31.37735, 34.48794","IAA",3,false,"https://www.google.com/maps?q=31.37735,34.48794&ll=31.37735,34.48794&z=17"
"בור מים מס' 1","31.75000, 34.98500","PhD",2,true,"https://www.google.com/maps?q=31.75000,34.98500&ll=31.75000,34.98500&z=17"
"בור מים מס' 1","31.77889, 35.22556","https://en.wikipedia.org/wiki/Jerusalem",2,false,"https://www.google.com/maps?q=31.77889,35.22556&ll=31.77889,35.22556&z=17"
"בור מים מס' 15","31.75000, 34.98500","PhD",2,true,"https://www.google.com/maps?q=31.75000,34.98500&ll=31.75000,34.98500&z=17"
"בור מים מס' 15","31.77889, 35.22556","https://en.wikipedia.org/wiki/Jerusalem",2,false,"https://www.google.com/maps?q=31.77889,35.22556&ll=31.77889,35.22556&z=17"
"בור מים מס' 17","31.75000, 34.98500","PhD",2,true,"https://www.google.com/maps?q=31.75000,34.98500&ll=31.75000,34.98500&z=17"
"בור מים מס' 17","31.77889, 35.22556","https://en.wikipedia.org/wiki/Jerusalem",2,false,"https://www.google.com/maps?q=31.77889,35.22556&ll=31.77889,35.22556&z=17"
"בור מים מס' 18","31.75000, 34.98500","PhD",2,true,"https://www.google.com/maps?q=31.75000,34.98500&ll=31.75000,34.98500&z=17"
"בור מים מס' 18","31.77889, 35.22556","https://en.wikipedia.org/wiki/Jerusalem",2,false,"https://www.google.com/maps?q=31.77889,35.22556&ll=31.77889,35.22556&z=17"
"בור מים מס' 19","31.75000, 34.98500","PhD",2,true,"https://www.google.com/maps?q=31.75000,34.98500&ll=31.75000,34.98500&z=17"
"בור מים מס' 19","31.77889, 35.22556","https://en.wikipedia.org/wiki/Jerusalem",2,false,"https://www.google.com/maps?q=31.77889,35.22556&ll=31.77889,35.22556&z=17"
"בריכה מטויחת בתוך הארמון","31.87400, 35.43133","https://he.wikipedia.org/wiki/%D7%93%D7%95%D7%A7",1,true,"https://www.google.com/maps?q=31.87400,35.43133&ll=31.87400,35.43133&z=17"
"הרציף העתיק של דור","36.50953, 43.22931","https://he.wikipedia.org/wiki/%D7%93%D7%95%D7%A8_%D7%A9%D7%A8%D7%95%D7%9B%D7%99%D7%9F",1,true,"https://www.google.com/maps?q=36.50953,43.22931&ll=36.50953,43.22931&z=17"
"הרציף","51.49650, -0.12455","https://he.wikipedia.org/wiki/%D7%A8%D7%A6%D7%99%D7%A3_%D7%94%D7%AA%D7%9E%D7%96%D7%94",1,true,"https://www.google.com/maps?q=51.49650,-0.12455&ll=51.49650,-0.12455&z=17"
"תעלת הניקוז","53.06400, -1.48262","https://he.wikipedia.org/wiki/%D7%AA%D7%A2%D7%9C%D7%AA_%D7%A7%D7%A8%D7%95%D7%9E%D7%A4%D7%95%D7%A8%D7%93",1,true,"https://www.google.com/maps?q=53.06400,-1.48262&ll=53.06400,-1.48262&z=17"
"הבאר בתל באר שבע","31.24472, 34.84139","PhD",2,true,"https://www.google.com/maps?q=31.24472,34.84139&ll=31.24472,34.84139&z=17"
"הבאר בתל באר שבע","31.25311, 34.78671","https://he.wikipedia.org/wiki/%D7%91%D7%90%D7%A8_%D7%A9%D7%91%D7%A2",2,false,"https://www.google.com/maps?q=31.25311,34.78671&ll=31.25311,34.78671&z=17"
"הארמון המערבי בתל א-סעידיה","32.26667, 35.57861","PhD",2,true,"https://www.google.com/maps?q=32.26667,35.57861&ll=32.26667,35.57861&z=17"
"הארמון המערבי בתל א-סעידיה","32.82490, 34.95530","https://he.wikipedia.org/wiki/%D7%AA%D7%9C_%D7%A9%D7%A7%D7%9E%D7%95%D7%A0%D7%94",2,false,"https://www.google.com/maps?q=32.82490,34.95530&ll=32.82490,34.95530&z=17"
"מפעל המים בתל א-סעידיה","32.26667, 35.57861","PhD",2,true,"https://www.google.com/maps?q=32.26667,35.57861&ll=32.26667,35.57861&z=17"
"מפעל המים בתל א-סעידיה","32.51327, 34.89683","https://he.wikipedia.org/wiki/%D7%90%D7%9E%D7%95%D7%AA_%D7%94%D7%9E%D7%99%D7%9D_%D7%A9%D7%9C_%D7%A7%D7%99%D7%A1%D7%A8%D7%99%D7%94",2,false,"https://www.google.com/maps?q=32.51327,34.89683&ll=32.51327,34.89683&z=17"
"מתקני המים בארמון המערבי בתל א-סעידיה","32.26667, 35.57861","PhD",2,true,"https://www.google.com/maps?q=32.26667,35.57861&ll=32.26667,35.57861&z=17"
"מתקני המים בארמון המערבי בתל א-סעידיה","32.82490, 34.95530","https://he.wikipedia.org/wiki/%D7%AA%D7%9C_%D7%A9%D7%A7%D7%9E%D7%95%D7%A0%D7%94",2,false,"https://www.google.com/maps?q=32.82490,34.95530&ll=32.82490,34.95530&z=17"
"בור מים בשילה","32.05556, 35.28944","PhD",2,true,"https://www.google.com/maps?q=32.05556,35.28944&ll=32.05556,35.28944&z=17"
"בור מים בשילה","30.86547, 34.75096","https://he.wikipedia.org/wiki/%D7%9E%D7%A6%D7%93_%D7%9E%D7%90%D7%92%D7%95%D7%A8%D7%94",2,false,"https://www.google.com/maps?q=30.86547,34.75096&ll=30.86547,34.75096&z=17"
"בור מים בתענך","32.52083, 35.22167","PhD",2,true,"https://www.google.com/maps?q=32.52083,35.22167&ll=32.52083,35.22167&z=17"
"בור מים בתענך","32.58528, 35.18444","https://he.wikipedia.org/wiki/%D7%AA%D7%9C_%D7%9E%D7%92%D7%99%D7%93%D7%95",2,false,"https://www.google.com/maps?q=32.58528,35.18444&ll=32.58528,35.18444&z=17"
"בורות המים ברדאנה","31.91500, 35.21500","PhD",2,true,"https://www.google.com/maps?q=31.91500,35.21500&ll=31.91500,35.21500&z=17"
"בורות המים ברדאנה","31.91500, 35.24972","https://en.wikipedia.org/wiki/Khirbet_el-Maqatir",2,false,"https://www.google.com/maps?q=31.91500,35.24972&ll=31.91500,35.24972&z=17"
"בורות מים בהעי","31.91690, 35.26080","PhD",2,true,"https://www.google.com/maps?q=31.91690,35.26080&ll=31.91690,35.26080&z=17"
"בורות מים בהעי","43.98620, 11.30390","https://en.wikipedia.org/wiki/Convent_of_Bosco_ai_Frati",2,false,"https://www.google.com/maps?q=43.98620,11.30390&ll=43.98620,11.30390&z=17"
"אילת השחר","29.55889, 34.93917","https://he.wikipedia.org/wiki/%D7%99%D7%A9%D7%99%D7%91%D7%AA_%D7%90%D7%99%D7%99%D7%9C%D7%AA_%D7%94%D7%A9%D7%97%D7%A8",1,true,"https://www.google.com/maps?q=29.55889,34.93917&ll=29.55889,34.93917&z=17"
"אמת המים הצפונית בתל חצור","33.01750, 35.56833","PhD",2,true,"https://www.google.com/maps?q=33.01750,35.56833&ll=33.01750,35.56833&z=17"
"אמת המים הצפונית בתל חצור","31.83944, 34.82167","https://he.wikipedia.org/wiki/%D7%91%D7%A1%D7%99%D7%A1_%D7%AA%D7%9C_%D7%A0%D7%95%D7%A3",2,false,"https://www.google.com/maps?q=31.83944,34.82167&ll=31.83944,34.82167&z=17"
"אמת מים בנויה בנחל חצור","33.01750, 35.56833","PhD",2,true,"https://www.google.com/maps?q=33.01750,35.56833&ll=33.01750,35.56833&z=17"
"אמת מים בנויה בנחל חצור","32.53360, 34.92670","https://en.wikipedia.org/wiki/Tel_Mevorakh",2,false,"https://www.google.com/maps?q=32.53360,34.92670&ll=32.53360,34.92670&z=17"
"התעלה החצובה הדרומית בתל חצור","33.01750, 35.56833","PhD",2,true,"https://www.google.com/maps?q=33.01750,35.56833&ll=33.01750,35.56833&z=17"
"התעלה החצובה הדרומית בתל חצור","32.82490, 34.95530","https://he.wikipedia.org/wiki/%D7%AA%D7%9C_%D7%A9%D7%A7%D7%9E%D7%95%D7%A0%D7%94",2,false,"https://www.google.com/maps?q=32.82490,34.95530&ll=32.82490,34.95530&z=17"
"התעלה החצובה הצפונית בתל חצור","33.01750, 35.56833","PhD",2,true,"https://www.google.com/maps?q=33.01750,35.56833&ll=33.01750,35.56833&z=17"
"התעלה החצובה הצפונית בתל חצור","32.80083, 35.01917","https://he.wikipedia.org/wiki/%D7%AA%D7%9C_%D7%90%D7%91%D7%95_%D7%94%D7%95%D7%90%D7%9D",2,false,"https://www.google.com/maps?q=32.80083,35.01917&ll=32.80083,35.01917&z=17"
"מעיין ליד תל חצור","33.01750, 35.56833","PhD",2,true,"https://www.google.com/maps?q=33.01750,35.56833&ll=33.01750,35.56833&z=17"
"מעיין ליד תל חצור","33.01833, 35.56917","https://he.wikipedia.org/wiki/%D7%AA%D7%9C_%D7%97%D7%A6%D7%95%D7%A8",2,false,"https://www.google.com/maps?q=33.01833,35.56917&ll=33.01833,35.56917&z=17"
"מערות דרוזים","33.01746, 35.56061","IAA",5,true,"https://www.google.com/maps?q=33.01746,35.56061&ll=33.01746,35.56061&z=17"
"מערות דרוזים","33.01839, 35.55205","IAA",5,false,"https://www.google.com/maps?q=33.01839,35.55205&ll=33.01839,35.55205&z=17"
"מערות דרוזים","32.82982, 34.96959","https://en.wikipedia.org/wiki/Cave_of_Elijah",5,false,"https://www.google.com/maps?q=32.82982,34.96959&ll=32.82982,34.96959&z=17"
"מערות דרוזים","33.01973, 35.55473","IAA",5,false,"https://www.google.com/maps?q=33.01973,35.55473&ll=33.01973,35.55473&z=17"
"מערות דרוזים","33.01658, 35.55150","IAA",5,false,"https://www.google.com/maps?q=33.01658,35.55150&ll=33.01658,35.55150&z=17"
"נחל מכברם","33.02289, 35.55153","IAA",4,true,"https://www.google.com/maps?q=33.02289,35.55153&ll=33.02289,35.55153&z=17"
"נחל מכברם","33.02288, 35.55742","IAA",4,false,"https://www.google.com/maps?q=33.02288,35.55742&ll=33.02288,35.55742&z=17"
"נחל מכברם","33.01885, 35.54830","IAA",4,false,"https://www.google.com/maps?q=33.01885,35.54830&ll=33.01885,35.54830&z=17"
"נחל מכברם","33.06951, 35.32457","https://he.wikipedia.org/wiki/%D7%A9%D7%9E%D7%95%D7%A8%D7%AA_%D7%A0%D7%97%D7%9C_%D7%A9%D7%A8%D7%9A",4,false,"https://www.google.com/maps?q=33.06951,35.32457&ll=33.06951,35.32457&z=17"
"נחל קבעת","32.67083, 34.96611","https://he.wikipedia.org/wiki/%D7%A0%D7%97%D7%9C_%D7%9E%D7%A2%D7%A8%D7%95%D7%AA",2,true,"https://www.google.com/maps?q=32.67083,34.96611&ll=32.67083,34.96611&z=17"
"נחל קבעת","33.00355, 35.53540","IAA",2,false,"https://www.google.com/maps?q=33.00355,35.53540&ll=33.00355,35.53540&z=17"
"עין עקר","31.76673, 35.16200","https://he.wikipedia.org/wiki/%D7%A2%D7%99%D7%9F_%D7%9B%D7%A8%D7%9D",1,true,"https://www.google.com/maps?q=31.76673,35.16200&ll=31.76673,35.16200&z=17"
"קרית שמונה","33.21163, 35.57320","https://he.wikipedia.org/wiki/%D7%A7%D7%A8%D7%99%D7%99%D7%AA_%D7%A9%D7%9E%D7%95%D7%A0%D7%94",1,true,"https://www.google.com/maps?q=33.21163,35.57320&ll=33.21163,35.57320&z=17"
"ראש פינה","32.96748, 35.53902","IAA",5,true,"https://www.google.com/maps?q=32.96748,35.53902&ll=32.96748,35.53902&z=17"
"ראש פינה","32.96908, 35.54246","https://he.wikipedia.org/wiki/%D7%A8%D7%90%D7%A9_%D7%A4%D7%99%D7%A0%D7%94",5,false,"https://www.google.com/maps?q=32.96908,35.54246&ll=32.96908,35.54246&z=17"
"ראש פינה","32.97155, 35.53315","IAA",5,false,"https://www.google.com/maps?q=32.97155,35.53315&ll=32.97155,35.53315&z=17"
"ראש פינה","32.97369, 35.54193","IAA",5,false,"https://www.google.com/maps?q=32.97369,35.54193&ll=32.97369,35.54193&z=17"
"ראש פינה","32.96861, 35.55218","IAA",5,false,"https://www.google.com/maps?q=32.96861,35.55218&ll=32.96861,35.55218&z=17"
"אמת המים הדרומית בתל חצור","33.01750, 35.56833","PhD",2,true,"https://www.google.com/maps?q=33.01750,35.56833&ll=33.01750,35.56833&z=17"
"אמת המים הדרומית בתל חצור","31.83944, 34.82167","https://he.wikipedia.org/wiki/%D7%91%D7%A1%D7%99%D7%A1_%D7%AA%D7%9C_%D7%A0%D7%95%D7%A3",2,false,"https://www.google.com/maps?q=31.83944,34.82167&ll=31.83944,34.82167&z=17"
"אמת מים בנויה מחוליות בתל חצור","33.01750, 35.56833","PhD",2,true,"https://www.google.com/maps?q=33.01750,35.56833&ll=33.01750,35.56833&z=17"
"אמת מים בנויה מחוליות בתל חצור","32.50556, 35.44778","https://he.wikipedia.org/wiki/%D7%92%D7%9F_%D7%94%D7%A9%D7%9C%D7%95%D7%A9%D7%94",2,false,"https://www.google.com/maps?q=32.50556,35.44778&ll=32.50556,35.44778&z=17"
"מפעל המים בתל חצור","33.01750, 35.56833","PhD",2,true,"https://www.google.com/maps?q=33.01750,35.56833&ll=33.01750,35.56833&z=17"
"מפעל המים בתל חצור","32.98207, 35.54358","https://he.wikipedia.org/wiki/%D7%97%D7%A6%D7%95%D7%A8_%D7%94%D7%92%D7%9C%D7%99%D7%9C%D7%99%D7%AA",2,false,"https://www.google.com/maps?q=32.98207,35.54358&ll=32.98207,35.54358&z=17"
"מפעל המים של תל חצור","33.01750, 35.56833","PhD",2,true,"https://www.google.com/maps?q=33.01750,35.56833&ll=33.01750,35.56833&z=17"
"מפעל המים של תל חצור","32.98207, 35.54358","https://he.wikipedia.org/wiki/%D7%97%D7%A6%D7%95%D7%A8_%D7%94%D7%92%D7%9C%D7%99%D7%9C%D7%99%D7%AA",2,false,"https://www.google.com/maps?q=32.98207,35.54358&ll=32.98207,35.54358&z=17"
"מפעל המים של תל יקנעם","32.66444, 35.10944","PhD",2,true,"https://www.google.com/maps?q=32.66444,35.10944&ll=32.66444,35.10944&z=17"
"מפעל המים של תל יקנעם","32.66410, 35.10827","https://he.wikipedia.org/wiki/%D7%AA%D7%9C_%D7%99%D7%A7%D7%A0%D7%A2%D7%9D",2,false,"https://www.google.com/maps?q=32.66410,35.10827&ll=32.66410,35.10827&z=17"
"מפעל המים של תל מגידו","32.58556, 35.18472","PhD",3,true,"https://www.google.com/maps?q=32.58556,35.18472&ll=32.58556,35.18472&z=17"
"מפעל המים של תל מגידו","32.53984, 35.43686","IAA",3,false,"https://www.google.com/maps?q=32.53984,35.43686&ll=32.53984,35.43686&z=17"
"מפעל המים של תל מגידו","32.58528, 35.18444","https://he.wikipedia.org/wiki/%D7%AA%D7%9C_%D7%9E%D7%92%D7%99%D7%93%D7%95",3,false,"https://www.google.com/maps?q=32.58528,35.18444&ll=32.58528,35.18444&z=17"
"מפעל המים של יבלעם","32.44306, 35.29722","PhD",2,true,"https://www.google.com/maps?q=32.44306,35.29722&ll=32.44306,35.29722&z=17"
"מפעל המים של יבלעם","32.44595, 35.29260","https://he.wikipedia.org/wiki/%D7%99%D7%91%D7%9C%D7%A2%D7%9D",2,false,"https://www.google.com/maps?q=32.44595,35.29260&ll=32.44595,35.29260&z=17"
"עין אל-בלד","31.74096, 35.14698","https://he.wikipedia.org/wiki/%D7%A2%D7%99%D7%9F_%D7%90%D7%99%D7%AA%D7%9E%D7%A8",1,true,"https://www.google.com/maps?q=31.74096,35.14698&ll=31.74096,35.14698&z=17"
"עין אל-ג'יבליה","31.84830, 35.18670","PhD",1,true,"https://www.google.com/maps?q=31.84830,35.18670&ll=31.84830,35.18670&z=17"
"חדר האיגום בגבעון","31.84830, 35.18670","PhD",2,true,"https://www.google.com/maps?q=31.84830,35.18670&ll=31.84830,35.18670&z=17"
"חדר האיגום בגבעון","31.92665, 35.13296","https://he.wikipedia.org/wiki/%D7%93%D7%95%D7%9C%D7%91_(%D7%99%D7%99%D7%A9%D7%95%D7%91)",2,false,"https://www.google.com/maps?q=31.92665,35.13296&ll=31.92665,35.13296&z=17"
"מפעל המים הראשון בגבעון","31.84830, 35.18670","PhD",2,true,"https://www.google.com/maps?q=31.84830,35.18670&ll=31.84830,35.18670&z=17"
"מפעל המים הראשון בגבעון","31.84925, 35.17104","https://he.wikipedia.org/wiki/%D7%9E%D7%97%D7%A0%D7%94_%D7%92%D7%91%D7%A2%D7%95%D7%9F",2,false,"https://www.google.com/maps?q=31.84925,35.17104&ll=31.84925,35.17104&z=17"
"תעלת ההזנה בגבעון","31.84830, 35.18670","PhD",2,true,"https://www.google.com/maps?q=31.84830,35.18670&ll=31.84830,35.18670&z=17"
"תעלת ההזנה בגבעון","32.20714, 35.26568","https://he.wikipedia.org/wiki/%D7%94%D7%A8_%D7%92%D7%A8%D7%99%D7%96%D7%99%D7%9D",2,false,"https://www.google.com/maps?q=32.20714,35.26568&ll=32.20714,35.26568&z=17"
"הבריכה בגבעון","31.84830, 35.18670","PhD",2,true,"https://www.google.com/maps?q=31.84830,35.18670&ll=31.84830,35.18670&z=17"
"הבריכה בגבעון","31.84808, 35.18716","https://he.wikipedia.org/wiki/%D7%92%D7%91%D7%A2%D7%95%D7%9F",2,false,"https://www.google.com/maps?q=31.84808,35.18716&ll=31.84808,35.18716&z=17"
"בירכת אל חמרה","31.77056, 35.23500","https://he.wikipedia.org/wiki/%D7%91%D7%A8%D7%99%D7%9B%D7%AA_%D7%94%D7%A9%D7%99%D7%9C%D7%95%D7%97",1,true,"https://www.google.com/maps?q=31.77056,35.23500&ll=31.77056,35.23500&z=17"
"הבריכה של בליס","31.77406, 35.23584","PhD",2,true,"https://www.google.com/maps?q=31.77406,35.23584&ll=31.77406,35.23584&z=17"
"הבריכה של בליס","31.77056, 35.23500","https://he.wikipedia.org/wiki/%D7%91%D7%A8%D7%99%D7%9B%D7%AA_%D7%94%D7%A9%D7%99%D7%9C%D7%95%D7%97",2,false,"https://www.google.com/maps?q=31.77056,35.23500&ll=31.77056,35.23500&z=17"
"שלוש הבריכות","31.77406, 35.23584","PhD",2,true,"https://www.google.com/maps?q=31.77406,35.23584&ll=31.77406,35.23584&z=17"
"שלוש הבריכות","31.68958, 35.16753","https://en.wikipedia.org/wiki/Solomon%27s_Pools",2,false,"https://www.google.com/maps?q=31.68958,35.16753&ll=31.68958,35.16753&z=17"
"מנהרת הכותל","31.77698, 35.23447","https://he.wikipedia.org/wiki/%D7%9E%D7%A0%D7%94%D7%A8%D7%95%D7%AA_%D7%94%D7%9B%D7%95%D7%AA%D7%9C",1,true,"https://www.google.com/maps?q=31.77698,35.23447&ll=31.77698,35.23447&z=17"
"מאגר המים של מגידו","32.58556, 35.18472","PhD",2,true,"https://www.google.com/maps?q=32.58556,35.18472&ll=32.58556,35.18472&z=17"
"מאגר המים של מגידו","32.58528, 35.18444","https://he.wikipedia.org/wiki/%D7%AA%D7%9C_%D7%9E%D7%92%D7%99%D7%93%D7%95",2,false,"https://www.google.com/maps?q=32.58528,35.18444&ll=32.58528,35.18444&z=17"
"מאגר המים של בית שמש","31.75000, 34.98500","PhD",2,true,"https://www.google.com/maps?q=31.75000,34.98500&ll=31.75000,34.98500&z=17"
"מאגר המים של בית שמש","31.78194, 35.15417","https://he.wikipedia.org/wiki/%D7%9E%D7%90%D7%92%D7%A8_%D7%91%D7%99%D7%AA_%D7%96%D7%99%D7%AA",2,false,"https://www.google.com/maps?q=31.78194,35.15417&ll=31.78194,35.15417&z=17"
"מפעל המים של גזר","31.86000, 34.92500","PhD",2,true,"https://www.google.com/maps?q=31.86000,34.92500&ll=31.86000,34.92500&z=17"
"מפעל המים של גזר","31.85987, 34.91964","https://he.wikipedia.org/wiki/%D7%AA%D7%9C_%D7%92%D7%96%D7%A8",2,false,"https://www.google.com/maps?q=31.85987,34.91964&ll=31.85987,34.91964&z=17"
"מאגר המים בבית שמש","31.75000, 34.98500","PhD",2,true,"https://www.google.com/maps?q=31.75000,34.98500&ll=31.75000,34.98500&z=17"
"מאגר המים בבית שמש","31.78194, 35.15417","https://he.wikipedia.org/wiki/%D7%9E%D7%90%D7%92%D7%A8_%D7%91%D7%99%D7%AA_%D7%96%D7%99%D7%AA",2,false,"https://www.google.com/maps?q=31.78194,35.15417&ll=31.78194,35.15417&z=17"
"תעלת המים בבית שמש","31.75000, 34.98500","PhD",2,true,"https://www.google.com/maps?q=31.75000,34.98500&ll=31.75000,34.98500&z=17"
"תעלת המים בבית שמש","44.19800, 28.39830","https://he.wikipedia.org/wiki/%D7%AA%D7%A2%D7%9C%D7%AA_%D7%93%D7%A0%D7%95%D7%91%D7%94%E2%80%93%D7%94%D7%99%D7%9D_%D7%94%D7%A9%D7%97%D7%95%D7%A8",2,false,"https://www.google.com/maps?q=44.19800,28.39830&ll=44.19800,28.39830&z=17"
"מאגר המים בעיטם","31.69170, 35.16670","PhD",2,true,"https://www.google.com/maps?q=31.69170,35.16670&ll=31.69170,35.16670&z=17"
"מאגר המים בעיטם","31.68958, 35.16753","https://en.wikipedia.org/wiki/Solomon%27s_Pools",2,false,"https://www.google.com/maps?q=31.68958,35.16753&ll=31.68958,35.16753&z=17"
"מאגר המים בעמאן","31.95000, 35.93333","https://he.wikipedia.org/wiki/%D7%A2%D7%9E%D7%90%D7%9F",1,true,"https://www.google.com/maps?q=31.95000,35.93333&ll=31.95000,35.93333&z=17"
"מאגר המים בבאר שבע","31.24472, 34.84139","PhD",2,true,"https://www.google.com/maps?q=31.24472,34.84139&ll=31.24472,34.84139&z=17"
"מאגר המים בבאר שבע","31.23764, 34.78739","https://he.wikipedia.org/wiki/%D7%91%D7%99%D7%AA_%D7%92%D7%90%D7%94_%D7%91%D7%91%D7%90%D7%A8_%D7%A9%D7%91%D7%A2",2,false,"https://www.google.com/maps?q=31.23764,34.78739&ll=31.23764,34.78739&z=17"
"הבאר בערד","31.28173, 35.12535","PhD",2,true,"https://www.google.com/maps?q=31.28173,35.12535&ll=31.28173,35.12535&z=17"
"הבאר בערד","31.25893, 35.21389","https://he.wikipedia.org/wiki/%D7%A2%D7%A8%D7%93",2,false,"https://www.google.com/maps?q=31.25893,35.21389&ll=31.25893,35.21389&z=17"
"תעלת המים","62.80000, 34.80000","https://he.wikipedia.org/wiki/%D7%AA%D7%A2%D7%9C%D7%AA_%D7%94%D7%99%D7%9D_%D7%94%D7%9C%D7%91%D7%9F%E2%80%93%D7%94%D7%99%D7%9D_%D7%94%D7%91%D7%9C%D7%98%D7%99",1,true,"https://www.google.com/maps?q=62.80000,34.80000&ll=62.80000,34.80000&z=17"
"חומת המצודה","28.65583, 77.24028","https://he.wikipedia.org/wiki/%D7%94%D7%9E%D7%A6%D7%95%D7%93%D7%94_%D7%94%D7%90%D7%93%D7%95%D7%9E%D7%94_%D7%91%D7%93%D7%9C%D7%94%D7%99",1,true,"https://www.google.com/maps?q=28.65583,77.24028&ll=28.65583,77.24028&z=17"
"מאגר המים המזרחי","41.39704, -73.59124","https://he.wikipedia.org/wiki/%D7%9E%D7%90%D7%92%D7%A8_%D7%94%D7%A2%D7%A0%D7%A3_%D7%94%D7%9E%D7%96%D7%A8%D7%97%D7%99",1,true,"https://www.google.com/maps?q=41.39704,-73.59124&ll=41.39704,-73.59124&z=17"
"מצודת חורבת טוב","31.00039, 35.08892","PhD",2,true,"https://www.google.com/maps?q=31.00039,35.08892&ll=31.00039,35.08892&z=17"
"מצודת חורבת טוב","51.50820, -0.07620","https://he.wikipedia.org/wiki/%D7%9E%D7%A6%D7%95%D7%93%D7%AA_%D7%9C%D7%95%D7%A0%D7%93%D7%95%D7%9F",2,false,"https://www.google.com/maps?q=51.50820,-0.07620&ll=51.50820,-0.07620&z=17"
"המצודה האמצעית","51.50820, -0.07620","https://he.wikipedia.org/wiki/%D7%9E%D7%A6%D7%95%D7%93%D7%AA_%D7%9C%D7%95%D7%A0%D7%93%D7%95%D7%9F",1,true,"https://www.google.com/maps?q=51.50820,-0.07620&ll=51.50820,-0.07620&z=17"
"בורות המים","41.00806, 28.97778","https://en.wikipedia.org/wiki/Basilica_Cistern",1,true,"https://www.google.com/maps?q=41.00806,28.97778&ll=41.00806,28.97778&z=17"
"בור מס' 40","31.28173, 35.12535","PhD",2,true,"https://www.google.com/maps?q=31.28173,35.12535&ll=31.28173,35.12535&z=17"
"בור מס' 40","41.00806, 28.97778","https://en.wikipedia.org/wiki/Basilica_Cistern",2,false,"https://www.google.com/maps?q=41.00806,28.97778&ll=41.00806,28.97778&z=17"
"בור 147","31.28173, 35.12535","PhD",2,true,"https://www.google.com/maps?q=31.28173,35.12535&ll=31.28173,35.12535&z=17"
"בור 147","41.01028, 28.93472","https://en.wikipedia.org/wiki/Cistern_of_Mocius",2,false,"https://www.google.com/maps?q=41.01028,28.93472&ll=41.01028,28.93472&z=17"
"בור 148","31.28173, 35.12535","PhD",2,true,"https://www.google.com/maps?q=31.28173,35.12535&ll=31.28173,35.12535&z=17"
"בור 148","55.29979, 38.39030","https://he.wikipedia.org/wiki/%D7%98%D7%99%D7%A1%D7%94_703_%D7%A9%D7%9C_%D7%A1%D7%A8%D7%90%D7%98%D7%95%D7%91_%D7%90%D7%99%D7%99%D7%A8%D7%9C%D7%99%D7%99%D7%A0%D7%A1",2,false,"https://www.google.com/maps?q=55.29979,38.39030&ll=55.29979,38.39030&z=17"
"בור 152","31.28173, 35.12535","PhD",2,true,"https://www.google.com/maps?q=31.28173,35.12535&ll=31.28173,35.12535&z=17"
"בור 152","36.51957, 28.92265","https://he.wikipedia.org/wiki/%D7%98%D7%99%D7%A1%D7%94_152_%D7%A9%D7%9C_%D7%90%D7%99%D7%99%D7%A8_%D7%A4%D7%A8%D7%90%D7%A0%D7%A1",2,false,"https://www.google.com/maps?q=36.51957,28.92265&ll=36.51957,28.92265&z=17"
"בור 163","31.28173, 35.12535","PhD",2,true,"https://www.google.com/maps?q=31.28173,35.12535&ll=31.28173,35.12535&z=17"
"בור 163","37.44444, 35.81028","https://en.wikipedia.org/wiki/Sis_(ancient_city)",2,false,"https://www.google.com/maps?q=37.44444,35.81028&ll=37.44444,35.81028&z=17"
"בור 170","31.28173, 35.12535","PhD",2,true,"https://www.google.com/maps?q=31.28173,35.12535&ll=31.28173,35.12535&z=17"
"בור 170","41.01028, 28.93472","https://en.wikipedia.org/wiki/Cistern_of_Mocius",2,false,"https://www.google.com/maps?q=41.01028,28.93472&ll=41.01028,28.93472&z=17"
"בור 171","31.28173, 35.12535","PhD",2,true,"https://www.google.com/maps?q=31.28173,35.12535&ll=31.28173,35.12535&z=17"
"בור 171","30.58894, 34.69053","https://he.wikipedia.org/wiki/%D7%9B%D7%91%D7%99%D7%A9_171",2,false,"https://www.google.com/maps?q=30.58894,34.69053&ll=30.58894,34.69053&z=17"
"בור 173","31.28173, 35.12535","PhD",2,true,"https://www.google.com/maps?q=31.28173,35.12535&ll=31.28173,35.12535&z=17"
"בור 173","-37.81361, 144.96306","https://he.wikipedia.org/wiki/%D7%9E%D7%9C%D7%91%D7%95%D7%A8%D7%9F",2,false,"https://www.google.com/maps?q=-37.81361,144.96306&ll=-37.81361,144.96306&z=17"
"בור 183","31.28173, 35.12535","PhD",2,true,"https://www.google.com/maps?q=31.28173,35.12535&ll=31.28173,35.12535&z=17"
"בור 183","44.75029, 19.69073","https://he.wikipedia.org/wiki/%D7%93%D7%95%D7%9C%D7%90%D7%92_183",2,false,"https://www.google.com/maps?q=44.75029,19.69073&ll=44.75029,19.69073&z=17"
"בור 216","31.28173, 35.12535","PhD",1,true,"https://www.google.com/maps?q=31.28173,35.12535&ll=31.28173,35.12535&z=17"
"בור 220","31.28173, 35.12535","PhD",2,true,"https://www.google.com/maps?q=31.28173,35.12535&ll=31.28173,35.12535&z=17"
"בור 220","32.77880, 34.99652","https://he.wikipedia.org/wiki/%D7%91%D7%99%D7%AA_%D7%91%D7%99%D7%A8%D7%9D",2,false,"https://www.google.com/maps?q=32.77880,34.99652&ll=32.77880,34.99652&z=17"
"בור 231","31.28173, 35.12535","PhD",2,true,"https://www.google.com/maps?q=31.28173,35.12535&ll=31.28173,35.12535&z=17"
"בור 231","31.74083, 35.45861","https://en.wikipedia.org/wiki/Qumran",2,false,"https://www.google.com/maps?q=31.74083,35.45861&ll=31.74083,35.45861&z=17"
"בור 276","31.28173, 35.12535","PhD",2,true,"https://www.google.com/maps?q=31.28173,35.12535&ll=31.28173,35.12535&z=17"
"בור 276","-65.08330, -61.66670","https://he.wikipedia.org/wiki/%D7%A7%D7%A8%D7%97%D7%95%D7%9F_%D7%90%D7%95%D7%95%D7%A0%D7%A1_(%D7%90%D7%A8%D7%A5_%D7%92%D7%A8%D7%94%D7%90%D7%9D)",2,false,"https://www.google.com/maps?q=-65.08330,-61.66670&ll=-65.08330,-61.66670&z=17"
"בור 363","31.28173, 35.12535","PhD",2,true,"https://www.google.com/maps?q=31.28173,35.12535&ll=31.28173,35.12535&z=17"
"בור 363","33.37500, 43.71667","https://he.wikipedia.org/wiki/%D7%90%D7%A0%D7%91%D7%90%D7%A8",2,false,"https://www.google.com/maps?q=33.37500,43.71667&ll=33.37500,43.71667&z=17"
"ממגורה 275","31.28173, 35.12535","PhD",2,true,"https://www.google.com/maps?q=31.28173,35.12535&ll=31.28173,35.12535&z=17"
"ממגורה 275","31.79472, 34.62806","https://he.wikipedia.org/wiki/%D7%9E%D7%A8%D7%99%D7%A0%D7%94_%D7%90%D7%A9%D7%93%D7%95%D7%93",2,false,"https://www.google.com/maps?q=31.79472,34.62806&ll=31.79472,34.62806&z=17"
"ממגורה 281","31.28173, 35.12535","PhD",1,true,"https://www.google.com/maps?q=31.28173,35.12535&ll=31.28173,35.12535&z=17"
"בור המים מס' 21","38.02806, 22.85250","https://en.wikipedia.org/wiki/Heraion_of_Perachora",1,true,"https://www.google.com/maps?q=38.02806,22.85250&ll=38.02806,22.85250&z=17"
"הבור הקטן","31.95922, 35.26664","https://he.wikipedia.org/wiki/%D7%94%D7%91%D7%95%D7%A8_%D7%94%D7%A1%D7%99%D7%A0%D7%99",1,true,"https://www.google.com/maps?q=31.95922,35.26664&ll=31.95922,35.26664&z=17"
"בור פתוח רדוד מס' 121 (נחל בוקר)","30.87500, 34.78300","PhD",2,true,"https://www.google.com/maps?q=30.87500,34.78300&ll=30.87500,34.78300&z=17"
"בור פתוח רדוד מס' 121 (נחל בוקר)","36.06000, -107.97000","https://he.wikipedia.org/wiki/%D7%94%D7%A4%D7%90%D7%A8%D7%A7_%D7%94%D7%94%D7%99%D7%A1%D7%98%D7%95%D7%A8%D7%99_%D7%94%D7%9C%D7%90%D7%95%D7%9E%D7%99_%D7%A9%D7%9C_%D7%AA%D7%A8%D7%91%D7%95%D7%AA_%D7%A6%27%D7%90%D7%A7%D7%95",2,false,"https://www.google.com/maps?q=36.06000,-107.97000&ll=36.06000,-107.97000&z=17"
"הבריכה הגדולה (ג'ית)","32.20389, 35.15833","PhD",2,true,"https://www.google.com/maps?q=32.20389,35.15833&ll=32.20389,35.15833&z=17"
"הבריכה הגדולה (ג'ית)","32.21849, 35.16021","https://he.wikipedia.org/wiki/%D7%A7%D7%93%D7%95%D7%9E%D7%99%D7%9D",2,false,"https://www.google.com/maps?q=32.21849,35.16021&ll=32.21849,35.16021&z=17"
"אורפה","37.15000, 38.80000","https://he.wikipedia.org/wiki/%D7%90%D7%95%D7%A8%D7%A4%D7%94",1,true,"https://www.google.com/maps?q=37.15000,38.80000&ll=37.15000,38.80000&z=17"
"אייאניס","48.69028, 6.18333","https://he.wikipedia.org/wiki/%D7%A0%D7%90%D7%A0%D7%A1%D7%99",1,true,"https://www.google.com/maps?q=48.69028,6.18333&ll=48.69028,6.18333&z=17"
"אקדמר","38.34167, 43.03528","https://en.wikipedia.org/wiki/Akdamar_Island",1,true,"https://www.google.com/maps?q=38.34167,43.03528&ll=38.34167,43.03528&z=17"
"אראק","34.05300, 49.41210","https://he.wikipedia.org/wiki/%D7%90%D7%A8%D7%90%D7%9B",1,true,"https://www.google.com/maps?q=34.05300,49.41210&ll=34.05300,49.41210&z=17"
"ארזורום","39.91667, 41.28333","https://he.wikipedia.org/wiki/%D7%90%D7%A8%D7%96%D7%95%D7%A8%D7%95%D7%9D",1,true,"https://www.google.com/maps?q=39.91667,41.28333&ll=39.91667,41.28333&z=17"
"באקו","40.36667, 49.83333","https://he.wikipedia.org/wiki/%D7%91%D7%90%D7%A7%D7%95",1,true,"https://www.google.com/maps?q=40.36667,49.83333&ll=40.36667,49.83333&z=17"
"באתום","41.64583, 41.64167","https://en.wikipedia.org/wiki/Batumi",1,true,"https://www.google.com/maps?q=41.64583,41.64167&ll=41.64583,41.64167&z=17"
"הוסאפ","38.31722, 43.80167","https://en.wikipedia.org/wiki/Ho%C5%9Fap_Castle",1,true,"https://www.google.com/maps?q=38.31722,43.80167&ll=38.31722,43.80167&z=17"
"טביליסי","41.72250, 44.79250","https://he.wikipedia.org/wiki/%D7%98%D7%91%D7%99%D7%9C%D7%99%D7%A1%D7%99",1,true,"https://www.google.com/maps?q=41.72250,44.79250&ll=41.72250,44.79250&z=17"
"טוספה","38.51778, 43.43444","https://en.wikipedia.org/wiki/Tu%C5%9Fba",1,true,"https://www.google.com/maps?q=38.51778,43.43444&ll=38.51778,43.43444&z=17"
"טרבזון","41.00639, 39.73056","https://he.wikipedia.org/wiki/%D7%98%D7%A8%D7%91%D7%96%D7%95%D7%9F",1,true,"https://www.google.com/maps?q=41.00639,39.73056&ll=41.00639,39.73056&z=17"
"ירוואן","40.18333, 44.51667","https://he.wikipedia.org/wiki/%D7%99%D7%A8%D7%95%D7%95%D7%90%D7%9F",1,true,"https://www.google.com/maps?q=40.18333,44.51667&ll=40.18333,44.51667&z=17"
"סרדורחינילי","38.35194, 43.46028","https://en.wikipedia.org/wiki/Van_Province",1,true,"https://www.google.com/maps?q=38.35194,43.46028&ll=38.35194,43.46028&z=17"
"רוסאחינילי","38.52500, 43.41600","PhD",2,true,"https://www.google.com/maps?q=38.52500,43.41600&ll=38.52500,43.41600&z=17"
"רוסאחינילי","38.52056, 43.40389","https://en.wikipedia.org/wiki/Toprakkale_(castle)",2,false,"https://www.google.com/maps?q=38.52056,43.40389&ll=38.52056,43.40389&z=17"
"הארמון הצפון מערבי (נמרוד)","36.09889, 43.33083","https://en.wikipedia.org/wiki/Nimrud",2,true,"https://www.google.com/maps?q=36.09889,43.33083&ll=36.09889,43.33083&z=17"
"הארמון הצפון מערבי (נמרוד)","33.25278, 35.71472","https://he.wikipedia.org/wiki/%D7%9E%D7%91%D7%A6%D7%A8_%D7%A0%D7%9E%D7%A8%D7%95%D7%93",2,false,"https://www.google.com/maps?q=33.25278,35.71472&ll=33.25278,35.71472&z=17"
"אימגור אנליל","36.21667, 43.41667","https://he.wikipedia.org/wiki/%D7%91%D7%9C%D7%90%D7%95%D7%95%D7%90%D7%AA",1,true,"https://www.google.com/maps?q=36.21667,43.41667&ll=36.21667,43.41667&z=17"
"חזור","19.15278, 77.31861","https://en.wikipedia.org/wiki/Hazur_Sahib",1,true,"https://www.google.com/maps?q=19.15278,77.31861&ll=19.15278,77.31861&z=17"
"כלחו","36.09806, 43.32889","https://en.wikipedia.org/wiki/Nimrud",1,true,"https://www.google.com/maps?q=36.09806,43.32889&ll=36.09806,43.32889&z=17"
"תרביצו","36.41500, 43.11972","https://en.wikipedia.org/wiki/Tarbi%E1%B9%A3u",1,true,"https://www.google.com/maps?q=36.41500,43.11972&ll=36.41500,43.11972&z=17"
"אמת המים לנמרוד","36.09889, 43.33083","https://en.wikipedia.org/wiki/Nimrud",2,true,"https://www.google.com/maps?q=36.09889,43.33083&ll=36.09889,43.33083&z=17"
"אמת המים לנמרוד","36.35944, 43.15278","https://en.wikipedia.org/wiki/Nineveh",2,false,"https://www.google.com/maps?q=36.35944,43.15278&ll=36.35944,43.15278&z=17"
"חידר בסאטליה","38.40000, 43.41667","https://en.wikipedia.org/wiki/Menua_Canal",1,true,"https://www.google.com/maps?q=38.40000,43.41667&ll=38.40000,43.41667&z=17"
"תל אבו שיטה","32.80083, 35.01917","https://he.wikipedia.org/wiki/%D7%AA%D7%9C_%D7%90%D7%91%D7%95_%D7%94%D7%95%D7%90%D7%9D",1,true,"https://www.google.com/maps?q=32.80083,35.01917&ll=32.80083,35.01917&z=17"
"תל כשף","32.48333, 35.56667","https://survey.iaa.org.il/",1,true,"https://www.google.com/maps?q=32.48333,35.56667&ll=32.48333,35.56667&z=17"
"תל עקוב","31.69937, 34.84669","https://he.wikipedia.org/wiki/%D7%AA%D7%9C_%D7%A6%D7%A4%D7%99%D7%AA",1,true,"https://www.google.com/maps?q=31.69937,34.84669&ll=31.69937,34.84669&z=17"
"תעלת נמרוד","36.09889, 43.33083","https://en.wikipedia.org/wiki/Nimrud",2,true,"https://www.google.com/maps?q=36.09889,43.33083&ll=36.09889,43.33083&z=17"
"תעלת נמרוד","37.92703, 22.99462","https://he.wikipedia.org/wiki/%D7%AA%D7%A2%D7%9C%D7%AA_%D7%A7%D7%95%D7%A8%D7%99%D7%A0%D7%AA%D7%95%D7%A1",2,false,"https://www.google.com/maps?q=37.92703,22.99462&ll=37.92703,22.99462&z=17"
"אטרוש","36.66972, 43.39361","https://he.wikipedia.org/wiki/%D7%92%27%D7%A8%D7%95%D7%95%D7%90%D7%9F",1,true,"https://www.google.com/maps?q=36.66972,43.39361&ll=36.66972,43.39361&z=17"
"באוויאן","36.66972, 43.39361","https://en.wikipedia.org/wiki/Jerwan",1,true,"https://www.google.com/maps?q=36.66972,43.39361&ll=36.66972,43.39361&z=17"
"חורסאבאד","35.45667, 43.26250","https://he.wikipedia.org/wiki/%D7%90%D7%A9%D7%95%D7%A8_(%D7%A2%D7%99%D7%A8)",1,true,"https://www.google.com/maps?q=35.45667,43.26250&ll=35.45667,43.26250&z=17"
"טרביצו","36.41500, 43.11972","https://en.wikipedia.org/wiki/Tarbi%E1%B9%A3u",1,true,"https://www.google.com/maps?q=36.41500,43.11972&ll=36.41500,43.11972&z=17"
"קיסירי","32.50110, 34.89230","https://he.wikipedia.org/wiki/%D7%A7%D7%99%D7%A1%D7%A8%D7%99%D7%94",1,true,"https://www.google.com/maps?q=32.50110,34.89230&ll=32.50110,34.89230&z=17"
"תעלות אשוריות","36.66972, 43.39361","https://en.wikipedia.org/wiki/Jerwan",1,true,"https://www.google.com/maps?q=36.66972,43.39361&ll=36.66972,43.39361&z=17"
"עיאדס","32.33611, 37.03472","https://en.wikipedia.org/wiki/Jawa,_Jordan",1,true,"https://www.google.com/maps?q=32.33611,37.03472&ll=32.33611,37.03472&z=17"
"פיתגוריון","37.69000, 26.94256","https://he.wikipedia.org/wiki/%D7%94%D7%A4%D7%99%D7%AA%D7%92%D7%95%D7%A8%D7%99%D7%95%D7%9F_%D7%91%D7%A1%D7%90%D7%9E%D7%95%D7%A1",1,true,"https://www.google.com/maps?q=37.69000,26.94256&ll=37.69000,26.94256&z=17"
"מצבת מישע","31.50000, 35.78333","https://en.wikipedia.org/wiki/Dhiban,_Jordan",1,true,"https://www.google.com/maps?q=31.50000,35.78333&ll=31.50000,35.78333&z=17"
"ח' בתר","31.73001, 35.13565","https://he.wikipedia.org/wiki/%D7%91%D7%99%D7%AA%D7%A8",1,true,"https://www.google.com/maps?q=31.73001,35.13565&ll=31.73001,35.13565&z=17"
"עתלית","32.70565, 34.93494","IAA",2,true,"https://www.google.com/maps?q=32.70565,34.93494&ll=32.70565,34.93494&z=17"
"עתלית","32.69101, 34.94266","https://he.wikipedia.org/wiki/%D7%A2%D7%AA%D7%9C%D7%99%D7%AA",2,false,"https://www.google.com/maps?q=32.69101,34.94266&ll=32.69101,34.94266&z=17"
"אוס","51.76667, 5.51667","https://he.wikipedia.org/wiki/%D7%90%D7%95%D7%A1",1,true,"https://www.google.com/maps?q=51.76667,5.51667&ll=51.76667,5.51667&z=17"
"אל-ביארה","30.32861, 35.44194","https://he.wikipedia.org/wiki/%D7%A4%D7%98%D7%A8%D7%94",1,true,"https://www.google.com/maps?q=30.32861,35.44194&ll=30.32861,35.44194&z=17"
"אנו טווין","46.28333, 21.01667","https://he.wikipedia.org/wiki/%D7%91%D7%98%D7%95%D7%A0%D7%99%D7%94",1,true,"https://www.google.com/maps?q=46.28333,21.01667&ll=46.28333,21.01667&z=17"
"סיקיעה","38.40000, 43.41667","https://en.wikipedia.org/wiki/Menua_Canal",1,true,"https://www.google.com/maps?q=38.40000,43.41667&ll=38.40000,43.41667&z=17"
"סנצבה","31.98000, 35.22000","PhD",1,true,"https://www.google.com/maps?q=31.98000,35.22000&ll=31.98000,35.22000&z=17"
"ראס א-זית","32.87866, 35.22864","PhD",2,true,"https://www.google.com/maps?q=32.87866,35.22864&ll=32.87866,35.22864&z=17"
"ראס א-זית","33.10100, 35.44400","https://he.wikipedia.org/wiki/%D7%9E%D7%90%D7%A8%D7%95%D7%9F_%D7%90-%D7%A8%D7%90%D7%A1",2,false,"https://www.google.com/maps?q=33.10100,35.44400&ll=33.10100,35.44400&z=17"
"רדום ס","31.13890, 35.18890","PhD",2,true,"https://www.google.com/maps?q=31.13890,35.18890&ll=31.13890,35.18890&z=17"
"רדום ס","37.66250, -121.87472","https://en.wikipedia.org/wiki/Pleasanton,_California",2,false,"https://www.google.com/maps?q=37.66250,-121.87472&ll=37.66250,-121.87472&z=17"
"ח' זירקון","32.59750, 35.98640","PhD",2,true,"https://www.google.com/maps?q=32.59750,35.98640&ll=32.59750,35.98640&z=17"
"ח' זירקון","32.53333, 35.91667","https://en.wikipedia.org/wiki/Irbid_Governorate",2,false,"https://www.google.com/maps?q=32.53333,35.91667&ll=32.53333,35.91667&z=17"
"ח' טוב","31.74083, 35.45861","https://en.wikipedia.org/wiki/Qumran",1,true,"https://www.google.com/maps?q=31.74083,35.45861&ll=31.74083,35.45861&z=17"
"תל נצבה","31.88514, 35.21642","https://he.wikipedia.org/wiki/%D7%AA%D7%9C_%D7%90-%D7%A0%D7%A6%D7%91%D7%94",1,true,"https://www.google.com/maps?q=31.88514,35.21642&ll=31.88514,35.21642&z=17"
"עפק","32.08083, 34.95694","https://en.wikipedia.org/wiki/Migdal_Afek",1,true,"https://www.google.com/maps?q=32.08083,34.95694&ll=32.08083,34.95694&z=17"
"אגמי סיחה","39.91139, 116.38056","https://he.wikipedia.org/wiki/%D7%92%27%D7%95%D7%A0%D7%92%D7%A0%D7%A0%D7%94%D7%90%D7%99",1,true,"https://www.google.com/maps?q=39.91139,116.38056&ll=39.91139,116.38056&z=17"
"אגמי רוסה","55.76389, 37.59194","https://he.wikipedia.org/wiki/%D7%90%D7%92%D7%9E%D7%99_%D7%94%D7%A4%D7%98%D7%A8%D7%99%D7%90%D7%A8%D7%9A",1,true,"https://www.google.com/maps?q=55.76389,37.59194&ll=55.76389,37.59194&z=17"
"אולכו","38.50000, 44.00000","https://en.wikipedia.org/wiki/Urartu",1,true,"https://www.google.com/maps?q=38.50000,44.00000&ll=38.50000,44.00000&z=17"
"ארמון נמרוד","36.09889, 43.33083","https://en.wikipedia.org/wiki/Nimrud",2,true,"https://www.google.com/maps?q=36.09889,43.33083&ll=36.09889,43.33083&z=17"
"ארמון נמרוד","33.25278, 35.71472","https://he.wikipedia.org/wiki/%D7%9E%D7%91%D7%A6%D7%A8_%D7%A0%D7%9E%D7%A8%D7%95%D7%93",2,false,"https://www.google.com/maps?q=33.25278,35.71472&ll=33.25278,35.71472&z=17"
"טופרק קאלה","41.68333, 60.75000","https://he.wikipedia.org/wiki/%D7%91%D7%99%D7%A8%D7%95%D7%A0%D7%99",1,true,"https://www.google.com/maps?q=41.68333,60.75000&ll=41.68333,60.75000&z=17"
"מנהרת אופלינוס בסאמוס","37.69361, 26.92972","https://en.wikipedia.org/wiki/Tunnel_of_Eupalinos",1,true,"https://www.google.com/maps?q=37.69361,26.92972&ll=37.69361,26.92972&z=17"
"מנהרת נגב","31.31406, 34.59461","https://he.wikipedia.org/wiki/%D7%91%D7%99%D7%AA_%D7%94%D7%97%D7%95%D7%9C%D7%99%D7%9D_%D7%A2%D7%93%D7%99_%D7%A0%D7%92%D7%91",1,true,"https://www.google.com/maps?q=31.31406,34.59461&ll=31.31406,34.59461&z=17"
"עיר מידאס","39.20000, 30.71667","https://en.wikipedia.org/wiki/Yaz%C4%B1l%C4%B1,_Han",1,true,"https://www.google.com/maps?q=39.20000,30.71667&ll=39.20000,30.71667&z=17"
"קנאווט","32.75556, 36.61667","https://en.wikipedia.org/wiki/Qanawat",1,true,"https://www.google.com/maps?q=32.75556,36.61667&ll=32.75556,36.61667&z=17"
"חורבת אבו א-תוין","31.66638, 35.08924","https://he.wikipedia.org/wiki/%D7%97%27%D7%A8%D7%91%D7%AA_%D7%90%D7%91%D7%95_%D7%98%D7%95%D7%99%D7%9F",1,true,"https://www.google.com/maps?q=31.66638,35.08924&ll=31.66638,35.08924&z=17"
"חורבת אל-חוח (עיטם)","31.69170, 35.16670","PhD",4,true,"https://www.google.com/maps?q=31.69170,35.16670&ll=31.69170,35.16670&z=17"
"חורבת אל-חוח (עיטם)","35.38028, 92.43917","https://he.wikipedia.org/wiki/%D7%97%D7%95%D7%97_%D7%A9%D7%99%D7%9C",4,false,"https://www.google.com/maps?q=35.38028,92.43917&ll=35.38028,92.43917&z=17"
"חורבת אל-חוח (עיטם)","32.89437, 35.69447","IAA",4,false,"https://www.google.com/maps?q=32.89437,35.69447&ll=32.89437,35.69447&z=17"
"חורבת אל-חוח (עיטם)","32.89574, 35.69127","IAA",4,false,"https://www.google.com/maps?q=32.89574,35.69127&ll=32.89574,35.69127&z=17"
"חורבת אל-קאיק (גובה בית שמש)","31.75000, 34.98500","PhD",2,true,"https://www.google.com/maps?q=31.75000,34.98500&ll=31.75000,34.98500&z=17"
"חורבת אל-קאיק (גובה בית שמש)","31.71863, 35.00066","https://he.wikipedia.org/wiki/%D7%97%D7%95%D7%A8%D7%91%D7%AA_%D7%96%D7%A0%D7%95%D7%97",2,false,"https://www.google.com/maps?q=31.71863,35.00066&ll=31.71863,35.00066&z=17"
"חורבת בנאת בר","31.65500, 34.93750","https://he.wikipedia.org/wiki/%D7%97%D7%95%D7%A8%D7%91%D7%AA_%D7%9E%D7%93%D7%A8%D7%A1",1,true,"https://www.google.com/maps?q=31.65500,34.93750&ll=31.65500,34.93750&z=17"
"בוסרה (סוריה)","32.51861, 36.48194","https://en.wikipedia.org/wiki/Bosra",2,true,"https://www.google.com/maps?q=32.51861,36.48194&ll=32.51861,36.48194&z=17"
"בוסרה (סוריה)","32.51667, 36.48333","https://he.wikipedia.org/wiki/%D7%91%D7%95%D7%A1%D7%A8%D7%94",2,false,"https://www.google.com/maps?q=32.51667,36.48333&ll=32.51667,36.48333&z=17"
"ג'אווה (ירדן)","32.33500, 37.00333","https://en.wikipedia.org/wiki/Jawa,_Jordan",1,true,"https://www.google.com/maps?q=32.33500,37.00333&ll=32.33500,37.00333&z=17"
"מזר","32.44000, 35.04750","https://en.wikipedia.org/wiki/Metzer",1,true,"https://www.google.com/maps?q=32.44000,35.04750&ll=32.44000,35.04750&z=17"
"ביד'ה","30.37889, 35.44750","https://en.wikipedia.org/wiki/Beidha_(Jordan)",3,true,"https://www.google.com/maps?q=30.37889,35.44750&ll=30.37889,35.44750&z=17"
"ביד'ה","33.16717, 35.68151","IAA",3,false,"https://www.google.com/maps?q=33.16717,35.68151&ll=33.16717,35.68151&z=17"
"ביד'ה","33.16491, 35.68525","IAA",3,false,"https://www.google.com/maps?q=33.16491,35.68525&ll=33.16491,35.68525&z=17"
"ח'רבת א-זרקון","32.53333, 35.91667","https://en.wikipedia.org/wiki/Irbid_Governorate",1,true,"https://www.google.com/maps?q=32.53333,35.91667&ll=32.53333,35.91667&z=17"
"חג'ילר","37.59972, 30.08139","https://en.wikipedia.org/wiki/Hacilar",1,true,"https://www.google.com/maps?q=37.59972,30.08139&ll=37.59972,30.08139&z=17"
"חורבת בטר","31.23844, 34.77868","PhD",1,true,"https://www.google.com/maps?q=31.23844,34.77868&ll=31.23844,34.77868&z=17"
"חרבת גראסור","36.85000, 42.90000","https://en.wikipedia.org/wiki/Halaf_culture",1,true,"https://www.google.com/maps?q=36.85000,42.90000&ll=36.85000,42.90000&z=17"
"תפה גאורה","36.49556, 43.26028","https://en.wikipedia.org/wiki/Tepe_Gawra",1,true,"https://www.google.com/maps?q=36.49556,43.26028&ll=36.49556,43.26028&z=17"