"Location Name","English Name","Hebrew Aliases","English Aliases","Site Type","List of pages where the location is mentioned","First Occurrence Page","IAA Survey Map","IAA Site ID","IAA Portal URL","IAA English Portal URL","Latitude (WGS84)","Longitude (WGS84)"
"ארץ ישראל","Land of Israel","","Palestine; Holy Land; Eretz Israel","Region","1, 3, 5, 7, 17, 18, 19, 20, 27, 40, 42, 55, 103, 105, 107, 121, 184, 193, 205, 211, 213, 217, 226, 227, 238, 251","1","","","","","",""
"אמת מים","Aqueduct","","","Water Installation","7","7","","","","","",""
"באר","Well","הבאר (גזר); הבאר","The Well (Gezer); The Well (Dor); The Well (Tel Gerisa); The Well (Tel Beit Shemesh); The Well (Tel Beer Sheba)","Well","7, 304, 312, 313, 314, 316, 317, 318, 319, 320, 374","7","","","","","",""
"בארות שרשרת","Chain wells","קנאוואט; פוגרות","Qanawat; Foggara","Water Installation","7","7","","","","","",""
"בור","Cistern","","","Water Installation","7","7","","","","","",""
"בריכה וסכר","Pool and Dam","","","Water Installation","7","7","","","","","",""
"מאגר תת קרקעי","Underground reservoir","","","Water Installation","7","7","","","","","",""
"מעיין","Spring","מעיין (Ibaba); מקור מים קדום; מעיין (ביידא); מעיין שיבש","Spring (Ibaba); ancient water source; Spring (Beidha); dried spring","Spring","7, 46, 47","7","","","","","",""
"מעיין חתום","Sealed spring","נביעה; נבעה","Nabi'a; Naba'a","Water Installation","7","7","","","","","",""
"מפעל מים החצוב אל מי תהום","Water system carved to groundwater","","","Water Installation","7","7","","","","","",""
"נחל/נהר","Stream/River","","","Water Installation","7","7","","","","","",""
"עין גב","Pothole","גב","Ein Gev","Settlement","7, 41, 257","7","","","","","",""
"תמילה","Tmila","","","Water Installation","7","7","","","","","",""
"אבן אל-גאזי","Ibn al-Ghazi","qan ibn el-Ghazzi","Ayn al-Ghazal; Ayn al-Ghazi; Ibn al-Ghazzi; qan ibn el-Ghazzi; Ibn El-Gazi","Settlement","8, 45, 191, 238, 261, 262, 263, 441","8","","","","","",""
"אבן חוף","Even Hof","","","Settlement","8","8","","","","","",""
"ביידא","Beidha","","","Comparative Site","8, 47, 191, 214, 230, 233, 434","8","","","","","30.40000","35.46700"
"גלגל I","Gilgal I","","","Settlement","8","8","","","","","31.89579","35.45701"
"הצ'ילר","Çatalhöyük","","Hacilar","Comparative Site","8, 50","8","","","","","37.60000","30.15000"
"הר הנגב","Negev Highlands","הנגב; נגב; הנגב הבדואים","Negev; Negev Mountains; Har HaNegev; Mount Negev","Region","8, 10, 13, 19, 24, 29, 30, 31, 32, 34, 38, 40, 41, 59, 91, 96, 155, 170, 171, 189, 204, 220, 223, 224, 225, 228, 239, 252, 264, 274, 411, 439","8","","","","","",""
"ח'רבת ג'אראסור","Khirbet Jarassur","חירבת ג'אראסור","","Comparative Site","8, 44","8","","","","","36.25000","38.95000"
"חוף הכרמל","Carmel Coast","","","Region","8, 49, 191, 214, 231, 409, 434, 441","8","","","","","",""
"חורבת בתר","Horvat Batar","","Horvat Beter; Khirbet Beter","Settlement","8, 52, 223, 238, 268","8","באר שבע מערב (127)","25337","https://survey.iaa.org.il/#/MapSurvey/2188/site/25337","https://survey.iaa.org.il//index_Eng.html#/MapSurvey/2188/site/25337","31.23844","34.77868"
"טפה גאורה","Tepe Gawra","באר טפה גאורה; בור מים","Tepe Gawra Well; water pit","Comparative Site","8, 9, 50, 53, 191, 236, 239, 273","8","","","","","36.55670","43.20830"
"ירדן","Jordan","הירדן","Jordan River; JORDANIEN","Region","8, 17, 20, 37, 45, 56, 63, 111, 171, 205, 222, 232, 233, 270, 437","8","","","","","",""
"כפר גלים צפון","Kfar Galim North","","","Settlement","8, 49, 441","8","","","","","32.76955","34.95513"
"כפר סמיר","Kfar Samir","","","Settlement","8, 49, 51, 214, 238, 264, 434, 441","8","","","","","32.79210","34.95720"
"מגדים","Megadim","","","Settlement","8, 49, 441","8","עתלית (26)","8569","https://survey.iaa.org.il/#/MapSurvey/57/site/8569","https://survey.iaa.org.il//index_Eng.html#/MapSurvey/57/site/8569","32.72627","34.95150"
"נתיב הגדוד","Netiv HaGdud","","Netiv Hagdud","Settlement","8, 27, 47, 191, 214, 222, 236, 264, 434, 441","8","","","","","31.96793","35.44661"
"עיראק","Iraq","","","Region","8, 48, 173, 230","8","","","","","",""
"ערב הסעודית","Saudi Arabia","","","Region","8, 53, 261","8","","","","","",""
"עתלית ים","Atlit-Yam","באר עתלית ים; באר","Atlit-Yam Well; well; Atlit Yam; 'Atlit Yam","Settlement","8, 43, 191, 205, 431, 435, 441","8","","","","","32.71089","34.93150"
"ראג'אג'יל","Rajajil","","","Comparative Site","8","8","","","","","29.80900","39.90400"
"תורכיה","Turkey","","","Region","8, 51, 182","8","","","","","",""
"בקעת עובדה","Uvda Valley","עובדה","Uvda; 'Uvda Valley","Valley","9, 16, 55, 64, 65, 190, 191, 220, 229, 409, 415, 440, 441","9","צוקי תמנע ומבוא כללי לסקר ערבה (257)","16319","https://survey.iaa.org.il/#/MapSurvey/1101/site/16319","https://survey.iaa.org.il//index_Eng.html#/MapSurvey/1101/site/16319","29.93200","34.97500"
"ג'ווה","Jawa","ג'יווה; ג'ווה (ירדן)","Jawa (Jordan); JAWA","Comparative Site","9, 25, 32, 34, 63, 64, 232, 233, 239, 278, 279, 415","9","","","","","32.33640","37.00680"
"גלעד","Gilead","","","Region","9, 56, 73, 441","9","רגבים (49)","40","https://survey.iaa.org.il/#/MapSurvey/1/site/40","https://survey.iaa.org.il//index_Eng.html#/MapSurvey/1/site/40","",""
"העמקים המזרחיים","Eastern Valleys","","","Valley","9, 10, 58, 90, 440, 441","9","","","","","",""
"הער","Ha'Ayar","","","Settlement","9","9","","","","","",""
"הר מנשה","Mount Manasseh","מנשה","Manasseh Mountains; Manasseh; Manasseh Hill Country","Mountain","9, 10, 29, 58, 90, 96, 117, 223, 249, 441","9","","","","","",""
"ירושלים","Jerusalem","העיר","The City","Settlement","9, 12, 15, 16, 19, 32, 33, 34, 36, 38, 72, 85, 95, 96, 101, 132, 133, 141, 142, 164, 184, 191, 201, 212, 215, 219, 221, 222, 223, 224, 227, 228, 229, 232, 233, 234, 236, 237, 238, 249, 251, 352, 413, 433, 438, 440","9","","","","","31.77406","35.23584"
"מערב הר הנגב","Western Negev Highlands","","","Region","9, 59","9","","","","","",""
"מערב השומרון","Western Samaria","","","Region","9, 32, 33, 53, 65, 162, 222, 223, 440","9","","","","","",""
"מפת לכיש","Lachish Map","","","Region","9, 59, 193","9","","","","","",""
"מצר","Metzer","","Mezer; Mitzpe; Mezzer; Mitzpeh; Meser","Settlement","9, 16, 37, 65, 66, 71, 190, 191, 230, 239, 281, 411, 415","9","מענית (54)","4877","https://survey.iaa.org.il/#/MapSurvey/39/site/4877","https://survey.iaa.org.il//index_Eng.html#/MapSurvey/39/site/4877","32.47469","35.03584"
"סוריה","Syria","","","Region","9, 17, 88, 94, 95, 96, 185, 215, 261, 433","9","","","","","",""
"ספר המדבר","Desert Fringe","","Semi-Arid Zone; Desert Fringes","Region","9, 10, 19, 58, 90","9","","","","","",""
"קטנה","Qatna","קטנה (סוריה)","Tell Mishrifeh; Qatna (Syria)","Comparative Site","9, 73, 81, 95, 191, 240, 290, 440","9","","","","","34.89670","36.86560"
"קער שכם","Qara Shechem","","Qar Shechem; Shechem Valley; Shechem Syncline","Region","9, 10, 53, 90, 224, 440, 441","9","","","","","",""
"תל בית ירח","Bet Yerah","בית ירח","Beth Yerah; Tel Beth Yerah; Tel Bet Yerah; Khirbet Kerak; Bet Yeraḥ","Tell","9, 68, 191, 222, 239, 284, 415, 440","9","","","","","32.71635","35.56921"
"תל דלית","Tel Dalit","דלית","Dalit","Tell","9, 16, 65, 66, 67, 68, 71, 190, 191, 222, 232, 236, 239, 282, 283, 411, 415, 440","9","לוד (80)","6763","https://survey.iaa.org.il/#/MapSurvey/44/site/6763","https://survey.iaa.org.il//index_Eng.html#/MapSurvey/44/site/6763","31.98326","34.96053"
"תל דן","Tel Dan","דן","Dan; Tell Dan","Tell","9, 16, 37, 73, 95, 191, 221, 227, 229, 240, 285, 286, 287, 440","9","דן (8)","24052","https://survey.iaa.org.il/#/MapSurvey/2177/site/24052","https://survey.iaa.org.il//index_Eng.html#/MapSurvey/2177/site/24052","33.24836","35.65193"
"תל זירקון","Khirbet Zirqun","חירבת זירקון; זירקון; Zeraqun, Khirbet Ez-; Hirbet ez-Zeragōn","Khirbet Ziraqun; Tel Zirqon; Zirqon; Khirbet Zeiraqoun; Zeraqun; Khirbet ez-Zeraqon; Khrbet Zeragun; Zeragun","Comparative Site","9, 56, 191, 233, 239, 269, 270, 271, 272","9","","","","","32.59750","35.98640"
"תל יריחו","Jericho","יריחו","Tel Jericho","Settlement","9, 37, 45, 73, 95, 164, 191, 220, 224, 225, 227, 233, 240, 264, 288, 440","9","","","","","31.87060","35.44420"
"תל כברי","Tel Kabri","כברי","Kabri","Settlement","9, 37, 73, 95, 191, 226, 227, 240, 285, 440","9","עמקה (5)","918","https://survey.iaa.org.il/#/MapSurvey/4/site/918","https://survey.iaa.org.il//index_Eng.html#/MapSurvey/4/site/918","33.00851","35.13976"
"תל ערד","Tel Arad","ערד; ערד הקדומה; Arad; העיר הכנענית הקדומה של ערד; מצודת ערד; המצודה","Arad; Ancient Arad; ARAD; Early Canaanite City of Arad; Citadel of Arad; The Citadel; 'Arad; Tel 'Arad","Tell","9, 12, 16, 25, 29, 31, 34, 37, 55, 61, 62, 63, 68, 71, 155, 156, 157, 158, 186, 191, 201, 215, 220, 223, 226, 228, 232, 234, 236, 237, 239, 245, 248, 276, 277, 370, 371, 372, 373, 409, 413, 415, 427, 434, 438, 440, 441","9","","","","","31.28173","35.12535"
"אבלה","Ebla","אבלה (סוריה)","Tell Mardikh; Ebla (Syria)","Comparative Site","10, 88, 96, 191, 221, 440","10","","","","","35.79300","36.80900"
"ארץ בנימין","Land of Benjamin","","","Region","10, 11, 90, 114, 223, 224, 226, 227","10","","","","","",""
"ארץ גארו","Land of Garu","גארי; אררו; גשור","Gari; Araru; Geshur","Region","10, 89","10","עין גב (40)","4931","https://survey.iaa.org.il/#/MapSurvey/38/site/4931","https://survey.iaa.org.il//index_Eng.html#/MapSurvey/38/site/4931","",""
"אתונה","Athens","","","Comparative Site","10, 99, 105, 191, 212, 229, 241, 305, 439","10","","","","","37.97150","23.72570"
"בוצרה","Bozra","","Bosra; Bozrah; Busra; Bostra","Comparative Site","10, 89, 96, 236, 240, 241, 298, 299","10","","","","","32.51600","36.47500"
"הגולן","Golan","גולן; רמת הגולן","Golan Heights","Region","10, 27, 89, 440","10","","","","","",""
"החורן","Hauran","חורן","","Region","10, 89, 440","10","","","","","",""
"טירינס","Tiryns","","","Comparative Site","10, 99, 100, 105, 116, 191, 234, 241, 307, 439","10","","","","","37.60560","22.79970"
"יהודה ושומרון","Judea and Samaria","","","Region","10, 94, 97, 221, 226, 227, 439","10","","","","","",""
"יוון","Greece","","","Region","10, 13, 99, 105, 182, 195, 205, 211, 437","10","","","","","",""
"מארי","Mari","מארי (סוריה)","Mari (Syria)","Comparative Site","10, 94, 97, 215, 433, 439","10","","","","","34.54970","40.88970"
"מיקנה","Mycenae","","Mycene","Comparative Site","10, 16, 99, 100, 105, 191, 205, 216, 218, 234, 237, 241, 248, 306, 426, 430, 433, 439","10","","","","","37.73070","22.75670"
"מפת אורים","Urim Map","","Urim Map (Survey Area)","Region","10, 91","10","","","","","",""
"שעלבים","Sha'alabim","","Sha'alvim; Sha'albim","Settlement","10, 92, 221, 439","10","גזית (46)","14856","https://survey.iaa.org.il/#/MapSurvey/34/site/14856","https://survey.iaa.org.il//index_Eng.html#/MapSurvey/34/site/14856","31.86333","34.98519"
"תל בית שאן","Bet She'an","בית שאן; Beit-Shan","Tel Bet Shean; Bet Shean; Beth Shean; Tel Bet She'an; Tell el-Husn; Beit-Shan; Beit She'an","Settlement","10, 36, 98, 105, 191, 225, 235, 241, 409, 439","10","","","","","32.50535","35.50446"
"תל גזר","Gezer","גזר","Tel Gezer","Tell","10, 12, 16, 36, 82, 91, 93, 96, 97, 98, 119, 143, 186, 191, 202, 215, 230, 234, 240, 241, 244, 293, 294, 303, 304, 359, 411, 413, 433, 438, 439, 440","10","גזר (82)","14581","https://survey.iaa.org.il/#/MapSurvey/67/site/14581","https://survey.iaa.org.il//index_Eng.html#/MapSurvey/67/site/14581","31.85882","34.91857"
"תל גמה","Tel Gamma","תל ג'מה","Tell Jemmeh; Tell Gamma","Tell","10, 98, 105, 222, 439","10","נירים (112)","2989","https://survey.iaa.org.il/#/MapSurvey/20/site/2989","https://survey.iaa.org.il//index_Eng.html#/MapSurvey/20/site/2989","31.38813","34.44125"
"תל גריסה","Tel Gerisa","גריסה","Tell Gerisa; Gerisa","Tell","10, 11, 15, 16, 23, 37, 82, 96, 101, 108, 109, 116, 189, 192, 202, 205, 236, 240, 241, 242, 291, 292, 315, 316, 317, 439, 440","10","","","","","32.09327","34.80648"
"תל הרור","Tel Haror","הרור","Haror","Tell","10, 16, 88, 96, 191, 220, 240, 297, 440","10","","","","","31.38362","34.60649"
"תל חצור","Hazor","חצור; נחל חצור","Tel Hazor; Nahal Hazor","Tell","10, 11, 16, 25, 36, 37, 73, 85, 87, 91, 96, 97, 101, 102, 103, 105, 106, 114, 121, 144, 185, 191, 201, 215, 216, 224, 226, 229, 230, 232, 237, 240, 241, 242, 243, 295, 300, 301, 302, 309, 327, 328, 330, 331, 332, 411, 413, 433, 438, 439, 440","10","ראש פינה (18)","703","https://survey.iaa.org.il/#/MapSurvey/2/site/703","https://survey.iaa.org.il//index_Eng.html#/MapSurvey/2/site/703","33.01685","35.56635"
"תל לכיש","Lachish","לכיש; נחל לכיש; העיר העתיקה לכיש; תל אד-דוויר","Tel Lachish; Nahal Lachish; Lachish Stream; Ancient city of Lachish; Tell Ed-Duweir","Tell","10, 12, 36, 53, 59, 88, 96, 144, 186, 191, 201, 215, 220, 222, 236, 237, 240, 296, 409, 433, 438, 440, 441","10","לכיש (98)","9586","https://survey.iaa.org.il/#/MapSurvey/64/site/9586","https://survey.iaa.org.il//index_Eng.html#/MapSurvey/64/site/9586","31.56667","34.84780"
"תל מגידו","Megiddo","מגידו; התל","Tel Megiddo; The Tell; Tell el-Mutesellim","Tell","10, 11, 12, 16, 36, 56, 71, 85, 96, 101, 102, 103, 116, 121, 126, 131, 143, 160, 185, 191, 201, 214, 224, 234, 238, 240, 243, 244, 295, 333, 334, 335, 336, 337, 338, 339, 358, 413, 431, 435, 438, 440","10","משמר העמק (32)","13653","https://survey.iaa.org.il/#/MapSurvey/83/site/13653","https://survey.iaa.org.il//index_Eng.html#/MapSurvey/83/site/13653","32.58470","35.18275"
"תל נאמי","Tel Nami","נאמי","Nami","Tell","10, 37, 87, 96, 221, 240, 295, 440","10","","","","","32.66045","34.92450"
"באר שבע","Beer Sheba","","Be'er Sheva; Beersheba; Beer Sheva; Beer-Sheba","Settlement","11, 12, 29, 37, 62, 88, 111, 144, 152, 153, 155, 156, 159, 168, 186, 191, 201, 223, 232, 245, 251, 368, 369, 409, 438, 439","11","","","","","",""
"דיר אל מדינה","Deir el-Medina","כפר הפועלים דיר אל מדינה","Workers' Village Deir el-Medina","Comparative Site","11, 105, 241","11","","","","","",""
"הר אפרים","Mount Ephraim","","Ephraim Mountains","Mountain","11, 24, 113, 226, 227, 242, 329, 439","11","","","","","",""
"חירבת רדאנה","Khirbet Raddana","ח'רבת רדאנה; רדאנה, חירבת; רדאנה","Raddana, Khirbet; Raddanah; Raddana; Radana","Settlement","11, 113, 227, 230, 242, 326, 411","11","","","","","31.91670","35.20830"
"שילה","Shiloh","נחל שילה","Nahal Shiloh; SHILOH","Settlement","11, 113, 162, 205, 231, 242, 325, 411, 439","11","ראש העין (78)","11126","https://survey.iaa.org.il/#/MapSurvey/61/site/11126","https://survey.iaa.org.il//index_Eng.html#/MapSurvey/61/site/11126","32.05540","35.29103"
"תל א-סעידיה (ירדן)","Tell es-Sa'idiyeh","תל א-סעידיה; עין א-סעידיה; סעידיה; סעידיה, תל א-","Tell es-Sa'idiya; Ein es-Sa'idiyeh; Tel es-Sa'idiya; Sa'idiya; Sa'idiyeh, Tell es-; Tell Es-Sa'idiyeh; Tel es-Sa'idiyeh; Tell es-Sa'idiyeh (Jordan)","Tell","11, 111, 112, 191, 202, 225, 234, 236, 242, 324, 439","11","","","","","32.29890","35.58060"
"תל אשדוד","Ashdod","אשדוד","Tel Ashdod","Tell","11, 103, 104, 184, 205, 231, 241, 312, 411, 439","11","ניצנים - מזרח (88)","1333","https://survey.iaa.org.il/#/MapSurvey/7/site/1333","https://survey.iaa.org.il//index_Eng.html#/MapSurvey/7/site/1333","31.75693","34.65900"
"תל בית שמש","Beth Shemesh","בית שמש; באר בית שמש; הבאר","Tel Beth Shemesh; Tel Bet Shemesh; Bet Shemesh; Beth Shemesh Well; The well; Beth-Shemesh; Beit Shemesh; Tel Beit Shemesh; BETH-SHEMESH","Tell","11, 12, 16, 37, 38, 103, 105, 106, 109, 114, 144, 151, 152, 154, 156, 164, 186, 191, 202, 218, 229, 241, 242, 244, 245, 246, 248, 311, 318, 319, 359, 360, 361, 362, 363, 364, 365, 380, 409, 411, 427, 430, 438, 439","11","","","","","31.74972","34.97173"
"תל דור","Dor","דור; באר דור; באר מלבנית","Tel Dor; Dor Well; Rectangular well","Tell","11, 16, 107, 108, 116, 187, 236, 241, 312, 313, 314, 409, 439","11","עין דור (45)","7074","https://survey.iaa.org.il/#/MapSurvey/49/site/7074","https://survey.iaa.org.il//index_Eng.html#/MapSurvey/49/site/7074","32.61807","34.92250"
"תל יבלעם","Ibleam","חירבת בלעמה; יבלעם; התל; ח'רבת בלעמה","Khirbet Bal'ama; Tel Ibleam; The Tell; Khirbet Belameh; Yeble'am","Settlement","11, 36, 126, 186, 191, 201, 238, 243, 256, 339, 340, 413, 438","11","","","","","32.44584","35.29243"
"תל יקנעם","Yoqne'am","יקנעם","Tel Yokneam; Yokneam; Tel Yoqne'am","Tell","11, 37, 121, 186, 191, 201, 221, 243, 333, 413, 438","11","נהלל (28)","3408","https://survey.iaa.org.il/#/MapSurvey/26/site/3408","https://survey.iaa.org.il//index_Eng.html#/MapSurvey/26/site/3408","32.66135","35.10696"
"תל עי","Ai","עי; העי; הע""י; עי (א-תל); א-תל","Et-Tell; Tel Ai; Ai (et-Tell); et-Tell; 'Ai","Settlement","11, 16, 25, 31, 34, 37, 55, 71, 113, 190, 191, 205, 215, 230, 239, 242, 275, 326, 411, 415, 434, 439, 440","11","","","","","31.91670","35.26110"
"תל תענך","Taanach","תענך","Tel Taanach; Ta'anach; Ta'anakh; Tell Ta'anach; Tell Taánnek; TELL TA'ANNEK","Tell","11, 102, 103, 105, 106, 113, 185, 191, 205, 216, 234, 241, 242, 310, 325, 411, 433, 439","11","","","","","32.52158","35.22005"
"הבוקיעה","Ha-Buqi'a","","Ha-Buqe'a","Valley","12, 166","12","","","","","",""
"ח'רבת בנת בר","Khirbet Banat Bar","חירבת בנת בר; בנת בר","Bint Bar","Settlement","12, 162, 204, 411","12","","","","","32.06171","35.05254"
"חורבת דיר א-סיד (ענתות?)","Khirbet Deir es-Sid","ענתות; דיר א-סיד; חירבת דיר א-סיד","Anathoth; Deir es-Sid; Khirbet Deir es-Sid ('Anathoth?)","Settlement","12, 164, 225, 411, 438","12","","","","","31.62889","35.13769"
"חורבת טוב","Horvat Tov","נחל טוב","Khirbet Tov; Nahal Tov; Khirbet Tuv","Settlement","12, 16, 157, 158, 186, 200, 202, 224, 245, 374, 438","12","","","","","31.32771","35.14949"
"חורבת ראש זית","Horvat Rosh Zayit","ראש זית, חורבת","Khirbet Rosh Zayit; Rosh Zayit, Horvat; Horvat Rosh-Zayit","Settlement","12, 159, 222, 438","12","","","","","32.87866","35.22864"
"חורבת שילחה","Horvat Shilḥa","שילחה","Khirbet Shilḥa; Shilcha; Horvat Shilhah","Settlement","12, 164, 225, 246, 380, 411, 438","12","","","","","31.86153","35.38394"
"חירבת אבו א-טווין","Khirbet Abu et-Twein","","","Fortress","12, 16, 165, 166, 246, 382, 383, 384","12","","","","","31.64920","35.10580"
"חירבת אל ח'וחי","Khirbet el-Khuhi","עיטם; עיטס","Etam; Eitas","Settlement","12, 151","12","","","","","",""
"חירבת אל-כיכ","Khirbet el-Kik","רמת בית שמש; אל-כיכ","Ramat Beth Shemesh; Khirbet el-Kikh; Ramat Bet Shemesh; El-Kikh","Settlement","12, 164, 246, 381, 411","12","","","","","",""
"חירבת מרגימה","Khirbet Margima","מרגימה","Margima","Settlement","12, 411","12","","","","","",""
"חשבון","Heshbon","","","Comparative Site","12, 152, 153, 184, 191, 202, 222, 438","12","","","","","31.76700","35.76700"
"מדבר יהודה","Judean Desert","","","Region","12, 30, 166","12","","","","","",""
"עמאן","Amman","","'Amman","Comparative Site","12, 45, 152, 186, 191, 202, 228, 229, 245, 367, 413, 438","12","","","","","31.95400","35.93600"
"קדש ברנע","Kadesh Barnea","נווה קדש ברנע","Neveh Kadesh Barnea; Kadesh Barne'a","Settlement","12, 37, 159, 186, 191, 202, 224, 226, 245, 375, 413, 438","12","הר חמרן - דרום מערב (198)","7901","https://survey.iaa.org.il/#/MapSurvey/54/site/7901","https://survey.iaa.org.il//index_Eng.html#/MapSurvey/54/site/7901","30.65580","34.42350"
"קומראן","Qumran","נחל קומראן","Nahal Qumran","Settlement","12, 16, 166, 167, 204, 223, 224, 246, 248, 385, 386, 411, 427, 438","12","","","","","31.74070","35.46188"
"תל א-נצבה","Tell en-Nasbeh","תל נצבה","Tel en-Nasbeh; Tel Nasbeh","Tell","12, 16, 37, 162, 163, 204, 246, 248, 378, 379","12","","","","","31.88497","35.21577"
"תל בית מרסים","Tel Beit Mirsim","בית מרסים","Beth Mirsim","Tell","12, 165, 246, 381, 411","12","","","","","31.45576","34.90931"
"תל גבעון","Gibeon","בריכת גבעון; הבריכה; גבעון; הבריכה בגבעון","Gibeon Pool; The Pool; Tel Gibeon; The Pool in Gibeon; El-Jib","Settlement","12, 36, 82, 119, 127, 131, 139, 142, 173, 185, 191, 201, 214, 234, 235, 237, 238, 243, 255, 341, 342, 343, 344, 413, 431, 435, 438","12","עין גדי (147)","6124","https://survey.iaa.org.il/#/MapSurvey/33/site/6124","https://survey.iaa.org.il//index_Eng.html#/MapSurvey/33/site/6124","31.84890","35.18404"
"תל חליף","Tel Halif","חליף","Halif","Tell","12, 168, 225, 411, 437","12","","","","","31.38272","34.86535"
"תל יזרעאל","Jezreel","יזרעאל","Tel Jezreel; Tel Yizrael; Tel Jezreel Project","Tell","12, 16, 160, 161, 162, 204, 236, 245, 246, 376, 377, 438","12","עפולה (33)","22511","https://survey.iaa.org.il/#/MapSurvey/2155/site/22511","https://survey.iaa.org.il//index_Eng.html#/MapSurvey/2155/site/22511","32.55765","35.32664"
"תל עירא","Tel Ira","עירא","Ira; Tel 'Ira","Tell","12, 168, 221, 229, 246, 258, 387, 411, 437","12","נחל יתיר (139)","7528","https://survey.iaa.org.il/#/MapSurvey/48/site/7528","https://survey.iaa.org.il//index_Eng.html#/MapSurvey/48/site/7528","31.23213","34.98567"
"תל ערוער","Aroer","ערוער; נחל ערוער; ערוער (ביהודה)","Tel Aroer; Nahal Aroer; Aroer (in Judah); 'Aro'er","Settlement","12, 158, 159, 186, 191, 202, 221, 245, 375, 413, 438","12","תל מלחתה (144)","4795","https://survey.iaa.org.il/#/MapSurvey/36/site/4795","https://survey.iaa.org.il//index_Eng.html#/MapSurvey/36/site/4795","31.15098","34.97746"
"אגמים רוסה וסיהקה","Lakes Rusa and Siyakha","","","Comparative Site","13","13","","","","","",""
"אולחו","Ulhu","","","Comparative Site","13, 175","13","","","","","37.66670","45.06670"
"אום אל ביארה","Umm el-Biyara","אם הבורות","Umm al-Biyara; Mother of Cisterns","Comparative Site","13, 16, 171, 204, 246, 247, 392, 393","13","","","","","30.32700","35.44500"
"ארבילו","Arbela","אירביל; אשורית; ארבילו (ארביל)","Erbil; Assyrian; Arbailu; ARBAILU; Irbilu (Erbil)","Comparative Site","13, 181, 397, 437","13","","","","","36.19110","44.00940"
"גיית","Gath","","","Settlement","13","13","","","","","",""
"חורבת עוזה","Horvat Uza","חורבת עוזה (ואדי); עוזה, חורבת; עוזה","Khirbet Uza; Khirbet Uza (Wadi); Uza, Horvat; Uza; Horvat ‘Uza","Settlement","13, 16, 168, 169, 204, 221, 229, 246, 388, 389, 437","13","חורבת עוזה (145)","2612","https://survey.iaa.org.il/#/MapSurvey/15/site/2612","https://survey.iaa.org.il//index_Eng.html#/MapSurvey/15/site/2612","31.20919","35.16567"
"חורבת רדום","Horvat Radum","","Khirbet Radum","Settlement","13, 16, 169, 221, 246, 390, 437","13","חורבת עוזה (145)","2642","https://survey.iaa.org.il/#/MapSurvey/15/site/2642","https://survey.iaa.org.il//index_Eng.html#/MapSurvey/15/site/2642","31.18975","35.16639"
"טופראק קלה","Toprakkale","רוסאחינילי","Toprak Kale; Rusahinili","Comparative Site","13, 175, 191, 247, 395","13","","","","","38.52500","43.41600"
"מידאס סיטי","Midas City","בירת פריגיה","capital of Phrygia","Comparative Site","13, 176, 247, 396","13","","","","","39.20140","30.71330"
"מנהרת אופלינוס","Eupalinos Tunnel","סמוס","Samos","Comparative Site","13, 182","13","","","","","37.69000","26.93000"
"מנהרת נגוב","Negub Tunnel","ממלכת אשור","Assyria; Negüb Tunnel","Tunnel","13, 177, 230, 247, 398, 399, 400","13","","","","","",""
"נמרוד","Nimrud","ממלכת אשור; כלח","Assyria; Kalhu","Comparative Site","13, 94, 176, 185, 191, 212, 234, 247, 396, 397, 398, 437","13","יגור (27)","1731","https://survey.iaa.org.il/#/MapSurvey/10/site/1731","https://survey.iaa.org.il//index_Eng.html#/MapSurvey/10/site/1731","36.09670","43.32830"
"עזקה","Azekah","","","Settlement","13, 184, 228","13","","","","","31.70102","34.93491"
"קנאוואט","Qanawat","פוגרות","Foggara","Comparative Site","13","13","","","","","",""
"תושפה","Tushpa","בירת ממלכת אוררטו","capital of Urartu","Comparative Site","13, 174, 212, 247","13","","","","","",""
"מערת נחל קנה","Nahal Qanah Cave","","Wadi Qanah Cave","Cave","15, 28, 231, 238, 253","15","","","","","",""
"סוסיתא","Hippos (Sussita)","","","Settlement","15","15","","","","","",""
"ציפורי","Sepphoris","","Tzippori","Settlement","15, 21, 33, 34","15","","","","","",""
"הנגב הצפוני","Northern Negev","הר הנגב הצפוני","Northern Negev Mountains","Region","16, 88, 91, 96, 98","16","","","","","",""
"ח'רבת אל חיוח","Khirbet el-Khuhi","","","Settlement","16","16","","","","","",""
"חורבת אבו חוף","Horvat Abu Hof","חירבת אבו חוף; אבו חוף","Khirbet Abu Hof; Abu Hof; Abu Huf","Settlement","16, 37, 52, 238, 267","16","","","","","31.39985","34.85371"
"חירבת בנת-בר","Khirbet Banat Bar","","","Settlement","16","16","","","","","",""
"חירבת רדנה","Khirbet Raddana","רדנה","Khirbet Radana; Raddana","Settlement","16, 37, 118, 205, 439","16","","","","","31.91670","35.20830"
"עיר דוד","City of David","גבעת עיר דוד","","Settlement","16, 78, 81, 136, 137, 142, 194, 227, 232, 236","16","ירושלים (102)","13725","https://survey.iaa.org.il/#/MapSurvey/63/site/13725","https://survey.iaa.org.il//index_Eng.html#/MapSurvey/63/site/13725","",""
"תל באר שבע","Tel Beer Sheba","באר שבע; נחל באר שבע; Beer-Sheba; תל באר-שבע","Tel Be'er Sheva; Be'er Sheva; Nahal Be'er Sheva; Be'er Sheva Stream; Beer Sheba; Tel Beer-Sheba; Beer-Sheba; Tell Beer-Sheba; Tel Beer-sheba; Tel Beer Sheva; Beer Sheva; Tel Be'er Sheba","Tell","16, 38, 52, 109, 110, 116, 199, 216, 218, 228, 234, 242, 320, 321, 322, 323, 413, 430, 432","16","תל מלחתה (144)","4682","https://survey.iaa.org.il/#/MapSurvey/36/site/4682","https://survey.iaa.org.il//index_Eng.html#/MapSurvey/36/site/4682","31.24566","34.83643"
"הירמוך","Yarmouk River","","","River","17","17","","","","","",""
"ישראל","Israel","","","Region","17, 33, 48, 142, 217, 232, 233, 430, 431, 433, 435, 436","17","","","","","",""
"מזרח התיכון","Middle East","","","Region","17","17","","","","","",""
"רצועת עזה","Gaza Strip","","","Region","17","17","","","","","",""
"המדבר","Desert","מדבר","","Region","19, 225","19","","","","","",""
"חבל ההר המרכזי","Central Mountain Region","","","Region","19","19","","","","","",""
"ים-תיכוני","Mediterranean","","","Region","19","19","","","","","",""
"מישור החוף","Coastal Plain","","","Region","19, 40, 41, 107","19","","","","","",""
"תל אביב","Tel Aviv","","","Settlement","19, 219, 251","19","","","","","",""
"הירקון","Yarkon River","נחל הירקון","Nahal Yarkon","River","20, 72, 433","20","תל אביב-יפו (70)","19921","https://survey.iaa.org.il/#/MapSurvey/1128/site/19921","https://survey.iaa.org.il//index_Eng.html#/MapSurvey/1128/site/19921","",""
"הר החרמון","Mount Hermon","","","Mountain","20","20","","","","","",""
"א-ריינה","Ar-Rayna","","Ar-Reina","Settlement","21","21","","","","","",""
"אל-בצה","Al-Batza","","","Other","21","21","חניתה (2)","13873","https://survey.iaa.org.il/#/MapSurvey/86/site/13873","https://survey.iaa.org.il//index_Eng.html#/MapSurvey/86/site/13873","",""
"כפר מנחם","Kfar Menahem","","","Settlement","21, 257","21","","","","","",""
"נחל הבשור","Nahal Besor","","Besor Wadi; Besor Stream; Wadi Ghazzeh","River","21, 40, 53, 91, 96, 98","21","שדה בוקר - מערב (167)","11891","https://survey.iaa.org.il/#/MapSurvey/66/site/11891","https://survey.iaa.org.il//index_Eng.html#/MapSurvey/66/site/11891","",""
"ארמניה","Armenia","","","Region","23, 173","23","","","","","",""
"פרס","Persia","","Iran","Region","23, 173","23","הר פרס (18/3)","3480","https://survey.iaa.org.il/#/MapSurvey/27/site/3480","https://survey.iaa.org.il//index_Eng.html#/MapSurvey/27/site/3480","",""
"אקבאטאנה","Ecbatana","","","Settlement","24","24","","","","","",""
"הרי יהודה","Judean Mountains","","Judean Hills","Mountain","24, 224, 225","24","","","","","",""
"פרספוליס","Persepolis","","","Settlement","24","24","","","","","",""
"עבר הירדן","Transjordan","","","Region","25, 205","25","","","","","",""
"נקבת חזקיהו","Hezekiah's Tunnel","ניקבת חזקיהו; תעלה VIII של וינסאן; תעלה ה של הקר; המנהרה; הנקבה","Siloam Tunnel; Vincent's Channel VIII; Ha-Qar's Channel H; The Tunnel; TUNNEL-AQUEDUC DE SILOÉ; LE TUNNEL-AQUEDUC DE SILOÉ","Tunnel","26, 36, 76, 132, 133, 134, 135, 136, 137, 138, 139, 140, 141, 142, 194, 212, 243, 244, 289, 345, 346, 347, 348, 349, 350, 352, 356","26","","","","","",""
"עילם","Elam","","","Region","26","26","","","","","",""
"שושן","Susa","","","Settlement","26","26","","","","","",""
"אגם סליביה","Salibiya Lake","","","Other","27, 47","27","","","","","",""
"בקעת הירדן","Jordan Valley","","","Valley","27, 40, 45, 53, 111, 236","27","","","","","",""
"ימת הלשון","Lisan Lake","","","Other","27, 47","27","","","","","",""
"נחל סער","Nahal Sa'ar","","Sa'ar Stream","Valley","27","27","חניתה (2)","14035","https://survey.iaa.org.il/#/MapSurvey/86/site/14035","https://survey.iaa.org.il//index_Eng.html#/MapSurvey/86/site/14035","",""
"סליביה IX","Salibiya IX","","","Settlement","27","27","","","","","",""
"אגן הדרומי של ים המלח","Southern Basin of the Dead Sea","","","Region","28","28","","","","","",""
"הר סדום","Mount Sodom","","Mount Sedom","Mountain","28, 226, 252","28","צוקי תמנע ומבוא כללי לסקר ערבה (257)","16266","https://survey.iaa.org.il/#/MapSurvey/1101/site/16266","https://survey.iaa.org.il//index_Eng.html#/MapSurvey/1101/site/16266","",""
"ים המלח","Dead Sea","המלח","Lisan/Dead Sea; Yam HaMelach","Region","28, 234, 238, 252, 264, 409, 411, 413, 415","28","","","","","",""
"מזרח הים התיכון","Eastern Mediterranean","","","Region","29, 62, 232","29","","","","","",""
"נחל בזק","Nahal Bezeq","","Bezeq Stream","Valley","29, 53","29","שדה אליהו (66)","3810","https://survey.iaa.org.il/#/MapSurvey/31/site/3810","https://survey.iaa.org.il//index_Eng.html#/MapSurvey/31/site/3810","",""
"נחל פאו","Nahal Fa'u","","Fa'u Stream","Valley","29","29","","","","","",""
"צפון אפריקה","North Africa","","","Region","29, 62, 173, 211","29","","","","","",""
"קרית גת","Kiryat Gat","","","Settlement","29, 62","29","","","","","",""
"ראס גידר","Ras Gidir","","","Other","29","29","","","","","",""
"בקעת באר שבע","Be'er Sheva Valley","","Beersheba Valley; Beer Sheba Valley; Beer Sheva Valley; valley of Beer Sheva","Valley","30, 41, 54, 168, 215, 434","30","","","","","",""
"סיני","Sinai","","Sinai Peninsula","Region","30, 41","30","","","","","",""
"אירופה","Europe","","","Region","31","31","","","","","",""
"ואדי אל ג'איה","Wadi el-Jaiya","","","Valley","31, 59","31","","","","","",""
"לבנון","Lebanon","הר הלבנון","Mount Lebanon","Region","31, 41, 211","31","","","","","",""
"חורבת בורק","Khirbet Burak","","","Settlement","32, 34","32","רגבים (49)","223","https://survey.iaa.org.il/#/MapSurvey/1/site/223","https://survey.iaa.org.il//index_Eng.html#/MapSurvey/1/site/223","",""
"כפר עג'ול","Kfar Ajjul","עג'ול","Ajjul","Settlement","32, 33, 34","32","","","","","",""
"פרגמון","Pergamon","","","Comparative Site","32, 34, 229, 231","32","","","","","",""
"חורבת זיכרין","Khirbet Zikhrin","זיכרין","Zikhrin","Settlement","33, 34, 226","33","","","","","",""
"חורבת לבד","Khirbet Labed","","","Settlement","33, 34","33","","","","","",""
"אוסטרליה","Australia","מדבריות אוסטרליה","Deserts of Australia","Region","35, 39","35","","","","","",""
"אפריקה","Africa","","","Region","35, 39","35","","","","","",""
"מדבר קאלאהרי","Kalahari Desert","","","Region","35, 39","35","","","","","",""
"מנהרת המעיין בגבעון","Gibeon Spring Tunnel","מנהרת מעיין","Spring Tunnel","Tunnel","36","36","","","","","",""
"פיר וורן","Warren's Shaft","פיר וורן העילי; פיר וורן התחתון; פיר וורן - הצינור; פיר וורן עילי; בריכת פיר וורן","Upper Warren's Shaft; Warren's Shaft (lower); Warren's Shaft - the pipe; Pool of Warren's Shaft","Installation","36, 78, 96, 133, 134, 135, 137, 138, 140, 141, 146, 221, 238, 240, 244, 289, 290, 354","36","","","","","",""
"חוף עתלית","Atlit Coast","","","Region","37","37","","","","","",""
"נחל זרקא","Zarqa River","זירקון","Zarqa","River","37","37","","","","","",""
"תל גרר","Tel Gerar","נחל גרר","Nahal Grar","Tell","37, 88","37","","","","","",""
"תל סעידיה","Tel es-Sa'idiyeh","סעידיה","Tel Sa'idiyeh; Sa'idiya","Tell","37, 413","37","","","","","32.29890","35.58060"
"גשר בנות יעקב","Gesher Benot Ya'aqov","","","Archaeological Site","40, 257","40","ראש פינה (18)","446","https://survey.iaa.org.il/#/MapSurvey/2/site/446","https://survey.iaa.org.il//index_Eng.html#/MapSurvey/2/site/446","",""
"הגליל","Galilee","","","Region","40, 41","40","","","","","",""
"הגליל התחתון","Lower Galilee","","","Region","40, 45","40","","","","","",""
"הר הכרמל","Mount Carmel","הכרמל; מערות הכרמל","Carmel; Carmel Caves","Mountain","40, 41, 237","40","יגור (27)","1896","https://survey.iaa.org.il/#/MapSurvey/10/site/1896","https://survey.iaa.org.il//index_Eng.html#/MapSurvey/10/site/1896","",""
"השומרון","Samaria","הר שומרון; שומרון","Mount Samaria; Samaria Highlands; Samaria Mountains","Region","40, 59, 65, 96, 187, 222, 224","40","","","","","",""
"חצבה","Hazeva","","","Settlement","40","40","צוקי תמנע ומבוא כללי לסקר ערבה (257)","16293","https://survey.iaa.org.il/#/MapSurvey/1101/site/16293","https://survey.iaa.org.il//index_Eng.html#/MapSurvey/1101/site/16293","",""
"יהודה","Judea","","Judah","Region","40, 184, 217, 224, 431","40","","","","","",""
"כורסי","Kursi","","","Settlement","40","40","עין גב (40)","4828","https://survey.iaa.org.il/#/MapSurvey/38/site/4828","https://survey.iaa.org.il//index_Eng.html#/MapSurvey/38/site/4828","",""
"מישור החוף המערבי","Western Coastal Plain","","","Region","40","40","","","","","",""
"מערת חריטון","Nahal Hariton","נחל חריטון","Haritoun Cave","Valley","40, 135","40","","","","","",""
"נחל צין","Nahal Zin","","","Valley","40, 391","40","עבדת (171)","25735","https://survey.iaa.org.il/#/MapSurvey/2190/site/25735","https://survey.iaa.org.il//index_Eng.html#/MapSurvey/2190/site/25735","",""
"ספר מדבר יהודה","Judean Desert Fringes","","","Region","40","40","","","","","",""
"עין עבדת","Ein Avdat","","","Spring","40","40","עבדת (171)","25848","https://survey.iaa.org.il/#/MapSurvey/2190/site/25848","https://survey.iaa.org.il//index_Eng.html#/MapSurvey/2190/site/25848","",""
"בארות מים","Water Wells","","","Well","41","41","","","","","",""
"הר חריף","Mount Harif","חריף, הר","Har Harif; Harif, Mount","Mountain","41, 222","41","","","","","",""
"ואדי מליח","Wadi Malih","","","Valley","41, 258","41","","","","","",""
"מערת היונים","Hayonim Cave","","HaYonim Cave","Cave","41, 257","41","משמר העמק (32)","13616","https://survey.iaa.org.il/#/MapSurvey/83/site/13616","https://survey.iaa.org.il//index_Eng.html#/MapSurvey/83/site/13616","",""
"עמק הפרת","Euphrates Valley","","","Valley","41","41","","","","","",""
"פצאל","Fasael","","Fazael","Settlement","41, 258","41","","","","","",""
"באר התורכית בנחל חורשה עילי","Turkish Well in Upper Nahal Horasha","","","Well","42","42","","","","","",""
"הנגב המערבי","Western Negev","הר הנגב המערבי","Western Negev Highlands","Region","42, 234, 440","42","","","","","",""
"השפלה הדרומית","Southern Shephelah","","","Region","42, 165","42","","","","","",""
"חולות צפון סיני","North Sinai Sands","","","Region","42","42","","","","","",""
"חיפה","Haifa","","","Settlement","43, 87, 251","43","","","","","",""
"חצי האי של עתלית","Atlit Peninsula","","","Region","43","43","","","","","",""
"עין ע'זל","Ain Ghazal","","","Settlement","43, 117","43","","","","","",""
"באר ח'רבת ג'אראסור","Khirbet Jarassur Well","באר","well","Well","44","44","","","","","",""
"דרום תורכיה","Southern Turkey","","","Region","44","44","","","","","",""
"צפון סוריה","Northern Syria","","","Region","44","44","","","","","",""
"צפון עירק","Northern Iraq","","","Region","44","44","","","","","",""
"תעלת השקיה","Irrigation Canal","","","Aqueduct","44","44","","","","","",""
"אזרק","Azraq","","","Settlement","45, 63","45","","","","","",""
"בארי (אבן אל-גאזי)","Bari (Ayn al-Ghazal)","""בארי""","'Bari'","Installation","45","45","","","","","",""
"בייסמון","Beisamoun","","","Settlement","45","45","","","","","33.08605","35.61037"
"בריכה (אבן אל-גאזי)","Pool (Ayn al-Ghazal)","""בריכה""; הבריכה (גיחון); הבריכה; בריכה","'pool'; The Pool (Gihon); Pool","Pool","45, 78, 289","45","עין גדי (147)","6124","https://survey.iaa.org.il/#/MapSurvey/33/site/6124","https://survey.iaa.org.il//index_Eng.html#/MapSurvey/33/site/6124","",""
"הגליל המזרחי","Eastern Galilee","","","Region","45","45","","","","","",""
"מזרח ירדן","Eastern Jordan","","","Region","45, 63, 229","45","","","","","",""
"מעיין אלישע","Elisha Spring","","Ein Elisha; Elisha's Spring","Spring","45, 75, 95, 224, 240, 288","45","","","","","",""
"מעיינות עינן","Einan Springs","","","Spring","45","45","","","","","",""
"עין יפתחאל","Yiftah'el","יפתחאל","Ein Yiftah'el","Settlement","45","45","","","","","32.75491","35.22763"
"רבי","Rabi","","","Settlement","45","45","","","","","",""
"תעלות מלאכותיות (אבן אל-גאזי)","Artificial Channels (Ayn al-Ghazal)","תעלות","channels","Aqueduct","45","45","","","","","",""
"אגם (Ibaba)","Lake (Ibaba)","","","Pool","46","46","","","","","",""
"ואדי אל-בקר","Wadi al-Baqar","","","Valley","46","46","","","","","",""
"Ibaba","Ibaba","","","Settlement","46","46","","","","","",""
"בורות מים (ביידא)","Water Pits (Beidha)","בורות מים","Cisterns","Cistern System","47, 71","47","","","","","",""
"ביר אבו רוג'ה","Bir Abu Rujeh","","","Well","47","47","","","","","",""
"גלגל","Gilgal","","","Settlement","47, 191, 214, 235, 264, 434, 441","47","","","","","",""
"מעיין דיבדיבה","Dibdiba Spring","","","Spring","47","47","","","","","",""
"פטרה","Petra","","","Settlement","47, 171","47","","","","","",""
"בור מלבני (כפר סמיר)","Rectangular Pit (Kfar Samir)","","","Installation","49","49","","","","","",""
"בורות (חוף הכרמל)","Pits (Carmel Coast)","בורות מדופנים באבנים; בורות מדופנים באבנים וקורות עץ; בורות החפורים לתוך אדמת החרסית ללא דיפון","stone-lined pits; stone and wood-lined pits; unlined pits","Installation","49","49","","","","","",""
"בורות עגולים (כפר גלים צפון)","Circular Pits (Kfar Galim North)","","","Installation","49","49","","","","","",""
"כפר גלים","Kfar Galim","","","Settlement","49","49","","","","","",""
"נווה ים","Neve Yam","","Newe Yam","Settlement","49, 237","49","","","","","",""
"תל חריז","Tel Hreiz","","","Tell","49","49","","","","","",""
"באר עגולה (הצ'ילר VI)","Circular Well (Hacilar VI)","באר","well","Well","50","50","","","","","",""
"באר רבועה (הצ'ילר II)","Square Well (Hacilar II)","באר","well","Well","50","50","","","","","",""
"בורדור","Burdur","","","Settlement","50","50","","","","","",""
"טורקיה","Turkey","","","Region","50","50","","","","","",""
"מוסול","Mosul","","Mossul; MOSSUL","Settlement","50, 395, 401","50","","","","","",""
"נהר החידקל","Tigris River","","","Other","50","50","","","","","",""
"נהר חוסר","Khosr River","חוסר","Khosr","Other","50, 181, 212","50","","","","","",""
"גרמניה","Germany","","","Region","51, 211","51","","","","","",""
"עירק","Iraq","","","Region","51, 205","51","","","","","",""
"קוכהופן","Kuchenhof","","","Comparative Site","51","51","","","","","",""
"השפלה","Shephelah","","","Region","52","52","","","","","",""
"להב","Lahav","","","Settlement","52","52","","","","","",""
"ואדי סירחאן","Wadi Sirhan","","","Valley","53","53","","","","","",""
"ואדי פארה","Wadi Fara","","","Valley","53","53","","","","","",""
"ואדי צווניט","Wadi Suwanit","","","Valley","53","53","","","","","",""
"נחל תרצה","Nahal Tirza","","Tirza Stream","River","53, 90","53","","","","","",""
"סככה","Sakaka","","","Settlement","53","53","דיר מר סבּא (109/7)","11339","https://survey.iaa.org.il/#/MapSurvey/62/site/11339","https://survey.iaa.org.il//index_Eng.html#/MapSurvey/62/site/11339","",""
"ראגאיג'יל","Rajajil","ראג'אג'יל","","Comparative Site","53","53","","","","","29.80900","39.90400"
"בקעות ערד","Arad Valleys","","","Valley","54","54","","","","","",""
"עין גדי","Ein Gedi","","","Settlement","54","54","עתלית (26)","8800","https://survey.iaa.org.il/#/MapSurvey/57/site/8800","https://survey.iaa.org.il//index_Eng.html#/MapSurvey/57/site/8800","31.46297","35.39268"
"שפלת הנגב","Negev Lowlands","","","Region","54","54","","","","","",""
"א-תל","et-Tell","חירבת א-תל","Khirbet et-Tell","Tell","55, 94","55","","","","","",""
"ערבה","Arava","","","Region","55","55","עין יהב (217)","16849","https://survey.iaa.org.il/#/MapSurvey/1114/site/16849","https://survey.iaa.org.il//index_Eng.html#/MapSurvey/1114/site/16849","",""
"שחרות","Shaharon","","","Region","55","55","","","","","",""
"תל אפק","Tel Afek","אפק","Afek; Aphek; Tel Aphek","Tell","55, 72, 206, 215","55","ראש העין (78)","9088","https://survey.iaa.org.il/#/MapSurvey/61/site/9088","https://survey.iaa.org.il//index_Eng.html#/MapSurvey/61/site/9088","",""
"אירביד","Irbid","","","Settlement","56, 251, 271","56","","","","","",""
"ואדי שללה","Wadi Shallala","ואדי א-שלאלה","Wadi ash-Shallala","Valley","56","56","","","","","",""
"אום אל הווא","Umm el-Hawa","","","Settlement","58","58","","","","","",""
"ואדי פאו","Wadi Fau","","","Valley","58","58","","","","","",""
"נחל שכם","Nahal Shechem","שכם","Shechem Stream; Shechem; Nablus","Settlement","58, 94, 172, 187, 251","58","","","","","",""
"ראס ג'דיר","Ras Jadir","","","Other","58","58","","","","","",""
"תל אל-מוחפר","Tel el-Muhfar","","","Tell","58","58","","","","","",""
"תל אל-מצלה","Tel el-Maslah","","","Tell","58","58","","","","","",""
"תל דותן","Tel Dothan","דותן","Dothan","Tell","58, 187","58","","","","","",""
"דרום ארץ ישראל","Southern Land of Israel","","","Region","59","59","","","","","",""
"דרום סיני","Southern Sinai","","","Region","59","59","","","","","",""
"הר רמון","Mount Ramon","","","Mountain","59","59","מַכְתֵּשׁ רָמוֹן (204)","9608","https://survey.iaa.org.il/#/MapSurvey/69/site/9608","https://survey.iaa.org.il//index_Eng.html#/MapSurvey/69/site/9608","",""
"נחל אדוריים","Nahal Adorayim","","Adorayim Stream","River","59","59","","","","","",""
"נחל חורשה עילי","Nahal Horasha Illit","","","River","59","59","","","","","30.53450","34.54200"
"נחל נעם","Nahal Noam","","Noam Stream","River","59","59","לכיש (98)","9577","https://survey.iaa.org.il/#/MapSurvey/64/site/9577","https://survey.iaa.org.il//index_Eng.html#/MapSurvey/64/site/9577","",""
"עין אל גדירת","Ein el-Gudeirat","","","Spring","59","59","","","","","",""
"עין קדיס","Ein Qadis","","","Spring","59","59","הר חמרן - דרום מערב (198)","8803","https://survey.iaa.org.il/#/MapSurvey/54/site/8803","https://survey.iaa.org.il//index_Eng.html#/MapSurvey/54/site/8803","30.55120","34.46950"
"רמאללה","Ramallah","","","Other","59, 114, 162","59","","","","","",""
"תל מרשה","Nahal Maresha","מרשה; נחל מרשה","Maresha Stream; Maresha; Tel Maresha","River","59, 67, 171, 193","59","","","","","",""
"הר חברון","Hebron Mountains","נחל חברון; חברון","Nahal Hebron; Hebron Hills; Hebron","Mountain","61, 71, 153, 154, 165, 187, 201, 225","61","נחל יתיר (139)","7018","https://survey.iaa.org.il/#/MapSurvey/48/site/7018","https://survey.iaa.org.il//index_Eng.html#/MapSurvey/48/site/7018","",""
"מרסה מטרוח שבמצרים","Mersa Matruh in Egypt","","","Comparative Site","61","61","","","","","",""
"ערד החדשה","New Arad","","","Settlement","61","61","","","","","",""
"צומת שוקת","Shoket Junction","","","Other","62","62","","","","","",""
"ג'בל דרוז","Jabal Druze","","","Mountain","63","63","","","","","",""
"הגבול הסורי","Syrian Border","","","Region","63","63","","","","","",""
"המדבר הסורי","Syrian Desert","","","Region","63","63","","","","","",""
"המדבר השחור","Black Desert","","","Region","63","63","","","","","",""
"מרסה מטרוח","Mersa Matruh","","","Comparative Site","63","63","","","","","",""
"ואדי רג'יל","Wadi Rajil","","","Other","64","64","","","","","",""
"נווה יטבתה","Neve Yotvata","","","Spring","64","64","","","","","",""
"בזריה","Bazariya","","","Other","65","65","","","","","",""
"ברקת","Bareket","","","Settlement","65","65","רגבים (49)","181","https://survey.iaa.org.il/#/MapSurvey/1/site/181","https://survey.iaa.org.il//index_Eng.html#/MapSurvey/1/site/181","31.97950","34.93520"
"הר בית אל","Mount Bethel","בית אל","Bethel","Mountain","65, 118, 222","65","","","","","",""
"מידיא","Midiya","אתר מספר 226","Site No. 226","Settlement","65","65","","","","","31.93250","35.01180"
"פחמה","Fahma","","","Other","65","65","","","","","",""
"שבתין","Shabtin","אתר מספר 223","Site No. 223","Settlement","65","65","","","","","31.95420","35.06850"
"תל ליד בזריה","Tell Near Bazariya","אתר מספר 94","Site No. 94","Tell","65","65","","","","","32.30250","35.16100"
"תל מצפון לפחמה","Tell North of Fahma","אתר מספר 41","Site No. 41","Tell","65","65","","","","","32.41250","35.18420"
"בן שמן","Ben Shemen","","","Settlement","66","66","לוד (80)","6874","https://survey.iaa.org.il/#/MapSurvey/44/site/6874","https://survey.iaa.org.il//index_Eng.html#/MapSurvey/44/site/6874","",""
"הדום השומרון","Samaria Foothills","","","Region","66","66","","","","","",""
"חדרה","Hadera","נחל חדרה","Nahal Hadera","Other","66, 258","66","מענית (54)","4919","https://survey.iaa.org.il/#/MapSurvey/39/site/4919","https://survey.iaa.org.il//index_Eng.html#/MapSurvey/39/site/4919","",""
"נחל נטוף","Nahal Natuf","","","Valley","66, 67","66","לוד (80)","6754","https://survey.iaa.org.il/#/MapSurvey/44/site/6754","https://survey.iaa.org.il//index_Eng.html#/MapSurvey/44/site/6754","",""
"עין א-נטוף","Ein a-Natuf","","","Spring","66","66","","","","","",""
"נחל נבלט","Nahal Navalat","","","Valley","67","67","לוד (80)","6740","https://survey.iaa.org.il/#/MapSurvey/44/site/6740","https://survey.iaa.org.il//index_Eng.html#/MapSurvey/44/site/6740","",""
"בריכת המים בהעי","Ai Water Pool","","","Pool","71","71","","","","","",""
"תל ירמות","Tel Yarmut","ירמות","Tel Yarmuth; Yarmut","Tell","71, 190, 191, 223, 239, 285","71","","","","","31.70914","34.97501"
"בארות","Wells","","","Well","72","72","","","","","",""
"ארץ ישראל-סוריה","Land of Israel-Syria","","Syro-Palestine","Region","73","73","","","","","",""
"ליש","Laish","","","Settlement","73","73","דן (8)","24064","https://survey.iaa.org.il/#/MapSurvey/2177/site/24064","https://survey.iaa.org.il//index_Eng.html#/MapSurvey/2177/site/24064","",""
"עין גיח","Ein Giah","","Kabri Spring","Spring","73","73","","","","","",""
"עין שפע","Ein Shefa","","Kabri Spring","Spring","73, 95","73","","","","","",""
"תל זרעה","Tel Zera'a","","","Tell","73","73","","","","","",""
"בולען תל דן","Tel Dan Sinkhole","בולען","","Installation","74","74","","","","","",""
"בית מרחץ בתל דן","Tel Dan Bathhouse","בית מרחץ","","Installation","74","74","","","","","",""
"מעיינות הדן","Dan Springs","","","Spring","74, 95","74","","","","","",""
"נימפיאון בתל דן","Tel Dan Nymphaeum","נימפיאון","","Installation","74","74","","","","","",""
"תעלה בתל דן","Tel Dan Channel","תעלה","","Installation","74","74","","","","","",""
"מי יריחו","Waters of Jericho","","","Other","75","75","","","","","",""
"מעיין הגיחון","Gihon Spring","הגיחון; המעיין הראשי של העיר; המעיין; גיחון; מעיין הבתולה","The City's Main Spring; Gihon; The Spring; Virgin's Fountain","Spring","76, 81, 95, 132, 133, 134, 135, 136, 137, 138, 139, 140, 141, 192, 227, 233, 234, 240, 244, 288, 289, 353, 355, 433","76","","","","","",""
"נחל קדרון","Kidron Valley","הקדרון; אפיק הקדרון","Kidron; Kidron Wadi","Valley","76, 81, 134, 142","76","תלפיות - סקר ירושלים האזור הדרומי (106)","8470","https://survey.iaa.org.il/#/MapSurvey/53/site/8470","https://survey.iaa.org.il//index_Eng.html#/MapSurvey/53/site/8470","",""
"עין השילוח","Pool of Siloam","בריכת השילוח; הבריכה; הבריכה התחתונה; הבריכה הנוכחית; הבריכה הקדומה; ברכת השילוח; שילוח","Siloam Spring; Ein HaShiloah; Siloam Pool; The Pool; Lower Pool; Current Pool; Ancient Pool; Siloam","Pool","76, 133, 134, 135, 138, 139, 141, 142, 199, 230, 233, 235, 244, 350, 351, 352","76","עין גדי (147)","6124","https://survey.iaa.org.il/#/MapSurvey/33/site/6124","https://survey.iaa.org.il//index_Eng.html#/MapSurvey/33/site/6124","",""
"עין אום דרג","Ein Umm Daraj","","","Spring","77","77","","","","","",""
"עין התנין","Ein HaTanin","","Dragon Spring; Ein Tanninim","Spring","77, 222","77","","","","","",""
"עין סית מרים","Ein Sitt Maryam","","","Spring","77","77","","","","","",""
"תעלה I (גיחון)","Channel I (Gihon)","תעלה I","Channel I","Aqueduct","77, 146","77","","","","","",""
"המגדל (גיחון)","The Tower (Gihon)","המגדל האדיר","The Great Tower","Fortress","78","78","אשקלון (92)","24861","https://survey.iaa.org.il/#/MapSurvey/2186/site/24861","https://survey.iaa.org.il//index_Eng.html#/MapSurvey/2186/site/24861","",""
"המנהרה (פיר וורן)","The Tunnel (Warren's Shaft)","המנהרה; מנהרה","Tunnel","Tunnel","78, 372","78","","","","","",""
"תעלה II (גיחון)","Channel II (Gihon)","תעלה II; תעלה ג' של הקר; תעלת השילוח של שילה; תעלה Tunnel II","Channel II; Channel C of Haker; Siloam Channel of Shiloh; Tunnel II","Aqueduct","78, 140, 146, 289","78","","","","","",""
"תעלה III (גיחון)","Channel III (Gihon)","תעלה III","Channel III","Aqueduct","78, 140, 146","78","","","","","",""
"המערה הדרומית (גיחון)","Southern Cave (Gihon)","המערה הדרומית","","Cave","79","79","","","","","",""
"בריכה הישנה (ירושלים)","Old Pool (Jerusalem)","הבריכה הישנה","Old Pool","Pool","80, 141, 142","80","","","","","",""
"גן המלך","King's Garden","","","Other","80","80","","","","","",""
"הגיא (ירושלים)","The Valley (Jerusalem)","הגיא","","Valley","80","80","","","","","",""
"בירכת אל-חמרה","Birkat el-Hamra","בריכה גדולה","Birkat al-Hamra","Pool","81, 134, 137, 138, 142","81","","","","","",""
"חומס","Homs","","","Other","81","81","","","","","",""
"ניקבת חזקיהו","Hezekiah's Tunnel","תעלה VIII","","Tunnel","81","81","","","","","",""
"נקבת השילוח","Siloam Tunnel","תעלה II; תעלה III; תעלת העודפים; כתובת השילוח","Siloam Inscription; Siloan Tunnel","Tunnel","81, 226, 232, 233, 235, 236","81","","","","","",""
"תל משריפה","Tell Mishrifeh","","","Tell","81","81","","","","","",""
"מפעל המים של גבעון","Water system of Gibeon","","","Installation","82","82","","","","","",""
"מפעל מים בתל גריסה","Water system at Tel Gerisa","מפעל מים החצוב אל מי התהום","","Installation","82","82","","","","","",""
"תל-אביב","Tel Aviv","","","Other","82","82","","","","","",""
"מפעל מים בתל גזר","Water system at Tel Gezer","מפעל מים","","Installation","83","83","","","","","",""
"מעיין הגיחון בירושלים","Gihon Spring in Jerusalem","","","Spring","85","85","","","","","",""
"באר בתל נאמי","Well at Tel Nami","באר","","Well","87","87","","","","","",""
"הים התיכון","Mediterranean Sea","","","Region","87, 409, 411, 413, 415","87","","","","","",""
"מפעל מים בחצור","Water system at Hazor","מפעל מים תת-קרקעי; השקע הגדול","","Installation","87","87","","","","","",""
"מפעל מים במגידו","Water system at Megiddo","שקע גדול; מפעל המים הקדום","","Installation","87","87","","","","","",""
"עין אל-קובי","Ein el-Qubi","","","Spring","87","87","","","","","",""
"באר בלכיש","Well at Lachish","באר","","Well","88","88","","","","","",""
"באר בתל הרור","Well at Tel Haror","באר","","Well","88","88","","","","","",""
"קרית-גת","Kiryat Gat","","","Other","88","88","","","","","",""
"שפלת יהודה","Shephelah of Judah","","","Region","88","88","","","","","",""
"אגן הירמוך","Yarmouk Basin","","","Region","89","89","","","","","",""
"ארץ רתינו העליונה","Upper Retenu","כנען","Canaan","Region","89","89","","","","","",""
"באר באבלה","Well at Ebla","באר עמוקה מאד","","Well","89","89","","","","","",""
"באר בבוצרה","Well at Bosra","באר","","Well","89","89","","","","","",""
"נחל טובס","Nahal Tubas","","","Other","90","90","","","","","",""
"נחל מליח","Nahal Maliach","","","Other","90","90","","","","","",""
"באר רסיסים","Be'er Resisim","","","Well","91","91","","","","","",""
"משאבי שדה","Mashabei Sadeh","","","Spring","91","91","נחל רביבים (164)","16654","https://survey.iaa.org.il/#/MapSurvey/1105/site/16654","https://survey.iaa.org.il//index_Eng.html#/MapSurvey/1105/site/16654","",""
"נחל ניצנה","Nahal Nitzana","","","River","91, 391","91","ניצנה (155)","23689","https://survey.iaa.org.il/#/MapSurvey/2174/site/23689","https://survey.iaa.org.il//index_Eng.html#/MapSurvey/2174/site/23689","",""
"עין זיק","Ein Ziq","","","Spring","91","91","הר עקב (172)","23138","https://survey.iaa.org.il/#/MapSurvey/2162/site/23138","https://survey.iaa.org.il//index_Eng.html#/MapSurvey/2162/site/23138","",""
"תל אל-יהודייה","Tell el-Yahudiyeh","","","Comparative Site","93","93","","","","","",""
"אל ח'שנה","Al-Khushna","","","Settlement","94","94","","","","","",""
"אשור","Assyria","אשורי","Assur; ALL ASSURAYA","Region","94, 142, 173, 185, 194, 206, 211, 397, 407","94","","","","","",""
"ג'נין","Jenin","","","Other","94, 126","94","","","","","",""
"הפרת התיכון","Middle Euphrates","","","River","94","94","","","","","",""
"הרי שומרון","Samarian Mountains","","","Region","94","94","","","","","",""
"חירבת זעתרה","Khirbet Za'tara","","","Settlement","94","94","","","","","",""
"חירבת מסעוד","Khirbet Mas'ud","","","Settlement","94","94","","","","","",""
"חירבת רס כור","Khirbet Ras Kour","","","Settlement","94","94","","","","","",""
"יעבד","Ya'bad","","","Other","94","94","","","","","",""
"כפר חרס","Kafr Haris","","","Other","94","94","","","","","",""
"כפר לבד","Kafr Labad","","","Other","94","94","","","","","",""
"סנור","Sanur","","","Other","94","94","","","","","",""
"עגיה","Agiya","","","Settlement","94","94","","","","","",""
"ענבתה","Anabta","","","Other","94","94","","","","","",""
"שכה","Sikha","","","Settlement","94","94","","","","","",""
"ארץ גארי","Land of Gari","","","Region","96","96","","","","","",""
"אקרופוליס של אתונה","Acropolis of Athens","","","Fortress","99","99","","","","","",""
"בית אגרטל הלוחם","Warrior Vase House","","","Other","99","99","","","","","",""
"חצי האי פלופונס","Peloponnese Peninsula","","Peloponnese","Region","99","99","","","","","",""
"מעיין פרסיאה","Perseia Spring","","","Spring","99","99","","","","","",""
"אוצר אטריאוסי","Treasury of Atreus","","","Other","100","100","","","","","",""
"גבעת קלקני","Kalkani Hill","","","Mountain","100","100","","","","","",""
"הנילוס","The Nile","נילוס","Nile","River","100, 101, 173, 308","100","","","","","",""
"כפר הפועלים, דיר אל מדינה","Workers' Village, Deir el-Medina","","Deir el-Medina","Comparative Site","100","100","","","","","",""
"מצרים","Egypt","","","Region","100, 105, 125, 173, 205, 216, 433, 439","100","","","","","",""
"עמק המלכים","Valley of the Kings","","","Region","100","100","","","","","",""
"פגדי העליון","Upper Pegadi","","","Spring","100","100","","","","","",""
"פגדי התחתון","Lower Pegadi","","","Spring","100","100","","","","","",""
"מנהרת המים בחצור","Hazor Water Tunnel","המנהרה","The tunnel","Tunnel","102","102","","","","","",""
"מפעל המים בתענך","Taanach Water System","הפיר הגדול; הפיר של תקופת הברונזה מאוחרת 1","The Great Shaft; The Late Bronze Age 1 Shaft","Installation","102","102","","","","","",""
"בריכה 4162 באשדוד","Pool 4162 at Ashdod","בריכה מטויחת (4162)","Plastered pool (4162)","Pool","103","103","","","","","",""
"בור ניקוז 4160 באשדוד","Drainage Pit 4160 at Ashdod","בור ניקוז (4160)","Drainage pit (4160)","Installation","104","104","","","","","",""
"העולם המיקני","Mycenaean World","","","Comparative Site","105","105","","","","","",""
"חבלי ספר המדבר וההר","Desert Fringe and Mountain Regions","","","Region","107","107","","","","","",""
"באר תל גריסה","Tel Gerisa Well","באר","Well","Well","108","108","","","","","",""
"טנטורה","Tantura","","","Settlement","108","108","","","","","",""
"באר תל באר שבע","Tel Beer Sheba Well","באר קדומה; הבאר","Ancient well; The well","Well","109, 110","109","","","","","",""
"אדום","Edom","","","Region","110","110","","","","","",""
"אפיק הנחל","Stream Bed","","","Valley","110","110","","","","","",""
"צפון סיני","Northern Sinai","","","Region","110","110","","","","","",""
"ארגמן","Argaman","","","Settlement","111","111","","","","","",""
"מדבר באר שבע","Be'er Sheva Desert","","","Region","111","111","","","","","",""
"צפון","Zaphon","","","Settlement","111","111","","","","","",""
"צרתן","Zarethan","","","Settlement","111","111","","","","","",""
"נחל כופרינג'ה","Nahal Kufrinjah","","","Other","112","112","","","","","",""
"ואדי אל ג'יה","Wadi el-Jiyeh","","","Valley","113","113","","","","","",""
"מעיין של העי","Spring of Ai","","","Spring","113","113","","","","","",""
"אל-בירה","Al-Bireh","","","Other","114","114","קשת (18/2)","3539","https://survey.iaa.org.il/#/MapSurvey/29/site/3539","https://survey.iaa.org.il//index_Eng.html#/MapSurvey/29/site/3539","",""
"נחל דישון","Nahal Dishon","","","Other","114","114","","","","","",""
"עין כרם","Ein Karem","","","Other","114, 226","114","","","","","",""
"רחובות שבנגב","Rehovot in the Negev","","","Settlement","116","116","","","","","",""
"אתר גילה","Gilo site","גילה","Gilo; Giloh","Settlement","117, 234","117","","","","","",""
"עזבת צרטה","Izbet Sartah","","","Settlement","118","118","ראש העין (78)","9091","https://survey.iaa.org.il/#/MapSurvey/61/site/9091","https://survey.iaa.org.il//index_Eng.html#/MapSurvey/61/site/9091","",""
"עיבל","Ebal","","","Mountain","118","118","","","","","",""
"תל אל פול","Tell el-Ful","","","Tell","118","118","","","","","",""
"תל בית מירסים","Tel Beit Mirsim","","Tell Beit Mirsim","Tell","118, 228, 237, 438","118","","","","","31.45576","34.90931"
"תל פרעה צפון","Tell el-Far'ah North","","","Tell","118","118","","","","","",""
"ואדי וקאץ","Wadi Waqqas","","","Valley","119","119","","","","","",""
"מפעל המים של מגידו - ה'גלריה","Megiddo Water System - The 'Gallery'","ה'גלריה'","The 'Gallery'","Tunnel","121","121","","","","","",""
"מפעל המים של מגידו - הבאר","Megiddo Water System - The Well","הבאר","The Well","Well","121","121","","","","","",""
"מפעל המים של מגידו - המערה","Megiddo Water System - The Cave","המערה","The Cave","Cave","121","121","נס הרים (104)","13053","https://survey.iaa.org.il/#/MapSurvey/79/site/13053","https://survey.iaa.org.il//index_Eng.html#/MapSurvey/79/site/13053","",""
"מפעל המים של מגידו - באר 1074","Megiddo Water System - Well 1074","הבאר (1074)","Well 1074","Well","122","122","","","","","",""
"מפעל המים של מגידו - ה'גלריה' 629","Megiddo Water System - The 'Gallery' 629","ה'גלריה' (629)","The 'Gallery' (629)","Tunnel","122","122","","","","","",""
"מפעל המים של מגידו - הקיר החוסם","Megiddo Water System - The Blocking Wall","הקיר החוסם","The Blocking Wall","Other","122","122","","","","","",""
"מפעל המים של מגידו - חומה 325","Megiddo Water System - Wall 325","חומה 325","Wall 325","Other","122","122","","","","","",""
"מפעל המים של מגידו - מערה 1008","Megiddo Water System - Cave 1008","מערה 1008","Cave 1008","Cave","122","122","","","","","",""
"מפעל המים של מגידו - מערה 1010","Megiddo Water System - Cave 1010","מערה 1010","Cave 1010","Cave","122","122","","","","","",""
"מפעל המים של מגידו - גרם מדרגות 951","Megiddo Water System - Staircase 951","גרם מדרגות שני (951)","Second Staircase (951)","Other","123","123","","","","","",""
"מפעל המים של מגידו - גרם מדרגות 965","Megiddo Water System - Staircase 965","גרם מדרגות ראשון (965)","First Staircase (965)","Other","123","123","","","","","",""
"מפעל המים של מגידו - המנהרה","Megiddo Water System - The Tunnel","המנהרה","The Tunnel","Tunnel","123","123","","","","","",""
"מפעל המים של מגידו - הפיר","Megiddo Water System - The Shaft","הפיר","The Shaft","Well","123","123","","","","","",""
"מפעל המים של מגידו - המנהרה המזרחית 1845","Megiddo Water System - Eastern Tunnel 1845","המנהרה המזרחית 1845","Eastern Tunnel 1845","Tunnel","124","124","","","","","",""
"מפעל המים של מגידו - הקיר החוסם 1007","Megiddo Water System - Blocking Wall 1007","הקיר החוסם (1007)","Blocking Wall 1007","Other","124","124","","","","","",""
"לוכסור","Luxor","","","Comparative Site","125","125","","","","","",""
"מפעל המים של מגידו - גלריה 629","Megiddo Water System - Gallery 629","גלריה 629","Gallery 629","Tunnel","125","125","","","","","",""
"מפעל המים של מגידו - מדרגות 1292","Megiddo Water System - Stairs 1292","מדרגות 1292","Stairs 1292","Other","125","125","","","","","",""
"מפעל המים של מגידו - מדרגות 951","Megiddo Water System - Stairs 951","מדרגות 951","Stairs 951","Other","125","125","","","","","",""
"מפעל המים של מגידו - מדרגות בנויות במנהרה המשופעת 1116","Megiddo Water System - Built Stairs in Inclined Tunnel 1116","המדרגות הבנויות במנהרה המשופעת 1116","Built Stairs in Inclined Tunnel 1116","Other","125","125","","","","","",""
"מפעל המים של מגידו - מנהרה 1000","Megiddo Water System - Tunnel 1000","מנהרה 1000","Tunnel 1000","Tunnel","125","125","","","","","",""
"מפעל המים של מגידו - מנהרה מזרחית 1845","Megiddo Water System - Eastern Tunnel 1845","המנהרה המזרחית 1845","Eastern Tunnel 1845","Tunnel","125","125","","","","","",""
"מפעל המים של מגידו - מערה ראשית 1008","Megiddo Water System - Main Cave 1008","מערה ראשית 1008","Main Cave 1008","Cave","125","125","","","","","",""
"מפעל המים של מגידו - עמדת השומר 1010","Megiddo Water System - Guard Post 1010","עמדת השומר 1010","Guard Post 1010","Other","125","125","","","","","",""
"מפעל המים של מגידו - פיר 925","Megiddo Water System - Shaft 925","פיר 925","Shaft 925","Well","125","125","","","","","",""
"מפעל המים של מגידו - קיר חוסם 1007","Megiddo Water System - Blocking Wall 1007","הקיר החוסם 1007","Blocking Wall 1007","Other","125","125","","","","","",""
"ביר סינג'יל","Bir Sinjil","","","Spring","126","126","","","","","",""
"ממלכת יהודה","Kingdom of Judah","יהודה","Judah","Region","126, 128, 194, 201","126","","","","","",""
"מפעל המים של מגידו - קיר 667","Megiddo Water System - Wall 667","קיר 667","Wall 667","Other","126","126","","","","","",""
"העיר גבעון","Gibeon City","העיר","The City","Settlement","127","127","","","","","",""
"מפעל המים של גבעון - המנהרה","Gibeon Water System - The Tunnel","המנהרה","The Tunnel","Tunnel","127","127","","","","","",""
"מפעל המים של גבעון - המעיין","Gibeon Water System - The Spring","המעיין","The Spring","Spring","127","127","","","","","",""
"מפעל המים של גבעון - חדר איגום","Gibeon Water System - Collecting Chamber","חדר איגום","Collecting Chamber","Other","127","127","","","","","",""
"מפעל המים של יבלעם - המנהרה","Ibleam Water System - The Tunnel","המנהרה","The Tunnel","Tunnel","127","127","","","","","",""
"מפעל המים של גבעון - הבריכה","Gibeon Water System - The Pool","הייבריכה","The 'Pool'","Pool","128","128","","","","","",""
"מפעל המים של גבעון - החומה","Gibeon Water System - The Wall","החומה","The Wall","Other","128","128","בית שאן (63)","21676","https://survey.iaa.org.il/#/MapSurvey/2147/site/21676","https://survey.iaa.org.il//index_Eng.html#/MapSurvey/2147/site/21676","",""
"מפעל המים של גבעון - המנהרה המדורגת","Gibeon Water System - The Stepped Tunnel","המנהרה המדורגת","The Stepped Tunnel","Tunnel","128","128","","","","","",""
"הבריכה אשר בגבעון","The Pool in Gibeon","","","Pool","129","129","","","","","",""
"עמק הפתוח (גבעון)","The Open Valley (Gibeon)","העמק הפתוח","The Open Valley","Valley","129","129","","","","","",""
"מפעל המים בגבעון","Gibeon Water System","המנהרה והמעיין; הבריכה","Gibeon Tunnel and Spring; Gibeon Pool","Installation","131","131","עין גדי (147)","6124","https://survey.iaa.org.il/#/MapSurvey/33/site/6124","https://survey.iaa.org.il//index_Eng.html#/MapSurvey/33/site/6124","",""
"התעלה החשמונאית","Hasmonean Channel","","","Aqueduct","132","132","","","","","",""
"גבעת עיר דוד","City of David Hill","עיר דוד","City of David","Settlement","134, 135","134","ירושלים (102)","13725","https://survey.iaa.org.il/#/MapSurvey/63/site/13725","https://survey.iaa.org.il//index_Eng.html#/MapSurvey/63/site/13725","",""
"גיא הטרופיאון","Tyropoeon Valley","","","Valley","134","134","","","","","",""
"מוזיאון הארכיאולוגי באיסטנבול","Archaeological Museum in Istanbul","","","Other","134","134","","","","","",""
"גיא הטירופיאון","Tyropoeon Valley","","","Valley","135, 142","135","","","","","",""
"הגבעה המערבית","Western Hill","","","Region","135","135","","","","","",""
"קברי המלכים","Tombs of the Kings","","","Other","136, 137","136","","","","","",""
"תעלת השילוח","Siloam Channel","תעלת השילוח (II)","Siloam Channel (II)","Aqueduct","137, 227","137","","","","","",""
"מנהרת אופלינוס בסמוס","Tunnel of Eupalinos in Samos","","Eupalinos Tunnel in Samos; Tunnel of Eupalinos","Comparative Site","138, 211","138","","","","","",""
"החדר העגול","The Round Chamber","","Rounded Chamber","Installation","140, 289","140","","","","","",""
"תעלה IV","Channel IV","","","Aqueduct","140","140","","","","","",""
"תעלה V","Channel V","מנהרה V","Tunnel V","Aqueduct","140","140","","","","","",""
"תעלה VI","Channel VI","מנהרה VI","Tunnel VI","Aqueduct","140","140","","","","","",""
"תעלה VII","Channel VII","","","Aqueduct","140","140","","","","","",""
"איסטנבול","Istanbul","","","Comparative Site","141","141","","","","","",""
"הבריכה העליונה","Upper Pool","","","Pool","141, 142","141","","","","","",""
"הבריכה העשויה","Made Pool","","","Pool","141","141","","","","","",""
"הבריכה התחתונה","Lower Pool","","The Lower Pool","Pool","141, 142, 351","141","","","","","",""
"עיר יבוס","Jebusite City","","","Settlement","141","141","","","","","",""
"אוררטו","Urartu","האוררטים","Urartians","Region","142, 174, 188, 195, 206, 211","142","","","","","",""
"ביר איוב","Bir Ayub","באר איוב","Job's Well","Well","142","142","","","","","",""
"גיא בן הינום","Hinnom Valley","","","Valley","142","142","","","","","",""
"הר הבית","Temple Mount","","","Mountain","142, 164, 221","142","","","","","",""
"כתובת השילוח","Siloam Inscription","","","Other","142, 187, 244","142","","","","","",""
"מחנה האשורים","Assyrian Camp","","","Settlement","142","142","","","","","",""
"עין רוגלי","En Rogel","","","Spring","142","142","","","","","",""
"שער שכם","Damascus Gate","","","Other","142","142","ירושלים (102)","11176","https://survey.iaa.org.il/#/MapSurvey/63/site/11176","https://survey.iaa.org.il//index_Eng.html#/MapSurvey/63/site/11176","",""
"תעלת המים החשמונאית","Hasmonean Water Channel","","","Aqueduct","142, 244, 357","142","","","","","",""
"תעלת העודפים","Overflow Channel","תעלה IV; תעלה VIII bis; תעלה ו'; תעלת העודפים (IVA)","Channel IV; Channel VIII bis; Channel VI; Overflow Channel (IVA); IVA Channel; The Overflow Channel","Aqueduct","142, 227, 244, 355","142","","","","","",""
"ג'ית","Jit","גיית; גית","Jith; Gith; Git","Settlement","143, 172, 226, 227, 247, 394, 437","143","","","","","32.22850","35.16320"
"מצודת המכבים","Maccabean Fortress","שער שלמה","Solomon's Gate","Fortress","143","143","","","","","",""
"עין קובי","Ein Qobi","","","Spring","143, 202","143","","","","","",""
"בריכות שלמה","Solomon's Pools","","","Installation","151","151","","","","","",""
"עיטם המקראית","Biblical Eitam","","","Settlement","151","151","","","","","",""
"עין עטן","Ein Etan","","Ein Atan","Spring","151, 202","151","","","","","",""
"תצורת עמינדב","Amminadav Formation","","","Other","151","151","","","","","",""
"אקרופוליס","Acropolis (Amman)","האקרופוליס; האקרופוליס (אתונה)","Acropolis; The Acropolis (Athens)","Fortress","152, 241, 305","152","","","","","",""
"ארץ מואב","Land of Moab","","","Region","152","152","","","","","",""
"עין חסבאן","Tell Hesban","תל חסבאן","Ein Hesban","Tell","152, 153","152","","","","","",""
"עיטם","Eitam","","Etam","Settlement","154, 186, 227, 230, 245, 366","154","","","","","",""
"בקעת ערד","Arad Valley","","valleys of Arad","Valley","157, 224, 434","157","","","","","",""
"בארות ערוער","Aroer Wells","","","Well","159","159","","","","","",""
"גליל התחתון המערבי","Western Lower Galilee","","","Region","159","159","","","","","",""
"כבול המקראית","Biblical Cabul","","","Settlement","159","159","","","","","",""
"מישור חוף עכו","Acre Coastal Plain","","","Region","159","159","","","","","",""
"עין קדיראת","Ein Qudeirat","","","Spring","159","159","","","","","",""
"ביר אס-סוויד","Bir es-Suweid","","","Well","160","160","","","","","",""
"גלבוע","Gilboa","","","Mountain","160","160","","","","","",""
"זרעין","Zar'in","","","Settlement","160","160","","","","","",""
"מעיין חרוד","Ein Harod","","","Spring","160","160","עין חרוד (62)","21542","https://survey.iaa.org.il/#/MapSurvey/2141/site/21542","https://survey.iaa.org.il//index_Eng.html#/MapSurvey/2141/site/21542","",""
"מעיין יזרעאל","Ein Jezreel","","","Spring","160","160","","","","","32.55765","35.32664"
"נורית","Nurit","","","Settlement","160","160","","","","","",""
"עין אלמייתה","Ein el-Meiyiteh","","","Spring","160","160","","","","","",""
"עמק יזרעאל","Jezreel Valley","","","Valley","160","160","","","","","",""
"בור 40","Cistern No. 40","","","Installation","161","161","","","","","",""
"בור מס' 2","Cistern No. 2","","","Installation","161","161","","","","","",""
"בור מס' 20","Cistern No. 20","","","Installation","161","161","","","","","",""
"בור מס' 51","Cistern No. 51","","","Installation","161, 377","161","","","","","",""
"בור מס' 52","Cistern No. 52","","","Installation","161","161","","","","","",""
"בור מס' 53","Cistern No. 53","","","Installation","161","161","","","","","",""
"בעל שלשה","Baal Shalisha","","","Settlement","162","162","","","","","",""
"חורבת מרגמה","Khirbet Marjameh","חירבת מרג'מה","Khirbet Margama","Settlement","162, 225, 438","162","","","","","32.01580","35.34250"
"עין סמיה","Ein Samia","","","Spring","162","162","","","","","",""
"קלע","Qala","","Qala'a","Settlement","162, 207, 248, 426","162","שמיר (11)","23562","https://survey.iaa.org.il/#/MapSurvey/2170/site/23562","https://survey.iaa.org.il//index_Eng.html#/MapSurvey/2170/site/23562","",""
"אמציה","Amatzia","","","Other","165","165","","","","","",""
"כפר עציון","Kfar Etzion","","","Other","165","165","","","","","",""
"ביר אל-עבהרה","Bir el-Abehara","","","Spring","166","166","","","","","",""
"מערת אבו טבק","Khirbet Abu Tabaq","חרבת כרם עטרד; ח'רבת אבו טבק","Khirbet Kerem Atarad; Abu Tabaq Cave","Cave","166, 167","166","","","","","31.74133","35.40537"
"עמק עכור","Achor Valley","","","Valley","166","166","","","","","",""
"ח'רבת אל-מכרי","Khirbet el-Makari","","","Fortress","167","167","","","","","",""
"ייסככה","Sekhakha","","","Settlement","167","167","","","","","",""
"ייעיר מלחי","Ya'ir Malḥi","","","Settlement","167","167","","","","","",""
"כרם א-סמרא","Kerem es-Samra","כרם אל עג'ז","Kerem el-Ajez","Fortress","167","167","דיר מר סבּא (109/7)","12779","https://survey.iaa.org.il/#/MapSurvey/62/site/12779","https://survey.iaa.org.il//index_Eng.html#/MapSurvey/62/site/12779","31.71662","35.39106"
"מע'איר א-טבקה","Maghayir et-Tabaqa","","","Settlement","167","167","","","","","",""
"באר משש","Beer Mashash","","","Well","168","168","","","","","",""
"נגב יהודה","Judean Negev","","","Region","168, 169","168","","","","","",""
"נחל חימר","Nahal Haimar","","","Valley","169","169","","","","","",""
"נחל קינה","Nahal Qina","","","Valley","169","169","חורבת עוזה (145)","2603","https://survey.iaa.org.il/#/MapSurvey/15/site/2603","https://survey.iaa.org.il//index_Eng.html#/MapSurvey/15/site/2603","",""
"חורבת חלוקים","Khirbet Halukim","","Horvat Halukim","Settlement","170, 171","170","שדה בוקר - מערב (167)","13305","https://survey.iaa.org.il/#/MapSurvey/66/site/13305","https://survey.iaa.org.il//index_Eng.html#/MapSurvey/66/site/13305","30.90040","34.80050"
"חמת","Hamat","","","Settlement","170","170","מצפה רמון דרום־מערב (200)","12661","https://survey.iaa.org.il/#/MapSurvey/77/site/12661","https://survey.iaa.org.il//index_Eng.html#/MapSurvey/77/site/12661","",""
"מצפה רמון","Mitzpe Ramon","","","Region","170, 246, 391","170","","","","","",""
"שדה בוקר","Sde Boker","","","Other","170, 171","170","שדה בוקר - מערב (167)","13345","https://survey.iaa.org.il/#/MapSurvey/66/site/13345","https://survey.iaa.org.il//index_Eng.html#/MapSurvey/66/site/13345","",""
"אתר הרועה","Ha-Ro'eh Site","","","Settlement","171","171","שדה בוקר - מערב (167)","13338","https://survey.iaa.org.il/#/MapSurvey/66/site/13338","https://survey.iaa.org.il//index_Eng.html#/MapSurvey/66/site/13338","",""
"בור חמת","Bor Hamat","","","Well","171","171","מצפה רמון דרום־מערב (200)","12743","https://survey.iaa.org.il/#/MapSurvey/77/site/12743","https://survey.iaa.org.il//index_Eng.html#/MapSurvey/77/site/12743","30.62167","34.72927"
"בורות לוץ","Borot Lutz","","","Settlement","171","171","","","","","",""
"חורבת משורה","Horvat Meshura","","","Settlement","171","171","שדה בוקר - מערב (167)","12047","https://survey.iaa.org.il/#/MapSurvey/66/site/12047","https://survey.iaa.org.il//index_Eng.html#/MapSurvey/66/site/12047","30.94580","34.75250"
"חורבת רחבה","Horvat Rahba","","","Settlement","171","171","","","","","31.01950","34.90150"
"חורבת רמת בוקר","Horvat Ramat Boker","","","Settlement","171","171","שדה בוקר - מערב (167)","11996","https://survey.iaa.org.il/#/MapSurvey/66/site/11996","https://survey.iaa.org.il//index_Eng.html#/MapSurvey/66/site/11996","30.92920","34.79530"
"חורבת רתמה","Horvat Retama","","","Settlement","171","171","שדה בוקר - מערב (167)","13303","https://survey.iaa.org.il/#/MapSurvey/66/site/13303","https://survey.iaa.org.il//index_Eng.html#/MapSurvey/66/site/13303","30.87235","34.72801"
"מגדל נחל סרפד","Migdal Nahal Sarfad","","","Fortress","171","171","","","","","30.68209","34.66943"
"מישור הרוח","Mishor HaRuach (Plain of the Wind)","מישור הרוחות","","Region","171","171","מצפה רמון (201)","21900","https://survey.iaa.org.il/#/MapSurvey/2151/site/21900","https://survey.iaa.org.il//index_Eng.html#/MapSurvey/2151/site/21900","30.60364","34.78050"
"מצד הר רביב","Metzad Har Raviv","","","Fortress","171","171","","","","","30.90211","34.67761"
"מצד נחל בוקר","Metzad Nahal Boker","","","Fortress","171","171","שדה בוקר - מערב (167)","13252","https://survey.iaa.org.il/#/MapSurvey/66/site/13252","https://survey.iaa.org.il//index_Eng.html#/MapSurvey/66/site/13252","30.92194","34.80630"
"מצד נחל צנע","Metzad Nahal Tzana","","","Fortress","171","171","הר נפחה (196)","12068","https://survey.iaa.org.il/#/MapSurvey/74/site/12068","https://survey.iaa.org.il//index_Eng.html#/MapSurvey/74/site/12068","30.79380","34.87750"
"מצד סרפד","Metzad Sarfad","","","Fortress","171","171","הר עזוז (194)","18529","https://survey.iaa.org.il/#/MapSurvey/1121/site/18529","https://survey.iaa.org.il//index_Eng.html#/MapSurvey/1121/site/18529","30.68389","34.67255"
"מצודת הר חמת","Har Hamat Fortress","","","Fortress","171","171","מצפה רמון דרום־מערב (200)","12678","https://survey.iaa.org.il/#/MapSurvey/77/site/12678","https://survey.iaa.org.il//index_Eng.html#/MapSurvey/77/site/12678","30.62250","34.72250"
"מצודת חתירה","Hatira Fortress","","","Fortress","171","171","שדה בוקר  - מזרח (168)","4027","https://survey.iaa.org.il/#/MapSurvey/19/site/4027","https://survey.iaa.org.il//index_Eng.html#/MapSurvey/19/site/4027","30.95531","34.94233"
"מצודת נחל אלה","Nahal Elah Fortress","מצורת נחל אלה","","Fortress","171","171","מצפה רמון דרום־מערב (200)","12332","https://survey.iaa.org.il/#/MapSurvey/77/site/12332","https://survey.iaa.org.il//index_Eng.html#/MapSurvey/77/site/12332","30.72447","34.67651"
"מצודת נחל יתר","Nahal Yeter Fortress","","","Fortress","171","171","הר נפחה (196)","13244","https://survey.iaa.org.il/#/MapSurvey/74/site/13244","https://survey.iaa.org.il//index_Eng.html#/MapSurvey/74/site/13244","",""
"מצודת נחל סרפד מזרח","Nahal Sarfad East Fortress","","","Fortress","171","171","הר חמרן - דרום-מזרח (199)","11359","https://survey.iaa.org.il/#/MapSurvey/75/site/11359","https://survey.iaa.org.il//index_Eng.html#/MapSurvey/75/site/11359","",""
"מצודת נחל סרפד מערב","Nahal Sarfad West Fortress","","","Fortress","171","171","","","","","",""
"מצורת נחל עקרב","Metzurat Nahal Akrab","","","Fortress","171","171","","","","","",""
"סלע","Sela","","","Settlement","171","171","","","","","",""
"ציוושטפה","Ziwiye Fortress","","","Fortress","171","171","","","","","",""
"רמת ברנע","Ramat Barnea","","","Region","171","171","הר חמרן - דרום-מזרח (199)","11766","https://survey.iaa.org.il/#/MapSurvey/75/site/11766","https://survey.iaa.org.il//index_Eng.html#/MapSurvey/75/site/11766","",""
"רמת מטרד","Ramat Matred","","","Region","171","171","הר נפחה (196)","10558","https://survey.iaa.org.il/#/MapSurvey/74/site/10558","https://survey.iaa.org.il//index_Eng.html#/MapSurvey/74/site/10558","",""
"רמת עבדת","Avdat Plateau","","","Region","171","171","","","","","",""
"אל-עין","Al-Ein (The Spring)","","The Spring","Pool","172","172","","","","","",""
"ירוחם","Yeruham","","","Settlement","172","172","נחל רביבים (164)","16704","https://survey.iaa.org.il/#/MapSurvey/1105/site/16704","https://survey.iaa.org.il//index_Eng.html#/MapSurvey/1105/site/16704","",""
"מפת מצפה רמון דרום-מערב","Mitzpe Ramon Southwest Map","","","Region","172","172","","","","","",""
"ארצות ערביות","Arab Lands","","","Region","173","173","","","","","",""
"דרום אמריקה","South America","","","Region","173","173","","","","","",""
"העולם החדש","New World","","","Region","173","173","","","","","",""
"חידקל","Tigris","","","River","173, 181","173","","","","","",""
"מסופוטמיה","Mesopotamia","","","Region","173, 205, 211","173","","","","","",""
"מרכז אמריקה","Central America","","","Region","173","173","","","","","",""
"סין","China","","","Region","173","173","","","","","",""
"סיציליה","Sicily","","","Region","173","173","","","","","",""
"ספרד","Spain","","","Region","173, 211","173","","","","","",""
"פרת","Euphrates","","","River","173","173","ואדי קלט (109/4)","9237","https://survey.iaa.org.il/#/MapSurvey/68/site/9237","https://survey.iaa.org.il//index_Eng.html#/MapSurvey/68/site/9237","",""
"צפון הודו","North India","","","Region","173","173","","","","","",""
"אגם אורמיה","Lake Urmia","","LAKE URMIA","Lake","174, 175, 395","174","","","","","",""
"אגם ואן","Lake Van","","LAKE VAN","Lake","174, 395","174","","","","","",""
"אגם סואן","Lake Sevan","","","Lake","174","174","","","","","",""
"אגם קסיס","Kesis Goli (Lake Kesis)","","","Lake","174","174","","","","","",""
"אנגוסנר","Engusner (stream)","","","River","174","174","","","","","",""
"מזרח אנטוליה","Eastern Anatolia","","","Region","174, 229","174","","","","","",""
"נהר אנגיל","Engil River","","","River","174","174","","","","","",""
"קורובאש","Kurubas (stream)","","","River","174","174","","","","","",""
"תעלת מנואה","Menua's Canal","","Menua Canal","Aqueduct","174, 395","174","","","","","",""
"אגם רוסה","Lake Rusa","אגם קסיס; Kesis Göle","Lake Kesis; Rusa Lake; Kesis Göle","Lake","175, 247, 395","175","","","","","",""
"ואן קלה","Van Kale","טוספה","Van Kalesi; Tuspa","Settlement","175, 395","175","","","","","",""
"נהר אליאני","Eliani River","","","River","175","175","","","","","",""
"עיר ואן","Van City","","","Settlement","175","175","","","","","",""
"רוסהינילי","Rusahinili","העיר של רוסה","City of Rusa","Settlement","175","175","","","","","",""
"רמת ארמניה","Armenian Plateau","","","Region","175","175","","","","","",""
"אגם סיהקה","Lake Sihke","","","Lake","176","176","","","","","",""
"אנקרה","Ankara","","","Settlement","176","176","","","","","",""
"מישור ואן","Van Plain","","","Region","176","176","","","","","",""
"ממלכת אשור","Kingdom of Assyria","","Assyrian Kingdom","Region","176, 247, 397","176","","","","","",""
"נהר אנגוסנר","Engusner River","","","River","176","176","","","","","",""
"נהר דוני","Doni River","קורובאס","Kurubas","River","176","176","","","","","",""
"פריגיה","Phrygia","","","Region","176, 232","176","","","","","",""
"בוויאן","Bavian","","","Settlement","177","177","","","","","",""
"מפעל המים של אירביל","Erbil Water System","","","Installation","177","177","","","","","",""
"נהר הזב הגדול","Great Zab River","","","River","177","177","","","","","",""
"נהר חזיר","Khazir River","","Khazir R.","River","177, 398","177","","","","","",""
"נינוה","Nineveh","","NINUA","Comparative Site","177, 181, 191, 206, 211, 235, 397","177","","","","","36.36000","43.15300"
"קוואיר","Quwair","","","Settlement","177, 398","177","","","","","",""
"אסקי מוסול","Aski Mosul","","","Settlement","181","181","","","","","",""
"בנדוואי","Bandawai","","Bandwai","Settlement","181, 401","181","","","","","",""
"בצורה צ'אי","Btsura Chai","","","Fortress","181","181","","","","","",""
"ג'בל אל-קוש","Jabal al-Qosh","","Jebel al-Qosh","Mountain","181, 401","181","","","","","",""
"ג'רוואן","Jerwan","","","Other","181, 233","181","","","","","",""
"הר טאש","Mount Tash","","","Mountain","181","181","","","","","",""
"הרי חני","Hani Mountains","","","Mountain","181","181","","","","","",""
"ואדי אל-מילח","Wadi al-Milh","","","Valley","181","181","","","","","",""
"חינס","Hinis","","","Settlement","181","181","","","","","",""
"נהר אטרוש","Atrosh River","אטרוש","Atrosh","Other","181","181","","","","","",""
"נהר גומל","Gomel River","גומל","Gomel; Gomel R.; GOMEL","Other","181, 401","181","","","","","",""
"קלעה מורטקה","Qala'a Murtaka","","","Fortress","181","181","","","","","",""
"תעלת חינס","Hinis Canal","","","Aqueduct","181","181","","","","","",""
"האי סמוס","Samos Island","","","Region","182","182","","","","","",""
"מגרה","Megara","","","Settlement","182","182","","","","","",""
"סמוס","Samos","","","Comparative Site","182, 191, 211, 247, 248, 404, 405","182","","","","","",""
"בעלמען","Baal-Meon","בעל מעון","","Comparative Site","183","183","","","","","31.68450","35.74850"
"מואב","Moab","","","Region","183, 198","183","","","","","",""
"מדבא","Madaba","","","Settlement","184","184","","","","","",""
"ממלכת ישראל","Kingdom of Israel","ישראל","Israel","Region","184, 194, 201, 431","184","","","","","",""
"מנהרת חזקיהו","Hezekiah's Tunnel","נקבת השילוח","Siloam Tunnel","Tunnel","184","184","","","","","",""
"נבו","Nebo","","","Settlement","184","184","","","","","",""
"פלשת","Philistia","","","Region","184","184","","","","","",""
"הרי האמנוס","Amanus Mountains","","","Mountain","185","185","","","","","",""
"פיניקיה","Phoenicia","","","Region","185","185","","","","","",""
"אשקלון","Ashkelon","","","Settlement","187","187","ניצנים - מערב (87)","1288","https://survey.iaa.org.il/#/MapSurvey/6/site/1288","https://survey.iaa.org.il//index_Eng.html#/MapSurvey/6/site/1288","",""
"כתובת מישע","Mesha Stele","","","Other","187","187","","","","","",""
"קדש בגליל","Kadesh in Galilee","","","Settlement","187","187","","","","","",""
"רחוב","Rehov","","","Tell","187","187","שדה אליהו (66)","3759","https://survey.iaa.org.il/#/MapSurvey/31/site/3759","https://survey.iaa.org.il//index_Eng.html#/MapSurvey/31/site/3759","",""
"תל מלחתה","Tel Malhata","","","Tell","187","187","תל מלחתה (144)","4688","https://survey.iaa.org.il/#/MapSurvey/36/site/4688","https://survey.iaa.org.il//index_Eng.html#/MapSurvey/36/site/4688","",""
"תל צפית","Tel Zafit","","","Tell","187","187","","","","","",""
"לחי ראי","Lahai Roi","","","Well","189","189","","","","","",""
"עשק","Esek","","","Well","189","189","","","","","",""
"רחובות","Rehoboth","","","Well","189","189","","","","","",""
"שבעה","Sheba","","","Well","189","189","הר תבור (41)","6999","https://survey.iaa.org.il/#/MapSurvey/45/site/6999","https://survey.iaa.org.il//index_Eng.html#/MapSurvey/45/site/6999","",""
"שטנה","Sitnah","","","Well","189","189","","","","","",""
"גיווה","Giyawa","","Giwa","Settlement","190, 191","190","","","","","",""
"אבו-חוף","Abu-Hof","אבו-ח'וף","","Settlement","191, 441","191","","","","","",""
"אירביל","Erbil","","","Comparative Site","191, 212","191","","","","","",""
"גירסור","Girsor","","","Comparative Site","191","191","","","","","",""
"דיר גריסה","Deir Ghurissa","","","Settlement","191","191","","","","","",""
"חי טוב","Hi Tov","","","Settlement","191","191","","","","","",""
"חרי טוב","Huri Tov","","","Settlement","191","191","","","","","",""
"יטפה","Yotapata","","Yodfat","Settlement","191","191","","","","","",""
"מדינת הבו","Medinet Habu","","","Comparative Site","191","191","","","","","",""
"מידס סיטי","Midas City","","","Comparative Site","191","191","","","","","39.20140","30.71330"
"נאמי ח' בתר","Nami H' Batar","","","Settlement","191","191","","","","","",""
"נתןשפה","Natanshafa","","","Comparative Site","191","191","","","","","",""
"עיטס","Eitam","","Etam; Etas","Settlement","191, 202, 413","191","","","","","",""
"רגיגייל","Ragigale","","","Comparative Site","191","191","","","","","",""
"תל גימה","Tel Gamma","גימה","Gima","Tell","191, 409","191","","","","","31.38813","34.44125"
"מפת בית גוברין","Bet Guvrin Map","","","Region","193","193","","","","","",""
"אנטוליה","Anatolia","","","Region","194, 205","194","","","","","",""
"ארם","Aram","","","Region","194","194","","","","","",""
"דרום הארץ","South of the country","","","Region","194","194","","","","","",""
"מרכז הארץ","Center of the country","","","Region","194","194","","","","","",""
"צפון הארץ","North of the country","","","Region","194","194","","","","","",""
"ארמון סנחריב","Sennacherib's Palace","","","Other","195","195","","","","","",""
"כלח","Calah","","Nimrud","Comparative Site","195","195","יגור (27)","1731","https://survey.iaa.org.il/#/MapSurvey/10/site/1731","https://survey.iaa.org.il//index_Eng.html#/MapSurvey/10/site/1731","",""
"גבעון הבריכה","Gibeon Pool","הבריכה","The Pool","Pool","201","201","עין גדי (147)","6124","https://survey.iaa.org.il/#/MapSurvey/33/site/6124","https://survey.iaa.org.il//index_Eng.html#/MapSurvey/33/site/6124","",""
"גבעון המנהרה","Gibeon Tunnel","המנהרה","The Tunnel","Tunnel","201","201","","","","","",""
"מגידו ""הגלריה","Megiddo ""The Gallery""","הגלריה","The Gallery","Tunnel","201","201","","","","","",""
"ירושלים נקבת חזקיהו","Jerusalem Hezekiah's Tunnel","נקבת חזקיהו","Hezekiah's Tunnel","Tunnel","202","202","","","","","",""
"ירושלים פיר ""וורן","Jerusalem Warren's Shaft","פיר ""וורן""","Warren's Shaft","Shaft","202","202","","","","","",""
"עין קודיראת","Ein Qudirat","","","Spring","202","202","","","","","",""
"חירבת אבו-טווין","Khirbet Abu-Tuwein","","","Settlement","204","204","","","","","",""
"חירבת אל-כיף","Khirbet el-Kif","","","Settlement","204","204","","","","","",""
"תולילאת עיסול","Teleilat Ghassul","","Ghassul","Settlement","205","205","","","","","",""
"אולינתוס","Olynthus","","Olinthus","Comparative Site","211, 235","211","","","","","40.29250","23.26810"
"אקווה מרקיה","Aqua Marcia","","","Aqueduct","211","211","","","","","",""
"מזרח הקדום","Ancient Near East","המזרח הקדום","","Region","211, 228","211","","","","","",""
"עכו","Acre","","","Settlement","211, 212","211","עכו (19)","24383","https://survey.iaa.org.il/#/MapSurvey/2180/site/24383","https://survey.iaa.org.il//index_Eng.html#/MapSurvey/2180/site/24383","32.92440","35.07560"
"רומא","Rome","רומא (אקווה אפיה); אקווה אפיה; רומא (אקווה וטוס); אקווה וטוס","Rome (Aqua Appia); Aqua Appia; Rome (Aqua Anio Vetus); Aqua Anio Vetus; Rom","Comparative Site","211, 212, 231","211","","","","","41.90280","12.49640"
"אולחן","Ulhu","","","Comparative Site","212","212","","","","","37.66670","45.06670"
"איטליה","Italy","","","Region","212","212","","","","","",""
"הרי בשיקה","Bashiqa Mountains","","","Mountain","212","212","","","","","",""
"צידון","Sidon","","","Settlement","212","212","","","","","33.56080","35.37190"
"תעלת סנחריב","Sennacherib's Canal","","","Aqueduct","212","212","","","","","",""
"עתלית-ים","Atlit-Yam","באר עתלית-ים","Atlit-Yam water well","Settlement","214, 222, 231, 238, 259, 260","214","","","","","32.71089","34.93150"
"נביעות הירקון","Yarkon Springs","","","Spring","215","215","","","","","",""
"עפרה","Ofra","","","Settlement","219","219","","","","","",""
"Beirut","Beirut","","","Settlement","219","219","","","","","",""
"גליל העליון","Upper Galilee","","","Region","220","220","","","","","",""
"דרום השפלה","Southern Shephelah","","","Region","220","220","","","","","",""
"עיר-דוד","City of David","","","Settlement","220","220","ירושלים (102)","13725","https://survey.iaa.org.il/#/MapSurvey/63/site/13725","https://survey.iaa.org.il//index_Eng.html#/MapSurvey/63/site/13725","",""
"ארץ-ישראל","Land of Israel","","Eretz-Israel","Region","221, 222, 225, 442, 444, 446","221","","","","","",""
"הנגב המזרחי","Eastern Negev","","","Region","221","221","","","","","",""
"מנהרות הכותל המערבי","Western Wall Tunnels","","","Tunnel","221","221","","","","","",""
"אורים","Urim","","","Region","222, 440","222","אוּרִים (125)","6930","https://survey.iaa.org.il/#/MapSurvey/47/site/6930","https://survey.iaa.org.il//index_Eng.html#/MapSurvey/47/site/6930","",""
"ארץ אפרים ומנשה","Land of Ephraim and Manasseh","","","Region","222","222","","","","","",""
"הרי השומרון","Samarian Hills","","","Region","222","222","","","","","",""
"מצרים העתיקה","Ancient Egypt","","","Comparative Site","222","222","","","","","",""
"הר חמרן - דרום-מערב","Har Hamran - Southwest","","","Mountain","223","223","","","","","",""
"מפת ירושלים","Jerusalem Map","","","Region","223","223","","","","","",""
"מצפה רמון דרום מערב","Mitzpe Ramon Southwest","","","Region","223","223","","","","","",""
"תל באר-שבע","Tel Beer-Sheba","","","Tell","223","223","באר שבע מזרח (128)","25646","https://survey.iaa.org.il/#/MapSurvey/2189/site/25646","https://survey.iaa.org.il//index_Eng.html#/MapSurvey/2189/site/25646","31.24566","34.83643"
"הר נפחה","Har Nafha","","","Mountain","224","224","הר נפחה (196)","13128","https://survey.iaa.org.il/#/MapSurvey/74/site/13128","https://survey.iaa.org.il//index_Eng.html#/MapSurvey/74/site/13128","",""
"נחל איילון","Ayalon Stream","","","Valley","224","224","גזר (82)","14927","https://survey.iaa.org.il/#/MapSurvey/67/site/14927","https://survey.iaa.org.il//index_Eng.html#/MapSurvey/67/site/14927","",""
"עבוד","Abud","","","Settlement","224","224","","","","","",""
"קיביא","Qibya","","","Settlement","224","224","","","","","",""
"רנתיס","Rantis","","","Settlement","224","224","","","","","",""
"הר בית-אל","Mount Bethel","","","Mountain","225","225","","","","","",""
"הר הנגב המרכזי","Central Negev Highlands","הנגב המרכזי","Central Negev","Region","225, 235","225","","","","","",""
"הרי אפרים","Ephraim Mountains","","","Mountain","225","225","","","","","",""
"חירבת אבו-תוין","Khirbet Abu Tuwein","","","Settlement","225","225","","","","","",""
"כנען","Canaan","","","Region","225, 235","225","","","","","",""
"מישור החוף של ישראל","Coastal Plain of Israel","","","Region","225","225","","","","","",""
"מכמש","Michmash","","","Settlement","225","225","","","","","",""
"מכתש רמון","Makhtesh Ramon","","Ramon Crater","Region","225, 391","225","מצפה רמון דרום־מערב (200)","12731","https://survey.iaa.org.il/#/MapSurvey/77/site/12731","https://survey.iaa.org.il//index_Eng.html#/MapSurvey/77/site/12731","",""
"ענתות","Anatot","","","Settlement","225","225","","","","","",""
"רבת עמון","Rabbath Ammon","","","Settlement","225","225","","","","","",""
"אל בירה","Al-Bireh","","","Settlement","226","226","","","","","",""
"דיר מר-סבא","Deir Mar Saba","","","Other","226","226","","","","","",""
"חי אל-כיכ","Hai el-Kik","","","Settlement","226","226","","","","","",""
"צפורי","Sepphoris","","","Settlement","226","226","שפרעם (24)","1677","https://survey.iaa.org.il/#/MapSurvey/9/site/1677","https://survey.iaa.org.il//index_Eng.html#/MapSurvey/9/site/1677","",""
"רמאלה","Ramallah","","","Settlement","226","226","","","","","",""
"אם אל-ביארה","Umm el-Biyara","ביארה, אם אל-","Biyara, Umm el-","Comparative Site","227","227","","","","","30.32700","35.44500"
"אשדוד-ים","Ashdod-Yam","","","Settlement","227","227","","","","","",""
"הגליל המערבי","Western Galilee","","","Region","227","227","","","","","",""
"מישע","Mesha","","","Comparative Site","227","227","","","","","",""
"נחל איילון המערבי","Western Ayalon Stream Basin","","","Valley","227","227","","","","","",""
"ירושלים הישראלית","Israelite Jerusalem","ירושלים","Jerusalem","Settlement","228","228","","","","","",""
"עיר סורית-פלשתית","Syro-Palestinian City","","","Settlement","228","228","","","","","",""
"ערד הקדומה","Early Arad","ערד","Arad","Settlement","228, 235","228","","","","","",""
"פלשתינה","Palestine","","","Region","228, 230","228","","","","","",""
"צפון הנגב של ישראל","Northern Negev of Israel","","","Region","228","228","","","","","",""
"אבן אל-ע'אזי","Ibn el-Ghazzi","","","Installation","229","229","","","","","",""
"אזור מזרח הים התיכון","East Mediterranean Region","","","Region","229","229","","","","","",""
"גבול הנגב המזרחי","Eastern Negev Border","","","Region","229","229","","","","","",""
"גבול יהודה","Judah's Frontier","","","Region","229","229","","","","","",""
"דיר אל-מדינה","Deir el Médineh","","Deir el-Medina","Comparative Site","229, 307, 308, 439","229","","","","","",""
"האקרופוליס האתונאי","Athenian Acropolis","","","Comparative Site","229","229","","","","","",""
"הנגב המקראי","Biblical Negev","","","Region","229","229","","","","","",""
"מדבר הנגב הדרומי","Southern Negev Desert","","","Region","229","229","","","","","",""
"קוקהובן","Kuckhoven","","","Comparative Site","229","229","","","","","",""
"בירד","Bireh","","","Settlement","230","230","","","","","",""
"בקעת יהודה","Judaean Buqe'ah","","","Valley","230","230","","","","","",""
"דרום הלבנט","Southern Levant","","","Region","230","230","","","","","",""
"משריפה-קטנה","Mishrife-Qatana","","","Comparative Site","230","230","","","","","",""
"טושפה","Tus'pa","","Tuspa; Tushpa","Comparative Site","231, 437","231","","","","","",""
"עכו-פטולמאיס","Acre-Ptolemais","עכו","Acre; Ptolemais","Settlement","231","231","עכו (19)","24383","https://survey.iaa.org.il/#/MapSurvey/2180/site/24383","https://survey.iaa.org.il//index_Eng.html#/MapSurvey/2180/site/24383","",""
"עין שמש (בית שמש)","Beth Shemesh","Ain Shems; עין שמש; בית שמש","Ain Shems; Ain Shems (Beth-Shemesh); Beth-Shemesh","Settlement","232, 234","232","","","","","",""
"אזור עבדת/עקב","Avdat/Aqev Area","","","Region","233","233","","","","","",""
"מיקנאי","Mykenai","","Mycenae","Comparative Site","233","233","","","","","",""
"סאמוס","Samos","","","Comparative Site","233, 437","233","","","","","",""
"תל אל-מוע'ייר","Tell el-Mughayyir","","","Tell","233","233","אחיהוד (20)","2190","https://survey.iaa.org.il/#/MapSurvey/12/site/2190","https://survey.iaa.org.il//index_Eng.html#/MapSurvey/12/site/2190","",""
"אום אל-ביארה","Umm al-Biyara","","Umm el-Biyara; Umm el-Biara","Comparative Site","234, 437","234","","","","","30.32700","35.44500"
"חצ'ילר","Hacilar","","","Comparative Site","234, 238","234","","","","","37.60000","30.15000"
"לבנט","Levant","","","Region","234","234","","","","","",""
"פילוס","Pylos","","","Comparative Site","234","234","","","","","",""
"תל א-נסבה","Tel en-Nasbeh","","Tell en-Nasbeh; Tell en Nasbeh","Tell","234, 237, 438","234","","","","","31.88497","35.21577"
"ארביל","Erbil","","","Comparative Site","235","235","","","","","",""
"בקעת הירדן התחתונה","Lower Jordan Valley","","","Valley","235","235","","","","","",""
"חירבת בלעמה","Khirbet Bil'am","Khirbet Belameh","Khirbet Belameh","Settlement","235","235","","","","","",""
"מרכז אנטוליה","Central Anatolia","","","Region","235","235","","","","","",""
"עין ע'זאל","Ain Ghazal","","Ain Ghazal (Jordan)","Settlement","235","235","דור (30)","1191","https://survey.iaa.org.il/#/MapSurvey/5/site/1191","https://survey.iaa.org.il//index_Eng.html#/MapSurvey/5/site/1191","",""
"צפון עיראק","Northern Iraq","","","Region","235","235","","","","","",""
"תל עירני","Tel Erani","","","Tell","235","235","","","","","",""
"עופל","Ophel","","","Settlement","236","236","","","","","",""
"קלהארי","Kalahari","","","Region","236","236","","","","","",""
"מערב ארץ ישראל","Western Palestine","","","Region","237","237","","","","","",""
"רג'אג'יל","Rajajil","","Ragagil","Comparative Site","237, 441","237","","","","","29.80900","39.90400"
"תל עיטון","Tel Eton","","Tell Eton","Tell","237","237","","","","","",""
"אגם הלשון","Lisan Lake","","","Region","238, 264","238","","","","","",""
"אגם סליחייה","Lake Salihiyya","אגם סליבייה","","Region","238","238","","","","","",""
"הר נפחא","Har Nafha","","","Mountain","246, 390","246","הר נפחה (196)","13128","https://survey.iaa.org.il/#/MapSurvey/74/site/13128","https://survey.iaa.org.il//index_Eng.html#/MapSurvey/74/site/13128","",""
"מצודת אצבוע","Metzudat Etzboa","","","Fortress","246, 390","246","","","","","",""
"נחל בוקר","Nahal Boqer","","","Valley","246, 390, 391","246","שדה בוקר - מערב (167)","12165","https://survey.iaa.org.il/#/MapSurvey/66/site/12165","https://survey.iaa.org.il//index_Eng.html#/MapSurvey/66/site/12165","",""
"ערוץ נחל בוקר","Nahal Boqer Channel","","","Valley","246","246","","","","","",""
"ג'ארוון","Jerwan","","Jerwana","Installation","247, 401, 402, 403","247","","","","","",""
"ממלכת אוררטו","Urartu Kingdom","","","Region","247, 395, 437","247","","","","","",""
"נינווה","Nineveh","","NINEVEH; Ninive","Comparative Site","247, 401, 403","247","","","","","36.36000","43.15300"
"מדכה","Madaba","","","Settlement","251","251","","","","","",""
"סמעאן","Sama'an","","","Settlement","251","251","","","","","",""
"עזה","Gaza","עוזה","","Settlement","251, 411","251","חורבת עוזה (145)","2612","https://survey.iaa.org.il/#/MapSurvey/15/site/2612","https://survey.iaa.org.il//index_Eng.html#/MapSurvey/15/site/2612","",""
"צפת","Safed","","","Settlement","251","251","","","","","",""
"קוניטרה","Quneitra","","","Settlement","251","251","מרום גולן (11/1)","21870","https://survey.iaa.org.il/#/MapSurvey/2150/site/21870","https://survey.iaa.org.il//index_Eng.html#/MapSurvey/2150/site/21870","",""
"קימסע","Qimsa","","","Settlement","251","251","","","","","",""
"האגן הדרומי","Southern Basin","","","Region","252","252","","","","","",""
"האגן הצפוני","Northern Basin","","","Region","252","252","","","","","",""
"סליביה","Salibiya","","Saliblya","Region","252","252","","","","","",""
"פאצאל","Fazael","","Fazael/Coast","Region","252","252","","","","","",""
"מערות הר סדום","Mount Sedom caves","","","Cave","253","253","","","","","",""
"מנהרות גבעון","Gibeon Tunnels","מנהרות בגבעון","","Tunnel","255","255","","","","","",""
"מעיין הבתולה","Virgin's Fount","","","Spring","255","255","","","","","",""
"עין אל-בלד בגבעון","Ain el Belled at Gibeon","","","Installation","255","255","","","","","",""
"ואדי בלעמה","Wadi Belameh","","","Valley","256","256","","","","","",""
"עין סנג'את","Ain Senjat","","","Spring","256","256","","","","","",""
"ואדי חריטון","Wadi Khareitun","","","Valley","257","257","","","","","",""
"חולון","Holon","","","Settlement","257","257","","","","","",""
"טירה","Tira","","","Settlement","257","257","חיפה - מערב (22)","2524","https://survey.iaa.org.il/#/MapSurvey/14/site/2524","https://survey.iaa.org.il//index_Eng.html#/MapSurvey/14/site/2524","",""
"מערת אבן אצבע","Even Etzba Cave","אבן אצבע","","Cave","257","257","","","","","",""
"מערת אל-ואד","El-Wad Cave","אל-ואד","","Cave","257","257","","","","","",""
"מערת דת-עקב","Dat-Aqev Cave","דת-עקב","","Cave","257","257","","","","","",""
"מערת טאבון","Tabun Cave","טאבון","","Cave","257","257","","","","","",""
"מערת כבארה","Kebara Cave","כבארה","","Cave","257","257","","","","","",""
"מערת סח'ול","Skhul Cave","סח'ול","","Cave","257","257","","","","","",""
"מערת ספונים","Sefunim Cave","ספונים","","Cave","257","257","עתלית (26)","8509","https://survey.iaa.org.il/#/MapSurvey/57/site/8509","https://survey.iaa.org.il//index_Eng.html#/MapSurvey/57/site/8509","",""
"מערת עמוד","Amud Cave","עמוד; נחל עמוד","Nahal Amud","Cave","257","257","","","","","",""
"מערת קטט","Qatata Cave","קטט","","Cave","257","257","","","","","",""
"מערת רקפת","Raqefet Cave","רקפת","","Cave","257","257","יגור (27)","1917","https://survey.iaa.org.il/#/MapSurvey/10/site/1917","https://survey.iaa.org.il//index_Eng.html#/MapSurvey/10/site/1917","",""
"מערת שקבא","Shuqba Cave","שקבא","","Cave","257","257","","","","","",""
"עבידיה","Ubeidiya","","","Settlement","257","257","","","","","",""
"תל אביב-יפו","Tel Aviv-Yafo","","","Settlement","257","257","","","","","",""
"אם חאלד","Umm Khaled","","","Settlement","258","258","","","","","",""
"ג'בל משארה","Jabal Mashara","גבל משארה","","Mountain","258","258","","","","","",""
"ואדי חרימון","Wadi Harimun","","","Valley","258","258","","","","","",""
"חופית","Hofit","","","Settlement","258","258","נתניה (56)","23576","https://survey.iaa.org.il/#/MapSurvey/2171/site/23576","https://survey.iaa.org.il//index_Eng.html#/MapSurvey/2171/site/23576","",""
"חפצי-בה","Hefzibah","","","Settlement","258","258","עין חרוד (62)","21566","https://survey.iaa.org.il/#/MapSurvey/2141/site/21566","https://survey.iaa.org.il//index_Eng.html#/MapSurvey/2141/site/21566","",""
"כפר דרום","Kfar Darom","","","Settlement","258","258","","","","","",""
"מערת א-נאקה","An-Naqa Cave","א-נאקה","","Cave","258","258","","","","","",""
"מערת אל-חיאם","El-Khiam Cave","אל-חיאם","","Cave","258","258","הרודיון (108/2)","7512","https://survey.iaa.org.il/#/MapSurvey/52/site/7512","https://survey.iaa.org.il//index_Eng.html#/MapSurvey/52/site/7512","",""
"מערת אמירה","Emireh Cave","אמירה","","Cave","258","258","","","","","",""
"מערת בידאם","Baydam Cave","בידאם","","Cave","258","258","","","","","",""
"מערת ידימן","Yidmin Cave","ידימן","","Cave","258","258","","","","","",""
"מערת עריף","Arif Cave","עריף","","Cave","258","258","","","","","",""
"מערת ערק אל-אחמד","Araq el-Ahmar Cave","ערק אל-אחמד","","Cave","258","258","","","","","",""
"נחל אורן","Nahal Oren","","","Valley","258","258","עתלית (26)","8574","https://survey.iaa.org.il/#/MapSurvey/57/site/8574","https://survey.iaa.org.il//index_Eng.html#/MapSurvey/57/site/8574","",""
"נחל לבן","Nahal Lavan","","","Valley","258","258","שבטה (166)","5142","https://survey.iaa.org.il/#/MapSurvey/41/site/5142","https://survey.iaa.org.il//index_Eng.html#/MapSurvey/41/site/5142","",""
"נחל פולג","Nahal Poleg","","","Valley","258","258","אבן יהודה (59)","22900","https://survey.iaa.org.il/#/MapSurvey/2160/site/22900","https://survey.iaa.org.il//index_Eng.html#/MapSurvey/2160/site/22900","",""
"נחל שורק","Nahal Sorek","","","Valley","258","258","נס הרים (104)","12898","https://survey.iaa.org.il/#/MapSurvey/79/site/12898","https://survey.iaa.org.il//index_Eng.html#/MapSurvey/79/site/12898","",""
"ראש חורשה","Rosh Horesha","","","Settlement","258","258","","","","","",""
"מפרץ עתלית","Atlit Bay","","","Bay","259","259","","","","","",""
"אגן עזראק","Azraq Basin","","","Region","261","261","","","","","",""
"ואדי סבחי","Wadi Sibhi","Wadi as-Sibhi","","Valley","261","261","","","","","",""
"ואדי שי","Wadi Shi","","","Valley","261","261","","","","","",""
"באר 1 W באבן אל-גאזי","Well W1 at Ibn al-Ghazzi","","Well W1","Well","263","263","","","","","",""
"אגם סליבייה","Lake Salibiya","","","Region","264","264","","","","","",""
"אילת","Eilat","","","Settlement","264","264","","","","","",""
"ים סוף","Red Sea","","","Region","264","264","","","","","",""
"נהר הירדן","Jordan River","","","River","264","264","ראש פינה (18)","481","https://survey.iaa.org.il/#/MapSurvey/2/site/481","https://survey.iaa.org.il//index_Eng.html#/MapSurvey/2/site/481","",""
"סליבייה","Salibiya","Salibiya IX","Salibiya IX","Settlement","264","264","","","","","",""
"עבר הירדן המזרחי","Trans-Jordan","","","Region","264","264","","","","","",""
"עבר הירדן המערבי","Cis-Jordan","","","Region","264","264","","","","","",""
"תליילאת ע'סול","Teleilat Ghassul","Teleillat Ghassul","","Tell","264","264","","","","","",""
"הבאר בחציילר VI","The Well at Hacilar VI","","","Well","265","265","","","","","",""
"חציילר VI","Hacilar VI","","","Settlement","265","265","","","","","",""
"הבאר והכפר בחציילר","The Well and Village at Hacilar","","","Settlement","266","266","","","","","",""
"חציילר","Hacilar","","","Comparative Site","266","266","","","","","37.60000","30.15000"
"הבאר באבו חוף","The Well at Abu Huf","","","Well","267","267","","","","","",""
"באר (מס' 38) בחורבת בתר","Well (No. 38) at Horvat Batar","באר מס' 38","Well No. 38","Well","268","268","","","","","",""
"מערכת המים בחירבת זירקון","Water System at Khirbet ez-Zeraqon","3 הפירים של מערכת המים","The three shafts of the water system","Cistern System","269","269","","","","","",""
"מנהרות המים בחירבת זירקון","Water Tunnels at Khirbet ez-Zeraqon","","","Tunnel","270","270","","","","","",""
"ואדי שלאלח","Wadi Shalalh","הוואדי","WADI SHALALH","Valley","271","271","","","","","",""
"מנהרות המים של חירבת זירקון","Water Tunnels of Khrbet Zeragun","מנהרות המים; מנהרה ראשית; מנהרת אוורור; מנהרה נוספת","","Tunnel","271","271","","","","","",""
"מנהרות חירבת זירקון","Tunnels of Khrbet Zeragun","קטעי מנהרה; מנהרות חסומות","","Tunnel","272","272","","","","","",""
"הבאר בטפה גאורה","The Well at Tepe Gawra","הבאר","","Well","273","273","","","","","",""
"בריכת האגירה בהעי","The Storage Pool at Ai","בריכת האגירה","","Pool","275","275","","","","","",""
"תל המצודות (ערד)","Tel Ha-Miẓudot (Arad)","תל המצודות","","Fortress","276","276","","","","","",""
"בריכת המים בערד","The Water Pool at Arad","בריכת המים","","Pool","277","277","","","","","",""
"ואדי ראג'יל","Wadi Rajil","","WADI RAJIL; Wādi Rājil","Valley","278, 279","278","","","","","",""
"הבריכות הטבעיות בג'ווה","Natural Pools at Jawa","הבריכות הטבעיות","NATURAL POOL","Pool","279","279","","","","","",""
"מערכת המים של ג'ווה","Water Systems of Jawa","","JAWA WATER SYSTEMS","Installation","279","279","","","","","",""
"בור D7 במצר","Cistern D7 in Metzer","בור D7","","Cistern System","281","281","","","","","",""
"בור המים בתל דלית","Cistern at Tel Dalit","בור המים","","Cistern System","282, 283","282","","","","","",""
"המנהרה בתל בית ירח","Tunnel at Tel Bet Yerah","המנהרה","","Tunnel","284","284","","","","","",""
"מפעל המים בתל ירמות","Water System at Tel Yarmut","מפעל המים","","Water System","285","285","","","","","",""
"מקורות המים בתל דן","Water Sources at Tel Dan","מקורות המים","","Water System","285","285","","","","","",""
"הבולען בתל דן","Sinkhole at Tel Dan","הבולען","","Installation","286, 287","286","","","","","",""
"מוצא הבולען בתל דן","Sinkhole Outlet at Tel Dan","מוצא הבולען","","Installation","287","287","","","","","",""
"מנהרות מעיין הגיחון","Gihon Spring Tunnels","המנהרות באזור מעיין הגיחון","","Tunnel","288","288","","","","","",""
"אקוודוקט","Aqueduct","","","Aqueduct","289","289","","","","","",""
"בריכה חצובה בסלע","Rock-cut Pool","","","Pool","289","289","","","","","",""
"בריכת החצובה","Pool of the Tripod","","","Pool","289","289","","","","","",""
"חומת העיר","City Wall","","","Fortifications","289","289","","","","","",""
"מגדל הבריכה","Pool Tower","","","Fortress","289","289","","","","","",""
"מגדל המעיין","Spring Tower","","","Fortress","289","289","","","","","",""
"מערכת הובלת מים","Water Conveyance System","","","Water System","289","289","","","","","",""
"מערכת מים","Water System","Water System","","Water System","289","289","","","","","",""
"מערכת פיר וורן","Warren's Shaft System","","","Water System","289","289","","","","","",""
"קמרונות אבן","Stone Vaults","","","Installation","289","289","","","","","",""
"שטח C","Area C","","","Other","289","289","","","","","",""
"שטח E","Area E","","","Other","289","289","","","","","",""
"שטח F","Area F","","","Other","289","289","","","","","",""
"שטח tt","Area tt","","","Other","289","289","","","","","",""
"המנהרה בפיר וורן","Tunnel in Warren's Shaft","המנהרה","","Tunnel","290","290","","","","","",""
"מפעל המים (תל גריסה)","Water System (Tel Gerisa)","מפעל המים; מפעל המים (תל גזר); המעבר המימי; מפעל המים (תל חצור); מפעל המים (מגידו); מפעל המים (מיקנה); מפעל המים (דיר אל-מדינה)","Water System (Tel Gezer); Water-Passage; Water System (Tel Hazor); Water System (Megiddo); Water System (Mycenae); Water System (Deir el-Medina); Water System","Water System","291, 292, 293, 294, 295, 306, 307, 308, 315, 375, 380","291","","","","","",""
"באר המים (תל נאמי)","Water Well (Tel Nami)","באר המים; באר המים (לכיש); באר המים (תל הרור)","Water Well (Lachish); Water Well (Tel Haror)","Well","295, 296, 297","295","","","","","",""
"התל הצפון-מערבי (בוצרה)","Northwest Tell (Busra)","","northwest tell","Tell","298","298","","","","","",""
"בור 6243 (חצור)","Cistern 6243 (Hazor)","בור 6243","CISTERN 6243","Cistern System","300","300","","","","","",""
"בור 9017 (חצור)","Pit 9017 (Hazor)","","","Installation","301","301","","","","","",""
"בור 9024 (חצור)","Pit 9024 (Hazor)","","","Installation","301","301","","","","","",""
"בור 9027 (חצור)","Pit 9027 (Hazor)","","","Installation","301","301","","","","","",""
"בור 7021 (חצור)","Pit 7021 (Hazor)","","","Installation","302","302","","","","","",""
"מיכל מים (גזר)","Water Tank (Gezer)","","","Installation","304","304","","","","","",""
"מנהרת מקיאליסטר (גזר)","Macalister Tunnel (Gezer)","","","Tunnel","304","304","","","","","",""
"המעיין המיקני (אתונה)","The Mycenaean Spring (Athens)","המעיין","","Spring","305","305","","","","","",""
"מנהרת המעיין המיקנית (אתונה)","Mycenaean Spring Tunnel (Athens)","","","Tunnel","305","305","","","","","",""
"בור המים התת-קרקעי (מיקנה)","Underground Cistern (Mycenae)","","","Cistern System","306","306","","","","","",""
"מאגרי המים (טירינס)","Water Reservoirs (Tiryns)","מאגרי המים","Water Reservoirs","Installation","307, 371","307","","","","","",""
"מפעלי המים (טירינס)","Water Systems (Tiryns)","","","Installation","307","307","","","","","",""
"מאגר המים (תל חצור)","Water Reservoir (Tel Hazor)","מאגר המים (תענך); המאגר; מאגר המים","Water Reservoir (Ta'anach); Water Reservoir","Installation","309, 310, 375","309","פטיש (121)","16359","https://survey.iaa.org.il/#/MapSurvey/1112/site/16359","https://survey.iaa.org.il//index_Eng.html#/MapSurvey/1112/site/16359","",""
"בור מים מס' 1","Cistern No. 1 (Beit Shemesh)","","","Cistern","311","311","","","","","",""
"בור מים מס' 15","Cistern No. 15 (Beit Shemesh)","","","Cistern","311","311","","","","","",""
"בור מים מס' 17","Cistern No. 17 (Beit Shemesh)","","","Cistern","311","311","","","","","",""
"בור מים מס' 18","Cistern No. 18 (Beit Shemesh)","","","Cistern","311","311","","","","","",""
"בור מים מס' 19","Cistern No. 19 (Beit Shemesh)","","","Cistern","311","311","","","","","",""
"בריכה מטויחת בתוך הארמון","Plastered Pool inside the Palace (Ashdod)","","","Pool","312","312","","","","","",""
"הרציף העתיק של דור","Ancient Quay of Dor","","","Installation","312","312","","","","","",""
"הרציף","The Quay (Dor)","","","Installation","314","314","","","","","",""
"תעלת הניקוז","Drainage Channel (Tel Beer Sheba)","","","Installation","320","320","","","","","",""
"הבאר בתל באר שבע","The Well at Tel Beer-sheba","הבאר","","Well","321, 322, 323","321","","","","","",""
"הארמון המערבי בתל א-סעידיה","Western Palace at Tel es-Sa'idiyeh","הארמון המערבי","","Settlement","324","324","","","","","",""
"מפעל המים בתל א-סעידיה","Water System at Tel es-Sa'idiyeh","מפעל המים","","Cistern System","324","324","","","","","",""
"מתקני המים בארמון המערבי בתל א-סעידיה","Water Installations at the Western Palace, Tel es-Sa'idiyeh","מתקני המים","","Installation","324","324","","","","","",""
"בור מים בשילה","Cistern at Shiloh","בור מים","CISTERN","Cistern System","325","325","","","","","",""
"בור מים בתענך","Cistern at Taanach","בור מים","CISTERN","Cistern System","325","325","","","","","",""
"בורות המים ברדאנה","Cisterns at Raddana","בורות המים","","Cistern System","326","326","","","","","",""
"בורות מים בהעי","Cisterns at Ai","בורות מים","","Cistern System","326","326","","","","","",""
"אילת השחר","Ayelet HaShahar","","","Other","327","327","","","","","",""
"אמת המים הצפונית בתל חצור","The Northern Aqueduct at Tel Hazor","אמת המים הצפונית; התעלה הצפונית","","Aqueduct","327, 328","327","","","","","",""
"אמת מים בנויה בנחל חצור","Built Aqueduct in Nahal Hazor","","","Aqueduct","327","327","","","","","",""
"התעלה החצובה הדרומית בתל חצור","The Southern Rock-cut Channel at Tel Hazor","התעלה החצובה הדרומית","","Aqueduct","327","327","","","","","",""
"התעלה החצובה הצפונית בתל חצור","The Northern Rock-cut Channel at Tel Hazor","התעלה החצובה הצפונית","","Aqueduct","327","327","","","","","",""
"מעיין ליד תל חצור","Spring near Tel Hazor","מעיין","","Spring","327","327","","","","","",""
"מערות דרוזים","Druze Caves","","","Other","327","327","ראש פינה (18)","711","https://survey.iaa.org.il/#/MapSurvey/2/site/711","https://survey.iaa.org.il//index_Eng.html#/MapSurvey/2/site/711","",""
"נחל מכברם","Nahal Makbaram","","","Other","327","327","ראש פינה (18)","710","https://survey.iaa.org.il/#/MapSurvey/2/site/710","https://survey.iaa.org.il//index_Eng.html#/MapSurvey/2/site/710","",""
"נחל קבעת","Nahal Qaba'at","","","Other","327","327","ראש פינה (18)","453","https://survey.iaa.org.il/#/MapSurvey/2/site/453","https://survey.iaa.org.il//index_Eng.html#/MapSurvey/2/site/453","",""
"עין עקר","Ein Akar","","","Spring","327","327","","","","","",""
"קרית שמונה","Kiryat Shmona","","","Other","327","327","","","","","",""
"ראש פינה","Rosh Pinna","","","Other","327","327","ראש פינה (18)","437","https://survey.iaa.org.il/#/MapSurvey/2/site/437","https://survey.iaa.org.il//index_Eng.html#/MapSurvey/2/site/437","",""
"אמת המים הדרומית בתל חצור","The Southern Aqueduct at Tel Hazor","התעלה הדרומית","","Aqueduct","328","328","","","","","",""
"אמת מים בנויה מחוליות בתל חצור","Segmented Aqueduct at Tel Hazor","אמת מים בנוייה חוליות על פני תל חצור","","Aqueduct","328","328","","","","","",""
"אזור ספר המדבר","Desert Fringe Region","ספר המדבר","","Region","329","329","","","","","",""
"דרום הדום","Southern Foothills","","","Region","329","329","","","","","",""
"דרום ההר","Southern Mountain","","","Mountain","329","329","","","","","",""
"צפון גב ההר","Northern Mountain Ridge","","","Mountain","329","329","","","","","",""
"צפון ההר","Northern Mountain","","","Mountain","329","329","","","","","",""
"מפעל המים בתל חצור","Water System at Tel Hazor","מפעל המים","","Cistern System","330","330","","","","","",""
"מפעל המים של תל חצור","Tel Hazor Water System","מפעל המים","","Cistern System","331, 332","331","","","","","",""
"מפעל המים של תל יקנעם","Tel Yoqne'am Water System","מפעל המים","","Cistern System","333","333","","","","","",""
"מפעל המים של תל מגידו","Tel Megiddo Water System","מקור המים; הבאר; המנהרה; גרם המדרגות העליון; הפיר; הקיר החוסם; המנהרה המזרחית","Megiddo Water Source; Megiddo Well; Megiddo Tunnel; Megiddo Upper Staircase; Megiddo Shaft; Megiddo Blocking Wall; Megiddo Eastern Tunnel","Cistern System","333, 334, 335, 336, 337, 338, 339","333","","","","","",""
"מפעל המים של יבלעם","Ibleam Water System","מפעל המים","","Cistern System","339, 340","339","","","","","",""
"עין אל-בלד","Ein el-Beled Spring","","'ein el-beled spring","Spring","341","341","","","","","",""
"עין אל-ג'יבליה","Ein el-Gibliyeh Spring","","ein el-gibliyeh spring","Spring","341","341","","","","","",""
"חדר האיגום בגבעון","Gibeon's Cistern Room","","","Cistern System","342","342","","","","","",""
"מפעל המים הראשון בגבעון","Gibeon's First Water Installation","","","Cistern System","342","342","","","","","",""
"תעלת ההזנה בגבעון","Gibeon's Feeder Tunnel","","","Tunnel","342","342","","","","","",""
"הבריכה בגבעון","The Pool at Gibeon","מפעל המים השני 'הבריכה'","","Pool","343, 344","343","","","","","",""
"בירכת אל חמרה","Birkat al-Hamra","","","Pool","351","351","","","","","",""
"הבריכה של בליס","Bliss's Pool","","","Pool","351","351","","","","","",""
"שלוש הבריכות","The Three Pools","","","Pool","351","351","","","","","",""
"מנהרת הכותל","Western Wall Tunnel","","","Tunnel","357","357","","","","","",""
"מאגר המים של מגידו","Megiddo Water Reservoir","מאגר המים","The Water Reservoir","Reservoir","358","358","","","","","",""
"מאגר המים של בית שמש","Beth Shemesh Water Reservoir","מאגר המים; חבויה","The Water Reservoir; cistern; reservoir","Reservoir","359, 360","359","","","","","",""
"מפעל המים של גזר","Gezer Water System","מפעל המים המרכזי","The Central Water System","Water System","359","359","","","","","",""
"מאגר המים בבית שמש","Bet Shemesh Water Reservoir","מאגר המים","Water Reservoir","Cistern System","361, 362, 363, 364, 365","361","","","","","",""
"תעלת המים בבית שמש","Bet Shemesh Water Channel","תעלת המים","Water Channel","Aqueduct","362","362","","","","","",""
"מאגר המים בעיטם","Etam Water Reservoir","מאגר המים","Water Reservoir","Cistern System","366","366","","","","","",""
"מאגר המים בעמאן","Amman Water Reservoir","מאגר המים","Water Reservoir","Cistern System","367","367","","","","","",""
"מאגר המים בבאר שבע","Beer Sheba Water Reservoir","מאגר המים","Water Reservoir","Cistern System","368, 369","368","","","","","",""
"הבאר בערד","Arad Well","הבאר","The Well","Well","370","370","","","","","",""
"תעלת המים","Water Channel","התעלה","The Channel","Installation","371, 372","371","","","","","",""
"חומת המצודה","Citadel Wall","","","Installation","372","372","","","","","",""
"מאגר המים המזרחי","Eastern Water Reservoir","מאגר המים","The Water Reservoir","Installation","373","373","","","","","",""
"מצודת חורבת טוב","Citadel of Horvat Tov","המצודה","The Citadel","Fortress","374","374","","","","","",""
"המצודה האמצעית","Middle Citadel","","","Fortress","375","375","","","","","",""
"בורות המים","Cisterns","","LISTERNS","Cistern System","376, 378","376","","","","","",""
"בור מס' 40","Cistern No. 40","","","Cistern","377","377","","","","","",""
"בור 147","Cistern 147","","","Cistern","379","379","","","","","",""
"בור 148","Cistern 148","","","Cistern","379","379","","","","","",""
"בור 152","Cistern 152","","","Cistern","379","379","","","","","",""
"בור 163","Cistern 163","","","Cistern","379","379","","","","","",""
"בור 170","Cistern 170","","","Cistern","379","379","","","","","",""
"בור 171","Cistern 171","","","Cistern","379","379","","","","","",""
"בור 173","Cistern 173","","","Cistern","379","379","","","","","",""
"בור 183","Cistern 183","","","Cistern","379","379","","","","","",""
"בור 216","Cistern 216","","","Cistern","379","379","","","","","",""
"בור 220","Cistern 220","","","Cistern","379","379","","","","","",""
"בור 231","Cistern 231","","","Cistern","379","379","","","","","",""
"בור 276","Cistern 276","","","Cistern","379","379","","","","","",""
"בור 363","Cistern 363","","Ci 363","Cistern","379","379","","","","","",""
"ממגורה 275","Silo 275","","","Installation","379","379","","","","","",""
"ממגורה 281","Silo 281","","","Installation","379","379","","","","","",""
"בור המים מס' 21","Water Cistern No. 21","","","Cistern","380","380","","","","","",""
"הבור הקטן","The Small Cistern","","","Cistern","380","380","","","","","",""
"בור פתוח רדוד מס' 121 (נחל בוקר)","Open Shallow Cistern No. 121 (Nahal Boqer)","","","Cistern System","391","391","","","","","",""
"מישור הרוחות","Mishor HaRuhot","","","Region","391","391","מצפה רמון (201)","21900","https://survey.iaa.org.il/#/MapSurvey/2151/site/21900","https://survey.iaa.org.il//index_Eng.html#/MapSurvey/2151/site/21900","",""
"נחל אלה","Nahal Elah","","","Valley","391","391","מצפה רמון דרום־מערב (200)","11854","https://survey.iaa.org.il/#/MapSurvey/77/site/11854","https://survey.iaa.org.il//index_Eng.html#/MapSurvey/77/site/11854","",""
"נחל יתר","Nahal Yeter","","","Valley","391","391","מצפה רמון דרום־מערב (200)","12266","https://survey.iaa.org.il/#/MapSurvey/77/site/12266","https://survey.iaa.org.il//index_Eng.html#/MapSurvey/77/site/12266","",""
"הבריכה הגדולה (ג'ית)","The Great Pool (Jit)","","","Pool","394","394","","","","","",""
"אגם ארצ'ק","Lake Erçek","","","Region","395","395","","","","","",""
"אגם סוואן","Lake Sevan","","LAKE SEVAN","Region","395","395","","","","","",""
"אורפה","Urfa","","URFA","Settlement","395","395","","","","","",""
"אייאניס","Ayanis","","","Settlement","395","395","","","","","",""
"אקדמר","Akdamar","","","Settlement","395","395","","","","","",""
"אראק","Erak","","","Settlement","395","395","","","","","",""
"ארזורום","Erzurum","","ERZURUM","Settlement","395","395","","","","","",""
"באקו","Baku","","BAKU","Settlement","395","395","","","","","",""
"באתום","Batum","","BATUM","Settlement","395","395","","","","","",""
"הוסאפ","Hosap","","","Settlement","395","395","","","","","",""
"טביליסי","Tiflis","","TİFLİS","Settlement","395","395","","","","","",""
"טוספה","Tuspa","ואן קלה","Van Kalesi","Settlement","395","395","","","","","",""
"טרבזון","Trabzon","","TRABZON","Settlement","395","395","","","","","",""
"ירוואן","Yerevan","","YEREVAN","Settlement","395","395","","","","","",""
"נהר חידקל","Tigris River","","TIGRIS","Region","395, 401","395","","","","","",""
"נהר פרת","Euphrates River","","EUPHRATES","Region","395","395","","","","","",""
"סרדורחינילי","Sardurihinili","צ'בושטפה","Cavustepe","Settlement","395","395","","","","","",""
"רוסאחינילי","Rusahinili","טופראק קלה","Toprakkale","Settlement","395","395","","","","","",""
"הארמון הצפון מערבי (נמרוד)","North-West Palace (Nimrud)","","North-West Palace","Other","396","396","","","","","",""
"אימגור אנליל","Imgur-Enlil","בלוואט","IMGUR ELLIL; IMGUR ENLIL; Balawat","Settlement","397, 398","397","","","","","",""
"חזור","Hazur","","HAZUR","Settlement","397","397","דן (8)","24050","https://survey.iaa.org.il/#/MapSurvey/2177/site/24050","https://survey.iaa.org.il//index_Eng.html#/MapSurvey/2177/site/24050","",""
"כלחו","Kalhu","Nimrud B","KALHU; Nimrud B","Settlement","397, 398","397","","","","","",""
"תרביצו","Tarbisu","","TARBISU","Settlement","397","397","","","","","",""
"אמת המים לנמרוד","Aqueduct to Nimrud","","","Aqueduct","398","398","","","","","",""
"חידר בסאטליה","Khidhr Basatliyah","","","Settlement","398","398","","","","","",""
"נהר זאב הגדול","Greater Zab River","","Greater Zab R.","Region","398","398","","","","","",""
"תל אבו שיטה","Tell Abu Sheetha","","","Tell","398","398","","","","","",""
"תל כשף","Tell Keshaf","","","Tell","398","398","","","","","",""
"תל עקוב","Tell Aqub","","","Tell","398","398","","","","","",""
"תעלת נמרוד","Nimrud Canal","","NIMRUD CANAL","Aqueduct","400","400","","","","","",""
"אטרוש","Atrush","","ATRUSH","Settlement","401","401","","","","","",""
"באוויאן","Bavian","","BAVIAN","Installation","401","401","","","","","",""
"ג'בל באשיקה","Jebel Bashiqa","","JEBEK BASHIQAH","Mountain","401","401","","","","","",""
"חורסאבאד","Khorsabad","","","Settlement","401","401","","","","","",""
"טרביצו","Tarbisu","","TARBIṢU","Settlement","401","401","","","","","",""
"קיסירי","Kisiri","","KİSİRİ","Settlement","401","401","","","","","",""
"תעלות אשוריות","Assyrian Canals","","","Aqueduct","401","401","","","","","",""
"הים האגאי","Aegean Sea","","Agäisches Meer; Ägäisches Meer","Sea","404","404","","","","","",""
"עיאדס","Ajades","","","Comparative Site","404","404","","","","","",""
"פיתגוריון","Pythagoreion","","","Comparative Site","404","404","","","","","",""
"מצבת מישע","Mesha Stele","","","Other","406","406","","","","","",""
"ח' בתר","Kh. Batar","","","Settlement","409","409","","","","","",""
"כנרת","Kinneret","כורת","Sea of Galilee","Region","409, 411, 413, 415","409","","","","","",""
"עתלית","Atlit","","","Settlement","409","409","עתלית (26)","8586","https://survey.iaa.org.il/#/MapSurvey/57/site/8586","https://survey.iaa.org.il//index_Eng.html#/MapSurvey/57/site/8586","",""
"אוס","Os","","","Settlement","411","411","","","","","",""
"אל-ביארה","El-Biyara","","","Settlement","411","411","","","","","",""
"אנו טווין","Anu Tuwein","","","Settlement","411","411","","","","","",""
"בקעת יזרעאל","Jezreel Valley","יזרעאל","","Valley","411","411","עפולה (33)","22511","https://survey.iaa.org.il/#/MapSurvey/2155/site/22511","https://survey.iaa.org.il//index_Eng.html#/MapSurvey/2155/site/22511","",""
"סיקיעה","Siqiyeh","","","Settlement","411","411","","","","","",""
"סנצבה","Sanatsba","","","Settlement","411","411","","","","","",""
"ראס א-זית","Ra's ez-Zeit","ראש זית","","Settlement","411","411","","","","","",""
"רדום ס","Radum S.","","","Settlement","411","411","","","","","",""
"ח' זירקון","Khirbet Zirqon","זירקון","Zirqon","Settlement","413, 415","413","","","","","",""
"ח' טוב","Khirbet Tov","","","Settlement","413","413","","","","","31.32771","35.14949"
"תל נצבה","Tel Nasbeh","","","Tell","426","426","","","","","",""
"עפק","Afek","","'Afeq","Settlement","433","433","","","","","",""
"אגמי סיחה","Sikha Lakes","","","Installation","437","437","","","","","",""
"אגמי רוסה","Rusa Lakes","","","Installation","437","437","","","","","",""
"אולכו","Ulkhu","","","Comparative Site","437","437","","","","","",""
"ארמון נמרוד","Nimrud Palace","","","Comparative Site","437","437","","","","","",""
"האימפריה האשורית","Assyrian Empire","","","Region","437","437","","","","","",""
"הנגב הגבוה","High Negev","","","Region","437, 442","437","","","","","",""
"טופרק קאלה","Toprak Kale","","","Comparative Site","437","437","","","","","",""
"מנהרת אופלינוס בסאמוס","Eupalinos Tunnel at Samos","","","Tunnel","437","437","","","","","",""
"מנהרת נגב","Neguv Tunnel","","","Tunnel","437","437","","","","","",""
"עיר מידאס","Midas City","","","Comparative Site","437","437","","","","","39.20140","30.71330"
"קנאווט","Qanawat","","The Qanawat; The Foggaras","Installation","437","437","","","","","",""
"חורבת אבו א-תוין","Khirbet Abu et-Twein","","","Settlement","438","438","","","","","31.64920","35.10580"
"חורבת אל-חוח (עיטם)","Khirbet el-Hoh (Eitam)","","","Settlement","438","438","","","","","",""
"חורבת אל-קאיק (גובה בית שמש)","Khirbet el-Kaik (Bet Shemesh Height)","","","Settlement","438","438","","","","","",""
"חורבת בנאת בר","Khirbet Banat Bar","","","Settlement","438","438","","","","","",""
"מדבר יהודה - הבקעה","Judaean Desert - The Buqei'ah","","","Region","438","438","","","","","",""
"הרי בנימין","Hill Country of Benjamin","","","Region","439, 440","439","","","","","",""
"ארץ גרו","Garu Land","","","Region","440","440","","","","","",""
"בוסרה (סוריה)","Busra (Syria)","","","Comparative Site","440","440","","","","","",""
"ג'אווה (ירדן)","Jawa (Jordan)","","","Comparative Site","440","440","","","","","",""
"הרי מנשה","Manasseh Hill Country","","","Mountain","440","440","","","","","",""
"מזר","Mezer","","","Settlement","440","440","","","","","32.47469","35.03584"
"ביד'ה","Biedha","","","Comparative Site","441","441","","","","","",""
"ח'רבת א-זרקון","Khirbet ez-Zeraqun","","","Comparative Site","441","441","","","","","",""
"חג'ילר","Hagillar","","","Comparative Site","441","441","","","","","",""
"חורבת בטר","Horvat Batar","","","Settlement","441","441","","","","","",""
"חרבת גראסור","Hirbet Garasur","","","Comparative Site","441","441","","","","","",""
"תפה גאורה","Tepe Gawra","","","Comparative Site","441","441","","","","","36.55670","43.20830"