{
  "type": "FeatureCollection",
  "features": [
    {
      "type": "Feature",
      "geometry": {
        "type": "Point",
        "coordinates": [
          34.9315,
          32.71089
        ]
      },
      "properties": {
        "location name": "Atlit-Yam",
        "location_name_he": "עתלית ים",
        "latitude": 32.71089,
        "longitude": 34.9315,
        "start year": -20000,
        "end time": -10000,
        "title": "Deep_Well",
        "description": "An ancient well, dated to the early 6th millennium BCE (5900 BCE), found submerged 10m below current sea level. It was a cylindrical shaft 1.5m in diameter and 5.7m deep, dug through clay and into kurkar. A second well was found 100m north, dug into clay and lined with stone. | Hebrew: עתלית ים | Region: Coastal Plain | Precision: Tier 1: High Precision (Pinpoint Well/Installation < 50m) | Era: 01. Paleolithic & Epi-Paleolithic (-20000 to -10000 BCE) | Section: 2.2.1 | Pages: 43, 44",
        "era": "Paleolithic_Epipaleolithic",
        "region": "Coastal Plain",
        "location_precision": "Tier 1: High Precision (Pinpoint Well/Installation < 50m)",
        "section_ref": "2.2.1",
        "source_pages": [
          "43",
          "44"
        ]
      }
    },
    {
      "type": "Feature",
      "geometry": {
        "type": "Point",
        "coordinates": [
          38.95,
          36.25
        ]
      },
      "properties": {
        "location name": "Khirbet Jarassur",
        "location_name_he": "ח'רבת ג'אראסור",
        "latitude": 36.25,
        "longitude": 38.95,
        "start year": -20000,
        "end time": -10000,
        "title": "Deep_Well",
        "description": "A well found at a Halafian culture site (5200 BCE), considered by Campbell to be the oldest well in the world. Most of its upper part was destroyed during the excavation of an irrigation channel. | Hebrew: ח'רבת ג'אראסור | Region: Syria | Precision: Tier 4: International Comparative Site (< 100m - 1km) | Era: 01. Paleolithic & Epi-Paleolithic (-20000 to -10000 BCE) | Section: 2.2.2 | Pages: 44",
        "era": "Paleolithic_Epipaleolithic",
        "region": "Syria",
        "location_precision": "Tier 4: International Comparative Site (< 100m - 1km)",
        "section_ref": "2.2.2",
        "source_pages": [
          "44"
        ]
      }
    },
    {
      "type": "Feature",
      "geometry": {
        "type": "Point",
        "coordinates": [
          36.833,
          31.883
        ]
      },
      "properties": {
        "location name": "Ain Ghazal / Ibn el-Ghazzi",
        "location_name_he": "עין ע'זאל / אבן אל-ע'אזי",
        "latitude": 31.883,
        "longitude": 36.833,
        "start year": -8300,
        "end time": -5500,
        "title": "Water_Reservoir",
        "description": "A complex water system including artificial channels (two long, two short) leading to 'wells' (interpreted as reservoirs/basins) in a shallow depression. This system was designed to collect and store runoff water from a catchment area of about 29 dunams, potentially holding up to 13,900 cubic meters. A settlement located on the eastern outskirts of Amman, Jordan, near a spring. | Hebrew: עין ע'זאל / אבן אל-ע'אזי | Region: Jordan | Precision: Tier 4: International Comparative Site (< 100m - 1km) | Era: 02. Pre-Pottery Neolithic (PPN) (-8300 to -5500 BCE) | Section: 2.2.3, 2.2 | Pages: 45, 46, 48",
        "era": "Pre_Pottery_Neolithic",
        "region": "Jordan",
        "location_precision": "Tier 4: International Comparative Site (< 100m - 1km)",
        "section_ref": "2.2.3, 2.2",
        "source_pages": [
          "45",
          "46",
          "48"
        ]
      }
    },
    {
      "type": "Feature",
      "geometry": {
        "type": "Point",
        "coordinates": [
          34.9315,
          32.71089
        ]
      },
      "properties": {
        "location name": "Atlit-Yam",
        "location_name_he": "עתלית ים",
        "latitude": 32.71089,
        "longitude": 34.9315,
        "start year": -8300,
        "end time": -5500,
        "title": "Deep_Well",
        "description": "A well, approximately 6 meters deep, demonstrating advanced hydrological and engineering knowledge, construction capabilities, and quarrying skills of the inhabitants. Another well at the site was only partially excavated. | Hebrew: עתלית ים | Region: Coastal Plain | Precision: Tier 1: High Precision (Pinpoint Well/Installation < 50m) | Era: 02. Pre-Pottery Neolithic (PPN) (-8300 to -5500 BCE) | Section: 2.2 | Pages: 45, 48",
        "era": "Pre_Pottery_Neolithic",
        "region": "Coastal Plain",
        "location_precision": "Tier 1: High Precision (Pinpoint Well/Installation < 50m)",
        "section_ref": "2.2",
        "source_pages": [
          "45",
          "48"
        ]
      }
    },
    {
      "type": "Feature",
      "geometry": {
        "type": "Point",
        "coordinates": [
          35.467,
          30.4
        ]
      },
      "properties": {
        "location name": "Beidha",
        "location_name_he": "ביידא",
        "latitude": 30.4,
        "longitude": 35.467,
        "start year": -8300,
        "end time": -5500,
        "title": "Spring_Cave_Capture",
        "description": "A settlement where travertine deposits near Bir Abu Rujha and along a sandstone cliff indicate the presence of a now-dry spring that supplied water. The site's location in a valley allowed for rainwater collection and channeling to create moist soil conditions, and water cisterns might also have been used. | Hebrew: ביידא | Region: Jordan | Precision: Tier 4: International Comparative Site (< 100m - 1km) | Era: 02. Pre-Pottery Neolithic (PPN) (-8300 to -5500 BCE) | Section: 2.2.6 | Pages: 47, 48",
        "era": "Pre_Pottery_Neolithic",
        "region": "Jordan",
        "location_precision": "Tier 4: International Comparative Site (< 100m - 1km)",
        "section_ref": "2.2.6",
        "source_pages": [
          "47",
          "48"
        ]
      }
    },
    {
      "type": "Feature",
      "geometry": {
        "type": "Point",
        "coordinates": [
          35.61037,
          33.08605
        ]
      },
      "properties": {
        "location name": "Beisamoun",
        "location_name_he": "בייסמון",
        "latitude": 33.08605,
        "longitude": 35.61037,
        "start year": -8300,
        "end time": -5500,
        "title": "Spring_Cave_Capture",
        "description": "A settlement established in clear proximity to the stable and abundant Einan springs, which remain significant water sources today. | Hebrew: בייסמון | Region: Upper Galilee | Precision: Tier 1: High Precision (Pinpoint Well/Installation < 50m) | Era: 02. Pre-Pottery Neolithic (PPN) (-8300 to -5500 BCE) | Section: 2.2 | Pages: 46",
        "era": "Pre_Pottery_Neolithic",
        "region": "Upper Galilee",
        "location_precision": "Tier 1: High Precision (Pinpoint Well/Installation < 50m)",
        "section_ref": "2.2",
        "source_pages": [
          "46"
        ]
      }
    },
    {
      "type": "Feature",
      "geometry": {
        "type": "Point",
        "coordinates": [
          35.45701,
          31.89579
        ]
      },
      "properties": {
        "location name": "Gilgal I",
        "location_name_he": "גלגל 1",
        "latitude": 31.89579,
        "longitude": 35.45701,
        "start year": -8300,
        "end time": -5500,
        "title": "Spring_Cave_Capture",
        "description": "A prehistoric settlement where travertine deposits up to 3 meters thick indicate the presence of an ancient spring, now dry, which served as the water source for the community. | Hebrew: גלגל 1 | Region: Jordan Valley | Precision: Tier 1: High Precision (Pinpoint Well/Installation < 50m) | Era: 02. Pre-Pottery Neolithic (PPN) (-8300 to -5500 BCE) | Section: 2.2 | Pages: 46, 47",
        "era": "Pre_Pottery_Neolithic",
        "region": "Jordan Valley",
        "location_precision": "Tier 1: High Precision (Pinpoint Well/Installation < 50m)",
        "section_ref": "2.2",
        "source_pages": [
          "46",
          "47"
        ]
      }
    },
    {
      "type": "Feature",
      "geometry": {
        "type": "Point",
        "coordinates": [
          35.4442,
          31.8706
        ]
      },
      "properties": {
        "location name": "Jericho",
        "location_name_he": "יריחו",
        "latitude": 31.8706,
        "longitude": 35.4442,
        "start year": -8300,
        "end time": -5500,
        "title": "Spring_Cave_Capture",
        "description": "A settlement from the Pre-Pottery Neolithic A period, located near the Elisha Spring in the Jordan Valley. | Hebrew: יריחו | Region: Jordan Valley | Precision: Tier 1: High Precision (Pinpoint Well/Installation < 50m) | Era: 02. Pre-Pottery Neolithic (PPN) (-8300 to -5500 BCE) | Section: 2.2 | Pages: 46",
        "era": "Pre_Pottery_Neolithic",
        "region": "Jordan Valley",
        "location_precision": "Tier 1: High Precision (Pinpoint Well/Installation < 50m)",
        "section_ref": "2.2",
        "source_pages": [
          "46"
        ]
      }
    },
    {
      "type": "Feature",
      "geometry": {
        "type": "Point",
        "coordinates": [
          38.95,
          36.25
        ]
      },
      "properties": {
        "location name": "Khirbet Jarassur",
        "location_name_he": "ח'רבת ג'אראסור",
        "latitude": 36.25,
        "longitude": 38.95,
        "start year": -8300,
        "end time": -5500,
        "title": "Deep_Well",
        "description": "A well, briefly reported from Northern Iraq, without detailed information, dimensions, or drawings. It was considered the oldest well in the world by some researchers before the discovery at Atlit-Yam. | Hebrew: ח'רבת ג'אראסור | Region: Mesopotamia | Precision: Tier 4: International Comparative Site (< 100m - 1km) | Era: 02. Pre-Pottery Neolithic (PPN) (-8300 to -5500 BCE) | Section: 2.2 | Pages: 45",
        "era": "Pre_Pottery_Neolithic",
        "region": "Mesopotamia",
        "location_precision": "Tier 4: International Comparative Site (< 100m - 1km)",
        "section_ref": "2.2",
        "source_pages": [
          "45"
        ]
      }
    },
    {
      "type": "Feature",
      "geometry": {
        "type": "Point",
        "coordinates": [
          35.44661,
          31.96793
        ]
      },
      "properties": {
        "location name": "Netiv HaGdud",
        "location_name_he": "נתיב הגדוד",
        "latitude": 31.96793,
        "longitude": 35.44661,
        "start year": -8300,
        "end time": -5500,
        "title": "Water_Reservoir",
        "description": "A settlement established near a freshwater lake (Lake Salibiya), which formed as the Lisan Lake receded, indicating a wetter climate than today. | Hebrew: נתיב הגדוד | Region: Jordan Valley | Precision: Tier 1: High Precision (Pinpoint Well/Installation < 50m) | Era: 02. Pre-Pottery Neolithic (PPN) (-8300 to -5500 BCE) | Section: 2.2.5 | Pages: 47, 48",
        "era": "Pre_Pottery_Neolithic",
        "region": "Jordan Valley",
        "location_precision": "Tier 1: High Precision (Pinpoint Well/Installation < 50m)",
        "section_ref": "2.2.5",
        "source_pages": [
          "47",
          "48"
        ]
      }
    },
    {
      "type": "Feature",
      "geometry": {
        "type": "Point",
        "coordinates": [
          35.22763,
          32.75491
        ]
      },
      "properties": {
        "location name": "Yiftah'el",
        "location_name_he": "יפתחאל",
        "latitude": 32.75491,
        "longitude": 35.22763,
        "start year": -8300,
        "end time": -5500,
        "title": "Spring_Cave_Capture",
        "description": "A settlement located near the Ein Yiftah'el spring in the Lower Galilee. | Hebrew: יפתחאל | Region: Lower Galilee | Precision: Tier 1: High Precision (Pinpoint Well/Installation < 50m) | Era: 02. Pre-Pottery Neolithic (PPN) (-8300 to -5500 BCE) | Section: 2.2 | Pages: 46",
        "era": "Pre_Pottery_Neolithic",
        "region": "Lower Galilee",
        "location_precision": "Tier 1: High Precision (Pinpoint Well/Installation < 50m)",
        "section_ref": "2.2",
        "source_pages": [
          "46"
        ]
      }
    },
    {
      "type": "Feature",
      "geometry": {
        "type": "Point",
        "coordinates": [
          30.15,
          37.6
        ]
      },
      "properties": {
        "location name": "Hacilar",
        "location_name_he": "הצ'ילר (תורכיה)",
        "latitude": 37.6,
        "longitude": 30.15,
        "start year": -5500,
        "end time": -4500,
        "title": "Deep_Well",
        "description": "Two wells were found. One from layer VI (5750-5600 BCE) is a circular, stone-lined well, 3.2m deep, with a diameter of 1.5m at the top, narrowing to 1.25m at the bottom. The second from layer II (5400-5250 BCE) is a rectangular, stone-lined well located in a courtyard within a fortress. Both had evidence of water drawing mechanisms. | Hebrew: הצ'ילר (תורכיה) | Region: Turkey | Precision: Tier 4: International Comparative Site (< 100m - 1km) | Era: 03. Pottery Neolithic (PN) (-5500 to -4500 BCE) | Section: 2.3.2 | Pages: 50",
        "era": "Pottery_Neolithic",
        "region": "Turkey",
        "location_precision": "Tier 4: International Comparative Site (< 100m - 1km)",
        "section_ref": "2.3.2",
        "source_pages": [
          "50"
        ]
      }
    },
    {
      "type": "Feature",
      "geometry": {
        "type": "Point",
        "coordinates": [
          34.95513,
          32.76955
        ]
      },
      "properties": {
        "location name": "Kfar Galim North",
        "location_name_he": "כפר גלים צפון",
        "latitude": 32.76955,
        "longitude": 34.95513,
        "start year": -5500,
        "end time": -4500,
        "title": "Deep_Well",
        "description": "Five circular pits were found, one of which was excavated to 0.7m depth, dug into hard clay and lined with kurkar and limestone. It had an outer diameter of 1.5m and an inner diameter of 0.8-0.9m, identified as a well. | Hebrew: כפר גלים צפון | Region: Coastal Plain | Precision: Tier 1: High Precision (Pinpoint Well/Installation < 50m) | Era: 03. Pottery Neolithic (PN) (-5500 to -4500 BCE) | Section: 2.3.1.ב | Pages: 49",
        "era": "Pottery_Neolithic",
        "region": "Coastal Plain",
        "location_precision": "Tier 1: High Precision (Pinpoint Well/Installation < 50m)",
        "section_ref": "2.3.1.ב",
        "source_pages": [
          "49"
        ]
      }
    },
    {
      "type": "Feature",
      "geometry": {
        "type": "Point",
        "coordinates": [
          34.9572,
          32.7921
        ]
      },
      "properties": {
        "location name": "Kfar Samir",
        "location_name_he": "כפר סמיר",
        "latitude": 32.7921,
        "longitude": 34.9572,
        "start year": -5500,
        "end time": -4500,
        "title": "Deep_Well",
        "description": "A rectangular pit (1x0.8m) dug to 2m depth, constructed with alternating layers of stone and oak wood, widening at the bottom. It is identified as a well, unique in its construction method, and possibly used for capturing fresh water springs. | Hebrew: כפר סמיר | Region: Coastal Plain | Precision: Tier 1: High Precision (Pinpoint Well/Installation < 50m) | Era: 03. Pottery Neolithic (PN) (-5500 to -4500 BCE) | Section: 2.3.1.א | Pages: 49, 51",
        "era": "Pottery_Neolithic",
        "region": "Coastal Plain",
        "location_precision": "Tier 1: High Precision (Pinpoint Well/Installation < 50m)",
        "section_ref": "2.3.1.א",
        "source_pages": [
          "49",
          "51"
        ]
      }
    },
    {
      "type": "Feature",
      "geometry": {
        "type": "Point",
        "coordinates": [
          34.9515,
          32.72627
        ]
      },
      "properties": {
        "location name": "Megadim",
        "location_name_he": "מגדים",
        "latitude": 32.72627,
        "longitude": 34.9515,
        "start year": -5500,
        "end time": -4500,
        "title": "Deep_Well",
        "description": "Three pits were found, one of which was partially excavated to 0.4m depth. These pits are considered potential wells or water collection points, possibly for capturing fresh water springs. | Hebrew: מגדים | Region: Coastal Plain | Precision: Tier 1: High Precision (Pinpoint Well/Installation < 50m) | Era: 03. Pottery Neolithic (PN) (-5500 to -4500 BCE) | Section: 2.3.1.ג | Pages: 49",
        "era": "Pottery_Neolithic",
        "region": "Coastal Plain",
        "location_precision": "Tier 1: High Precision (Pinpoint Well/Installation < 50m)",
        "section_ref": "2.3.1.ג",
        "source_pages": [
          "49"
        ]
      }
    },
    {
      "type": "Feature",
      "geometry": {
        "type": "Point",
        "coordinates": [
          43.2083,
          36.5567
        ]
      },
      "properties": {
        "location name": "Tepe Gawra",
        "location_name_he": "טפה גאורה",
        "latitude": 36.5567,
        "longitude": 43.2083,
        "start year": -5500,
        "end time": -4500,
        "title": "Deep_Well",
        "description": "A bottle-shaped well, 5m deep, dug into virgin soil at the base of the tel, dating to the Halafian culture (6th millennium BCE). It had an oval opening (1.5x1.2m) and a maximum diameter of 3.1m in the middle, with pottery showing signs of prolonged water exposure. | Hebrew: טפה גאורה | Region: Iraq | Precision: Tier 4: International Comparative Site (< 100m - 1km) | Era: 03. Pottery Neolithic (PN) (-5500 to -4500 BCE) | Section: 2.3.3 | Pages: 50",
        "era": "Pottery_Neolithic",
        "region": "Iraq",
        "location_precision": "Tier 4: International Comparative Site (< 100m - 1km)",
        "section_ref": "2.3.3",
        "source_pages": [
          "50"
        ]
      }
    },
    {
      "type": "Feature",
      "geometry": {
        "type": "Point",
        "coordinates": [
          34.85371,
          31.39985
        ]
      },
      "properties": {
        "location name": "Abu Huf",
        "location_name_he": "אבו חוף",
        "latitude": 31.39985,
        "longitude": 34.85371,
        "start year": -4500,
        "end time": -3300,
        "title": "Deep_Well",
        "description": "A round well, 1.5-1.55m in inner diameter and 2.45m deep, constructed of dry-laid fieldstones. It was dug into gravel alluvium next to a wadi channel and was associated with a building and courtyard. | Hebrew: אבו חוף | Region: Shephelah | Precision: Tier 1: High Precision (Pinpoint Well/Installation < 50m) | Era: 04. Chalcolithic Period (-4500 to -3300 BCE) | Section: 2.4.1 | Pages: 52, 54",
        "era": "Chalcolithic",
        "region": "Shephelah",
        "location_precision": "Tier 1: High Precision (Pinpoint Well/Installation < 50m)",
        "section_ref": "2.4.1",
        "source_pages": [
          "52",
          "54"
        ]
      }
    },
    {
      "type": "Feature",
      "geometry": {
        "type": "Point",
        "coordinates": [
          35.39268,
          31.46297
        ]
      },
      "properties": {
        "location name": "Ein Gedi",
        "location_name_he": "עין גדי",
        "latitude": 31.46297,
        "longitude": 35.39268,
        "start year": -4500,
        "end time": -3300,
        "title": "Spring_Cave_Capture",
        "description": "A Chalcolithic temple complex demonstrating a strong connection to the natural springs in its vicinity. The proximity to these springs suggests their cultic significance and use during this period. | Hebrew: עין גדי | Region: Judean Hills | Precision: Tier 1: High Precision (Pinpoint Well/Installation < 50m) | Era: 04. Chalcolithic Period (-4500 to -3300 BCE) | Section: 2.4 Summary | Pages: 54",
        "era": "Chalcolithic",
        "region": "Judean Hills",
        "location_precision": "Tier 1: High Precision (Pinpoint Well/Installation < 50m)",
        "section_ref": "2.4 Summary",
        "source_pages": [
          "54"
        ]
      }
    },
    {
      "type": "Feature",
      "geometry": {
        "type": "Point",
        "coordinates": [
          34.77868,
          31.23844
        ]
      },
      "properties": {
        "location name": "Horbat Beter",
        "location_name_he": "חורבת בתר",
        "latitude": 31.23844,
        "longitude": 34.77868,
        "start year": -4500,
        "end time": -3300,
        "title": "Deep_Well",
        "description": "A cylindrical well, 2m in diameter and 3m deep, excavated into loess soil down to the ancient streambed of Nahal Beersheba. Two steps were cut into its upper walls, and it was intentionally filled at a later stage. | Hebrew: חורבת בתר | Region: Negev | Precision: Tier 1: High Precision (Pinpoint Well/Installation < 50m) | Era: 04. Chalcolithic Period (-4500 to -3300 BCE) | Section: 2.4.2 | Pages: 52, 54",
        "era": "Chalcolithic",
        "region": "Negev",
        "location_precision": "Tier 1: High Precision (Pinpoint Well/Installation < 50m)",
        "section_ref": "2.4.2",
        "source_pages": [
          "52",
          "54"
        ]
      }
    },
    {
      "type": "Feature",
      "geometry": {
        "type": "Point",
        "coordinates": [
          39.904,
          29.809
        ]
      },
      "properties": {
        "location name": "Rajajil",
        "location_name_he": "ראג'אג'יל (ערב הסעודית)",
        "latitude": 29.809,
        "longitude": 39.904,
        "start year": -4500,
        "end time": -3300,
        "title": "Deep_Well",
        "description": "An abandoned well, located about 1 km west of the megalithic complex, characterized by small stones, troughs, and rope marks. Its Chalcolithic dating is suggested but not definitively confirmed without excavation. | Hebrew: ראג'אג'יל (ערב הסעודית) | Region: Saudi Arabia | Precision: Tier 4: International Comparative Site (< 100m - 1km) | Era: 04. Chalcolithic Period (-4500 to -3300 BCE) | Section: 2.4.4 | Pages: 53, 54",
        "era": "Chalcolithic",
        "region": "Saudi Arabia",
        "location_precision": "Tier 4: International Comparative Site (< 100m - 1km)",
        "section_ref": "2.4.4",
        "source_pages": [
          "53",
          "54"
        ]
      }
    },
    {
      "type": "Feature",
      "geometry": {
        "type": "Point",
        "coordinates": [
          43.2083,
          36.5567
        ]
      },
      "properties": {
        "location name": "Tepe Gawra",
        "location_name_he": "טפה גאורה",
        "latitude": 36.5567,
        "longitude": 43.2083,
        "start year": -4500,
        "end time": -3300,
        "title": "Deep_Well",
        "description": "An Ubaid period well, 1.15m in diameter at its rim, excavated to a depth of 12-13m. It was found a few centimeters below the holy of holies floor of the northern temple of Layer XIII, and its water was used by the city's acropolis. | Hebrew: טפה גאורה | Region: Mesopotamia | Precision: Tier 4: International Comparative Site (< 100m - 1km) | Era: 04. Chalcolithic Period (-4500 to -3300 BCE) | Section: 2.4.3 | Pages: 53, 54",
        "era": "Chalcolithic",
        "region": "Mesopotamia",
        "location_precision": "Tier 4: International Comparative Site (< 100m - 1km)",
        "section_ref": "2.4.3",
        "source_pages": [
          "53",
          "54"
        ]
      }
    },
    {
      "type": "Feature",
      "geometry": {
        "type": "Point",
        "coordinates": [
          35.2611,
          31.9167
        ]
      },
      "properties": {
        "location name": "Ai (et-Tell)",
        "location_name_he": "העי (א-תל)",
        "latitude": 31.9167,
        "longitude": 35.2611,
        "start year": -3300,
        "end time": -2200,
        "title": "Water_Reservoir",
        "description": "A large open-air reservoir in Area K, exceeding 1800 cubic meters in volume, 25m wide, and 2.5m deep. It was designed to collect runoff water from the upper city via channels, featuring a stone floor on clay and a thick dam wall, dating to EB 1-3. The only known instance of plaster from this period is from a water pool at Ai, where impermeable clayey soil was used as a hydraulic material to line the reservoir. | Hebrew: העי (א-תל) | Region: Judean Hills | Precision: Tier 1: High Precision (Pinpoint Well/Installation < 50m) | Era: 05. Early Bronze Age (EB) (-3300 to -2200 BCE) | Section: 2.5.10, 2.5 | Pages: 59, 71",
        "era": "Early_Bronze",
        "region": "Judean Hills",
        "location_precision": "Tier 1: High Precision (Pinpoint Well/Installation < 50m)",
        "section_ref": "2.5.10, 2.5",
        "source_pages": [
          "59",
          "71"
        ]
      }
    },
    {
      "type": "Feature",
      "geometry": {
        "type": "Point",
        "coordinates": [
          34.9352,
          31.9795
        ]
      },
      "properties": {
        "location name": "Barqa",
        "location_name_he": "ברקת",
        "latitude": 31.9795,
        "longitude": 34.9352,
        "start year": -3300,
        "end time": -2200,
        "title": "Deep_Well",
        "description": "The site shows evidence of rainwater storage in soft chalk bedrock, indicating the use of rock-cut cisterns during the Early Bronze Age. | Hebrew: ברקת | Region: Shephelah | Precision: Tier 3: Approximate Village / Spring Area (< 500m) | Era: 05. Early Bronze Age (EB) (-3300 to -2200 BCE) | Section: 2.5 | Pages: 68",
        "era": "Early_Bronze",
        "region": "Shephelah",
        "location_precision": "Tier 3: Approximate Village / Spring Area (< 500m)",
        "section_ref": "2.5",
        "source_pages": [
          "68"
        ]
      }
    },
    {
      "type": "Feature",
      "geometry": {
        "type": "Point",
        "coordinates": [
          34.4695,
          30.5512
        ]
      },
      "properties": {
        "location name": "Ein Qadis",
        "location_name_he": "עין קדיס",
        "latitude": 30.5512,
        "longitude": 34.4695,
        "start year": -3300,
        "end time": -2200,
        "title": "Spring_Cave_Capture",
        "description": "A permanent spring in the Western Negev Highlands, serving as a crucial water source around which Early Bronze Age settlements were concentrated. | Hebrew: עין קדיס | Region: Negev | Precision: Tier 3: Approximate Village / Spring Area (< 500m) | Era: 05. Early Bronze Age (EB) (-3300 to -2200 BCE) | Section: 2.5.9 | Pages: 59",
        "era": "Early_Bronze",
        "region": "Negev",
        "location_precision": "Tier 3: Approximate Village / Spring Area (< 500m)",
        "section_ref": "2.5.9",
        "source_pages": [
          "59"
        ]
      }
    },
    {
      "type": "Feature",
      "geometry": {
        "type": "Point",
        "coordinates": [
          37.0068,
          32.3364
        ]
      },
      "properties": {
        "location name": "Jawa",
        "location_name_he": "ג'ווה",
        "latitude": 32.3364,
        "longitude": 37.0068,
        "start year": -3300,
        "end time": -2200,
        "title": "Water_Reservoir",
        "description": "Three water collection systems and two modified natural pools (P3, P4) with a total capacity of 1800 cubic meters. The system involved diverting water from Wadi Rajil with a diversion dam and channels to fill the pools, dated to the Early Bronze Age. | Hebrew: ג'ווה | Region: Jordan | Precision: Tier 4: International Comparative Site (< 100m - 1km) | Era: 05. Early Bronze Age (EB) (-3300 to -2200 BCE) | Section: 2.5.12 | Pages: 65, 66",
        "era": "Early_Bronze",
        "region": "Jordan",
        "location_precision": "Tier 4: International Comparative Site (< 100m - 1km)",
        "section_ref": "2.5.12",
        "source_pages": [
          "65",
          "66"
        ]
      }
    },
    {
      "type": "Feature",
      "geometry": {
        "type": "Point",
        "coordinates": [
          34.4235,
          30.6558
        ]
      },
      "properties": {
        "location name": "Kadesh Barnea (Ein el-Gudeirat)",
        "location_name_he": "קדש ברנע (עין אל-קודייראת)",
        "latitude": 30.6558,
        "longitude": 34.4235,
        "start year": -3300,
        "end time": -2200,
        "title": "Spring_Cave_Capture",
        "description": "A permanent spring in the Western Negev Highlands, serving as a crucial water source around which Early Bronze Age settlements were concentrated. | Hebrew: קדש ברנע (עין אל-קודייראת) | Region: Negev | Precision: Tier 1: High Precision (Pinpoint Well/Installation < 50m) | Era: 05. Early Bronze Age (EB) (-3300 to -2200 BCE) | Section: 2.5.9 | Pages: 59",
        "era": "Early_Bronze",
        "region": "Negev",
        "location_precision": "Tier 1: High Precision (Pinpoint Well/Installation < 50m)",
        "section_ref": "2.5.9",
        "source_pages": [
          "59"
        ]
      }
    },
    {
      "type": "Feature",
      "geometry": {
        "type": "Point",
        "coordinates": [
          35.9864,
          32.5975
        ]
      },
      "properties": {
        "location name": "Khirbet Zeiraqoun",
        "location_name_he": "חירבת זירקון",
        "latitude": 32.5975,
        "longitude": 35.9864,
        "start year": -3300,
        "end time": -2200,
        "title": "Water_Tunnel_Shaft",
        "description": "Three stepped shafts were excavated, leading to a groundwater level approximately 60m deep. One shaft is 100m long, reaching the bottom of Wadi Shallala. Horizontal tunnels and connecting stepped tunnels were proposed to bring water into the city, dated to EB 2-3. | Hebrew: חירבת זירקון | Region: Jordan | Precision: Tier 4: International Comparative Site (< 100m - 1km) | Era: 05. Early Bronze Age (EB) (-3300 to -2200 BCE) | Section: 2.5.3 | Pages: 56, 57",
        "era": "Early_Bronze",
        "region": "Jordan",
        "location_precision": "Tier 4: International Comparative Site (< 100m - 1km)",
        "section_ref": "2.5.3",
        "source_pages": [
          "56",
          "57"
        ]
      }
    },
    {
      "type": "Feature",
      "geometry": {
        "type": "Point",
        "coordinates": [
          35.03584,
          32.47469
        ]
      },
      "properties": {
        "location name": "Mezer",
        "location_name_he": "מצר",
        "latitude": 32.47469,
        "longitude": 35.03584,
        "start year": -3300,
        "end time": -2200,
        "title": "Deep_Well",
        "description": "Multiple rock-cut cisterns, including a large one (B3) 5m deep and another (D7) with niches, were used for rainwater collection via rock-cut channels. These cisterns were unplastered due to the impermeable Nari and chalk bedrock. | Hebrew: מצר | Region: Coastal Plain | Precision: Tier 1: High Precision (Pinpoint Well/Installation < 50m) | Era: 05. Early Bronze Age (EB) (-3300 to -2200 BCE) | Section: 2.5.15 | Pages: 68",
        "era": "Early_Bronze",
        "region": "Coastal Plain",
        "location_precision": "Tier 1: High Precision (Pinpoint Well/Installation < 50m)",
        "section_ref": "2.5.15",
        "source_pages": [
          "68"
        ]
      }
    },
    {
      "type": "Feature",
      "geometry": {
        "type": "Point",
        "coordinates": [
          35.0118,
          31.9325
        ]
      },
      "properties": {
        "location name": "Midiya",
        "location_name_he": "מידיא",
        "latitude": 31.9325,
        "longitude": 35.0118,
        "start year": -3300,
        "end time": -2200,
        "title": "Deep_Well",
        "description": "This Early Bronze Age settlement, like others in Western Samaria, utilized unplastered cisterns carved into soft chalk bedrock to collect rainwater, compensating for the absence of nearby springs. | Hebrew: מידיא | Region: Samaria | Precision: Tier 3: Approximate Village / Spring Area (< 500m) | Era: 05. Early Bronze Age (EB) (-3300 to -2200 BCE) | Section: 2.5.14 | Pages: 67, 68",
        "era": "Early_Bronze",
        "region": "Samaria",
        "location_precision": "Tier 3: Approximate Village / Spring Area (< 500m)",
        "section_ref": "2.5.14",
        "source_pages": [
          "67",
          "68"
        ]
      }
    },
    {
      "type": "Feature",
      "geometry": {
        "type": "Point",
        "coordinates": [
          34.542,
          30.5345
        ]
      },
      "properties": {
        "location name": "Nahal Horasha Illit (Well)",
        "location_name_he": "נחל חורשה עילי (באר)",
        "latitude": 30.5345,
        "longitude": 34.542,
        "start year": -3300,
        "end time": -2200,
        "title": "Deep_Well",
        "description": "A well near Mount Ramon, possibly originating in the Early Bronze Age (or even Pre-Pottery Neolithic) when the water table was higher, despite its later Ottoman reconstruction. | Hebrew: נחל חורשה עילי (באר) | Region: Negev | Precision: Tier 3: Approximate Village / Spring Area (< 500m) | Era: 05. Early Bronze Age (EB) (-3300 to -2200 BCE) | Section: 2.5.9 | Pages: 59",
        "era": "Early_Bronze",
        "region": "Negev",
        "location_precision": "Tier 3: Approximate Village / Spring Area (< 500m)",
        "section_ref": "2.5.9",
        "source_pages": [
          "59"
        ]
      }
    },
    {
      "type": "Feature",
      "geometry": {
        "type": "Point",
        "coordinates": [
          34.975,
          29.932
        ]
      },
      "properties": {
        "location name": "Ovda Valley",
        "location_name_he": "בקעת עובדה",
        "latitude": 29.932,
        "longitude": 34.975,
        "start year": -3300,
        "end time": -2200,
        "title": "Deep_Well",
        "description": "Four wells were discovered, cut into a water-bearing layer. One well, well-preserved, has a 1.5-1m opening, is bell-shaped, 1.5m deep, and lined with stones. Its dating to the Chalcolithic and Early Bronze Age is based on nearby flint tools. Two methods of water storage were identified: 'granot' (runoff collection basins), dams, and depressions in clay, in addition to wells. These systems were associated with Early Bronze Age 2 settlement clusters. | Hebrew: בקעת עובדה | Region: Negev | Precision: Tier 1: High Precision (Pinpoint Well/Installation < 50m) | Era: 05. Early Bronze Age (EB) (-3300 to -2200 BCE) | Section: 2.5.1, 2.5.13 | Pages: 55, 66",
        "era": "Early_Bronze",
        "region": "Negev",
        "location_precision": "Tier 1: High Precision (Pinpoint Well/Installation < 50m)",
        "section_ref": "2.5.1, 2.5.13",
        "source_pages": [
          "55",
          "66"
        ]
      }
    },
    {
      "type": "Feature",
      "geometry": {
        "type": "Point",
        "coordinates": [
          35.0685,
          31.9542
        ]
      },
      "properties": {
        "location name": "Shabtin",
        "location_name_he": "שבתין",
        "latitude": 31.9542,
        "longitude": 35.0685,
        "start year": -3300,
        "end time": -2200,
        "title": "Deep_Well",
        "description": "This Early Bronze Age settlement, located near a spring, also featured unplastered cisterns carved into soft chalk bedrock for rainwater collection, a common practice in Western Samaria. | Hebrew: שבתין | Region: Samaria | Precision: Tier 3: Approximate Village / Spring Area (< 500m) | Era: 05. Early Bronze Age (EB) (-3300 to -2200 BCE) | Section: 2.5.14 | Pages: 67, 68",
        "era": "Early_Bronze",
        "region": "Samaria",
        "location_precision": "Tier 3: Approximate Village / Spring Area (< 500m)",
        "section_ref": "2.5.14",
        "source_pages": [
          "67",
          "68"
        ]
      }
    },
    {
      "type": "Feature",
      "geometry": {
        "type": "Point",
        "coordinates": [
          35.12535,
          31.28173
        ]
      },
      "properties": {
        "location name": "Tel Arad",
        "location_name_he": "תל ערד",
        "latitude": 31.28173,
        "longitude": 35.12535,
        "start year": -3300,
        "end time": -2200,
        "title": "Deep_Well",
        "description": "A well is located in the heart of the Early Bronze Age city. Although re-used in the Iron Age, it is suggested that its initial excavation dates to the Early Bronze Age as part of a larger runoff water collection system. An open-air pool/reservoir in the city center, formed by collecting rainwater runoff through radial streets into a natural depression, covering about one dunam. Water collection from rooftops into large pithoi is also suggested for this EB city. Arad had central water pools for collecting runoff, and large storage jars (pithoi) were used within houses for water storage. Clayey soil was used as a hydraulic plaster for water installations. | Hebrew: תל ערד | Region: Negev | Precision: Tier 1: High Precision (Pinpoint Well/Installation < 50m) | Era: 05. Early Bronze Age (EB) (-3300 to -2200 BCE) | Section: 2.5.2, 2.5.11, 2.5 | Pages: 55, 56, 60, 61, 62, 63, 64, 65, 70, 71",
        "era": "Early_Bronze",
        "region": "Negev",
        "location_precision": "Tier 1: High Precision (Pinpoint Well/Installation < 50m)",
        "section_ref": "2.5.2, 2.5.11, 2.5",
        "source_pages": [
          "55",
          "56",
          "60",
          "61",
          "62",
          "63",
          "64",
          "65",
          "70",
          "71"
        ]
      }
    },
    {
      "type": "Feature",
      "geometry": {
        "type": "Point",
        "coordinates": [
          35.56921,
          32.71635
        ]
      },
      "properties": {
        "location name": "Tel Bet Yerah",
        "location_name_he": "בית ירח",
        "latitude": 32.71635,
        "longitude": 35.56921,
        "start year": -3300,
        "end time": -2200,
        "title": "Aqueduct_Channel",
        "description": "A basalt-lined tunnel, roofed with basalt slabs, was discovered on the southern edge of Tel Bet Yerah. It is interpreted as part of an Early Bronze Age III water system, possibly an aqueduct bringing water from mountain springs or a channel collecting runoff within the city. | Hebrew: בית ירח | Region: Jordan Valley | Precision: Tier 1: High Precision (Pinpoint Well/Installation < 50m) | Era: 05. Early Bronze Age (EB) (-3300 to -2200 BCE) | Section: 2.5.17 | Pages: 70",
        "era": "Early_Bronze",
        "region": "Jordan Valley",
        "location_precision": "Tier 1: High Precision (Pinpoint Well/Installation < 50m)",
        "section_ref": "2.5.17",
        "source_pages": [
          "70"
        ]
      }
    },
    {
      "type": "Feature",
      "geometry": {
        "type": "Point",
        "coordinates": [
          34.96053,
          31.98326
        ]
      },
      "properties": {
        "location name": "Tel Dalit",
        "location_name_he": "תל דלית",
        "latitude": 31.98326,
        "longitude": 34.96053,
        "start year": -3300,
        "end time": -2200,
        "title": "Deep_Well",
        "description": "A fortified Early Bronze Age settlement with several rock-cut cisterns in soft chalk bedrock, designed to collect rainwater. One examined cistern was irregular, 2.2m deep to the chamber, with a rectangular chamber 2.6x2.0m, showing no signs of plaster due to the impermeable chalk. Shallow wells in nearby wadis likely supplemented water supply during peacetime. | Hebrew: תל דלית | Region: Judean Hills | Precision: Tier 1: High Precision (Pinpoint Well/Installation < 50m) | Era: 05. Early Bronze Age (EB) (-3300 to -2200 BCE) | Section: 2.5.16 | Pages: 68, 69, 70",
        "era": "Early_Bronze",
        "region": "Judean Hills",
        "location_precision": "Tier 1: High Precision (Pinpoint Well/Installation < 50m)",
        "section_ref": "2.5.16",
        "source_pages": [
          "68",
          "69",
          "70"
        ]
      }
    },
    {
      "type": "Feature",
      "geometry": {
        "type": "Point",
        "coordinates": [
          35.18275,
          32.5847
        ]
      },
      "properties": {
        "location name": "Tel Megiddo",
        "location_name_he": "תל מגידו",
        "latitude": 32.5847,
        "longitude": 35.18275,
        "start year": -3300,
        "end time": -2200,
        "title": "Ancient_City_Water_System",
        "description": "Despite massive city walls, an Early Bronze Age water system was likely present, possibly a depression in the northern part of the tel, though specific details are scarce due to later archaeological layers. | Hebrew: תל מגידו | Region: Jezreel Valley | Precision: Tier 1: High Precision (Pinpoint Well/Installation < 50m) | Era: 05. Early Bronze Age (EB) (-3300 to -2200 BCE) | Section: 2.5 | Pages: 71",
        "era": "Early_Bronze",
        "region": "Jezreel Valley",
        "location_precision": "Tier 1: High Precision (Pinpoint Well/Installation < 50m)",
        "section_ref": "2.5",
        "source_pages": [
          "71"
        ]
      }
    },
    {
      "type": "Feature",
      "geometry": {
        "type": "Point",
        "coordinates": [
          35.1842,
          32.4125
        ]
      },
      "properties": {
        "location name": "Tel Mizpon le-Fahma",
        "location_name_he": "תל מצפון לפחמה",
        "latitude": 32.4125,
        "longitude": 35.1842,
        "start year": -3300,
        "end time": -2200,
        "title": "Deep_Well",
        "description": "This Early Bronze Age settlement, like others in Western Samaria, utilized unplastered cisterns carved into soft chalk bedrock to collect rainwater, compensating for the absence of nearby springs. | Hebrew: תל מצפון לפחמה | Region: Samaria | Precision: Tier 3: Approximate Village / Spring Area (< 500m) | Era: 05. Early Bronze Age (EB) (-3300 to -2200 BCE) | Section: 2.5.14 | Pages: 67, 68",
        "era": "Early_Bronze",
        "region": "Samaria",
        "location_precision": "Tier 3: Approximate Village / Spring Area (< 500m)",
        "section_ref": "2.5.14",
        "source_pages": [
          "67",
          "68"
        ]
      }
    },
    {
      "type": "Feature",
      "geometry": {
        "type": "Point",
        "coordinates": [
          35.161,
          32.3025
        ]
      },
      "properties": {
        "location name": "Tel near Bazariya",
        "location_name_he": "תל ליד בזריה",
        "latitude": 32.3025,
        "longitude": 35.161,
        "start year": -3300,
        "end time": -2200,
        "title": "Deep_Well",
        "description": "This Early Bronze Age settlement, like others in Western Samaria, utilized unplastered cisterns carved into soft chalk bedrock to collect rainwater, compensating for the absence of nearby springs. | Hebrew: תל ליד בזריה | Region: Samaria | Precision: Tier 3: Approximate Village / Spring Area (< 500m) | Era: 05. Early Bronze Age (EB) (-3300 to -2200 BCE) | Section: 2.5.14 | Pages: 67, 68",
        "era": "Early_Bronze",
        "region": "Samaria",
        "location_precision": "Tier 3: Approximate Village / Spring Area (< 500m)",
        "section_ref": "2.5.14",
        "source_pages": [
          "67",
          "68"
        ]
      }
    },
    {
      "type": "Feature",
      "geometry": {
        "type": "Point",
        "coordinates": [
          34.97501,
          31.70914
        ]
      },
      "properties": {
        "location name": "Tel Yarmut",
        "location_name_he": "תל ירמות",
        "latitude": 31.70914,
        "longitude": 34.97501,
        "start year": -3300,
        "end time": -2200,
        "title": "Water_Reservoir",
        "description": "Although no formal water system has been discovered for the Early Bronze Age, a clear topographical depression at the lowest point of the 150-dunam city likely served to collect runoff water. | Hebrew: תל ירמות | Region: Shephelah | Precision: Tier 1: High Precision (Pinpoint Well/Installation < 50m) | Era: 05. Early Bronze Age (EB) (-3300 to -2200 BCE) | Section: 2.5 | Pages: 71",
        "era": "Early_Bronze",
        "region": "Shephelah",
        "location_precision": "Tier 1: High Precision (Pinpoint Well/Installation < 50m)",
        "section_ref": "2.5",
        "source_pages": [
          "71"
        ]
      }
    },
    {
      "type": "Feature",
      "geometry": {
        "type": "Point",
        "coordinates": [
          43.2083,
          36.5567
        ]
      },
      "properties": {
        "location name": "Tepe Gawra",
        "location_name_he": "טפה גאורה",
        "latitude": 36.5567,
        "longitude": 43.2083,
        "start year": -3300,
        "end time": -2200,
        "title": "Deep_Well",
        "description": "Two wells were found. The older well (Layer VIIIb, Late Uruk/EB) was 2.8m in diameter, excavated to 24m, plastered with mud, and featured steps, connected to a bitumen-lined drainage channel. A second well (Layer VI, early 3rd millennium BCE) also had a drainage channel leading to it. | Hebrew: טפה גאורה | Region: Mesopotamia | Precision: Tier 4: International Comparative Site (< 100m - 1km) | Era: 05. Early Bronze Age (EB) (-3300 to -2200 BCE) | Section: 2.5.4 | Pages: 57",
        "era": "Early_Bronze",
        "region": "Mesopotamia",
        "location_precision": "Tier 4: International Comparative Site (< 100m - 1km)",
        "section_ref": "2.5.4",
        "source_pages": [
          "57"
        ]
      }
    },
    {
      "type": "Feature",
      "geometry": {
        "type": "Point",
        "coordinates": [
          36.475,
          32.516
        ]
      },
      "properties": {
        "location name": "Bozrah (Busra)",
        "location_name_he": "בוצרה (סוריה)",
        "latitude": 32.516,
        "longitude": 36.475,
        "start year": -2200,
        "end time": -1550,
        "title": "Deep_Well",
        "description": "A well in the northern part of the tel, dated to the Middle Bronze Age, which was abandoned along with a house and garden it supplied with water. | Hebrew: בוצרה (סוריה) | Region: Syria | Precision: Tier 4: International Comparative Site (< 100m - 1km) | Era: 06. Middle Bronze Age (MB) (-2200 to -1550 BCE) | Section: 2.6.13 | Pages: 89",
        "era": "Middle_Bronze",
        "region": "Syria",
        "location_precision": "Tier 4: International Comparative Site (< 100m - 1km)",
        "section_ref": "2.6.13",
        "source_pages": [
          "89"
        ]
      }
    },
    {
      "type": "Feature",
      "geometry": {
        "type": "Point",
        "coordinates": [
          36.809,
          35.793
        ]
      },
      "properties": {
        "location name": "Ebla",
        "location_name_he": "אבלה (סוריה)",
        "latitude": 35.793,
        "longitude": 36.809,
        "start year": -2200,
        "end time": -1550,
        "title": "Deep_Well",
        "description": "A very deep well in the lower city, connecting to a dome-roofed underground chamber, containing artifacts dated to around 2000 BCE. | Hebrew: אבלה (סוריה) | Region: Syria | Precision: Tier 4: International Comparative Site (< 100m - 1km) | Era: 06. Middle Bronze Age (MB) (-2200 to -1550 BCE) | Section: 2.6.12 | Pages: 88, 89",
        "era": "Middle_Bronze",
        "region": "Syria",
        "location_precision": "Tier 4: International Comparative Site (< 100m - 1km)",
        "section_ref": "2.6.12",
        "source_pages": [
          "88",
          "89"
        ]
      }
    },
    {
      "type": "Feature",
      "geometry": {
        "type": "Point",
        "coordinates": [
          35.4442,
          31.8706
        ]
      },
      "properties": {
        "location name": "Jericho",
        "location_name_he": "יריחו",
        "latitude": 31.8706,
        "longitude": 35.4442,
        "start year": -2200,
        "end time": -1550,
        "title": "Spring_Cave_Capture",
        "description": "During the Middle Bronze Age, the city of Jericho was fortified, and Elisha's Spring (Ein es-Sultan) was intentionally included within its city walls to provide a secure water source. | Hebrew: יריחו | Region: Jordan Valley | Precision: Tier 1: High Precision (Pinpoint Well/Installation < 50m) | Era: 06. Middle Bronze Age (MB) (-2200 to -1550 BCE) | Section: 2.6.3 | Pages: 75",
        "era": "Middle_Bronze",
        "region": "Jordan Valley",
        "location_precision": "Tier 1: High Precision (Pinpoint Well/Installation < 50m)",
        "section_ref": "2.6.3",
        "source_pages": [
          "75"
        ]
      }
    },
    {
      "type": "Feature",
      "geometry": {
        "type": "Point",
        "coordinates": [
          35.23584,
          31.77406
        ]
      },
      "properties": {
        "location name": "Jerusalem (City of David)",
        "location_name_he": "ירושלים (עיר דוד)",
        "latitude": 31.77406,
        "longitude": 35.23584,
        "start year": -2200,
        "end time": -1550,
        "title": "Spring_Cave_Capture",
        "description": "The Gihon Spring was the primary water source for Jerusalem from the Chalcolithic period, and its abundant flow was seven times greater than the city's needs during the Middle Bronze Age. Channel I, a plastered channel partly cut into rock and partly built, is considered the oldest water system in the area, possibly dating to the Middle Bronze Age or earlier, used for irrigating agricultural plots in the Kidron Valley. The central water system of Jerusalem, including Warren's Shaft (tunnel part), the Great Tower, a pool, and Channels II and III, was carved and built during Middle Bronze Age II to provide the city with an internal water source, especially during sieges. | Hebrew: ירושלים (עיר דוד) | Region: Judean Hills | Precision: Tier 1: High Precision (Pinpoint Well/Installation < 50m) | Era: 06. Middle Bronze Age (MB) (-2200 to -1550 BCE) | Section: 2.6.4 | Pages: 76, 77, 78, 79, 80, 81",
        "era": "Middle_Bronze",
        "region": "Judean Hills",
        "location_precision": "Tier 1: High Precision (Pinpoint Well/Installation < 50m)",
        "section_ref": "2.6.4",
        "source_pages": [
          "76",
          "77",
          "78",
          "79",
          "80",
          "81"
        ]
      }
    },
    {
      "type": "Feature",
      "geometry": {
        "type": "Point",
        "coordinates": [
          40.8897,
          34.5497
        ]
      },
      "properties": {
        "location name": "Mari",
        "location_name_he": "מארי",
        "latitude": 34.5497,
        "longitude": 40.8897,
        "start year": -2200,
        "end time": -1550,
        "title": "Aqueduct_Channel",
        "description": "Textual evidence from King Yahdun-Lim (18th century BCE) describes the construction of canals to bring water to Mari, potentially representing an early urban aqueduct, though no archaeological evidence has been found. | Hebrew: מארי | Region: Mesopotamia | Precision: Tier 4: International Comparative Site (< 100m - 1km) | Era: 06. Middle Bronze Age (MB) (-2200 to -1550 BCE) | Section: 2.6.25 | Pages: 94",
        "era": "Middle_Bronze",
        "region": "Mesopotamia",
        "location_precision": "Tier 4: International Comparative Site (< 100m - 1km)",
        "section_ref": "2.6.25",
        "source_pages": [
          "94"
        ]
      }
    },
    {
      "type": "Feature",
      "geometry": {
        "type": "Point",
        "coordinates": [
          36.8656,
          34.8967
        ]
      },
      "properties": {
        "location name": "Qatna",
        "location_name_he": "קטנה",
        "latitude": 34.8967,
        "longitude": 36.8656,
        "start year": -2200,
        "end time": -1550,
        "title": "Spring_Cave_Capture",
        "description": "During Middle Bronze Age II, a spring was enclosed within the walls of the kingdom city of Qatna, while a stream outside the rampart may have filled a moat for defense. | Hebrew: קטנה | Region: Syria | Precision: Tier 4: International Comparative Site (< 100m - 1km) | Era: 06. Middle Bronze Age (MB) (-2200 to -1550 BCE) | Section: 2.6.5 | Pages: 81",
        "era": "Middle_Bronze",
        "region": "Syria",
        "location_precision": "Tier 4: International Comparative Site (< 100m - 1km)",
        "section_ref": "2.6.5",
        "source_pages": [
          "81"
        ]
      }
    },
    {
      "type": "Feature",
      "geometry": {
        "type": "Point",
        "coordinates": [
          34.98519,
          31.86333
        ]
      },
      "properties": {
        "location name": "Sha'albim",
        "location_name_he": "שעלבים",
        "latitude": 31.86333,
        "longitude": 34.98519,
        "start year": -2200,
        "end time": -1550,
        "title": "Plastered_Cistern",
        "description": "A burial cave from MB IIB was originally a rock-cut, mud-plastered water cistern, approximately 3m deep and 3m in diameter, with spiral steps for access. | Hebrew: שעלבים | Region: Shephelah | Precision: Tier 1: High Precision (Pinpoint Well/Installation < 50m) | Era: 06. Middle Bronze Age (MB) (-2200 to -1550 BCE) | Section: 2.6.22 | Pages: 92",
        "era": "Middle_Bronze",
        "region": "Shephelah",
        "location_precision": "Tier 1: High Precision (Pinpoint Well/Installation < 50m)",
        "section_ref": "2.6.22",
        "source_pages": [
          "92"
        ]
      }
    },
    {
      "type": "Feature",
      "geometry": {
        "type": "Point",
        "coordinates": [
          35.65193,
          33.24836
        ]
      },
      "properties": {
        "location name": "Tel Dan",
        "location_name_he": "תל דן",
        "latitude": 33.24836,
        "longitude": 35.65193,
        "start year": -2200,
        "end time": -1550,
        "title": "Spring_Cave_Capture",
        "description": "The city of Dan, enclosed by a massive rampart, incorporated the eastern springs of Dan within its fortifications during the Middle Bronze Age, serving as the primary water source. An artificial water passage (sinkhole) was likely constructed concurrently with the rampart to manage excess water. | Hebrew: תל דן | Region: Upper Galilee | Precision: Tier 1: High Precision (Pinpoint Well/Installation < 50m) | Era: 06. Middle Bronze Age (MB) (-2200 to -1550 BCE) | Section: 2.6.2 | Pages: 73, 74, 75",
        "era": "Middle_Bronze",
        "region": "Upper Galilee",
        "location_precision": "Tier 1: High Precision (Pinpoint Well/Installation < 50m)",
        "section_ref": "2.6.2",
        "source_pages": [
          "73",
          "74",
          "75"
        ]
      }
    },
    {
      "type": "Feature",
      "geometry": {
        "type": "Point",
        "coordinates": [
          34.80648,
          32.09327
        ]
      },
      "properties": {
        "location name": "Tel Gerisa",
        "location_name_he": "תל גריסה",
        "latitude": 32.09327,
        "longitude": 34.80648,
        "start year": -2200,
        "end time": -1550,
        "title": "Water_Tunnel_Shaft",
        "description": "A water system consisting of an elliptical vertical shaft with steps, cut into the kurkar rock, was constructed during Middle Bronze Age IIA within the fortified city of Tel Gerisa to reach groundwater, likely for use during sieges. | Hebrew: תל גריסה | Region: Coastal Plain | Precision: Tier 1: High Precision (Pinpoint Well/Installation < 50m) | Era: 06. Middle Bronze Age (MB) (-2200 to -1550 BCE) | Section: 2.6.6 | Pages: 82, 83",
        "era": "Middle_Bronze",
        "region": "Coastal Plain",
        "location_precision": "Tier 1: High Precision (Pinpoint Well/Installation < 50m)",
        "section_ref": "2.6.6",
        "source_pages": [
          "82",
          "83"
        ]
      }
    },
    {
      "type": "Feature",
      "geometry": {
        "type": "Point",
        "coordinates": [
          34.91857,
          31.85882
        ]
      },
      "properties": {
        "location name": "Tel Gezer",
        "location_name_he": "תל גזר",
        "latitude": 31.85882,
        "longitude": 34.91857,
        "start year": -2200,
        "end time": -1550,
        "title": "Water_Tunnel_Shaft",
        "description": "An impressive water system was discovered within the fortifications of Tel Gezer, comprising an entrance, a sloping tunnel with steps, a collection basin, and a cave, dating to the Middle Bronze Age. A large, complex stepped water tunnel, 40m long and nearly 40m deep, leading to a natural spring/groundwater source. The author argues for its construction in the Middle Bronze Age. Numerous bottle-shaped, rock-cut, and often plastered cisterns were found, typically 4.9-7m deep, with drainage channels collecting runoff. Specific examples like 23089 and 34046 are dated to the Middle Bronze Age, with some reused into later periods. | Hebrew: תל גזר | Region: Shephelah | Precision: Tier 1: High Precision (Pinpoint Well/Installation < 50m) | Era: 06. Middle Bronze Age (MB) (-2200 to -1550 BCE) | Section: 2.6.7, 2.6.23 | Pages: 83, 84, 85, 86, 93, 94",
        "era": "Middle_Bronze",
        "region": "Shephelah",
        "location_precision": "Tier 1: High Precision (Pinpoint Well/Installation < 50m)",
        "section_ref": "2.6.7, 2.6.23",
        "source_pages": [
          "83",
          "84",
          "85",
          "86",
          "93",
          "94"
        ]
      }
    },
    {
      "type": "Feature",
      "geometry": {
        "type": "Point",
        "coordinates": [
          34.60649,
          31.38362
        ]
      },
      "properties": {
        "location name": "Tel Haror",
        "location_name_he": "תל הרור",
        "latitude": 31.38362,
        "longitude": 34.60649,
        "start year": -2200,
        "end time": -1550,
        "title": "Deep_Well",
        "description": "A 2m diameter, 11.5m deep well, lined with kurkar stones and rock-cut, located within the Middle Bronze Age city, intended to supply water during sieges. Dated by MB II pottery. | Hebrew: תל הרור | Region: Northern Negev | Precision: Tier 1: High Precision (Pinpoint Well/Installation < 50m) | Era: 06. Middle Bronze Age (MB) (-2200 to -1550 BCE) | Section: 2.6.11 | Pages: 88",
        "era": "Middle_Bronze",
        "region": "Northern Negev",
        "location_precision": "Tier 1: High Precision (Pinpoint Well/Installation < 50m)",
        "section_ref": "2.6.11",
        "source_pages": [
          "88"
        ]
      }
    },
    {
      "type": "Feature",
      "geometry": {
        "type": "Point",
        "coordinates": [
          35.56635,
          33.01685
        ]
      },
      "properties": {
        "location name": "Tel Hazor",
        "location_name_he": "תל חצור",
        "latitude": 33.01685,
        "longitude": 35.56635,
        "start year": -2200,
        "end time": -1550,
        "title": "Water_Tunnel_Shaft",
        "description": "A large depression in the lower city is suggested to be the top of a shaft dug to groundwater, used during the Middle Bronze and Late Bronze Ages. Six bottle-shaped, rock-cut cisterns (e.g., 9024, 9027, 6243) were found, dated to MB II by pottery, with some continuing into LB. They featured narrow necks, expanding bodies, and sometimes plaster, designed to collect rainwater runoff. | Hebrew: תל חצור | Region: Upper Galilee | Precision: Tier 1: High Precision (Pinpoint Well/Installation < 50m) | Era: 06. Middle Bronze Age (MB) (-2200 to -1550 BCE) | Section: 2.6.8, 2.6.21 | Pages: 87, 91, 92",
        "era": "Middle_Bronze",
        "region": "Upper Galilee",
        "location_precision": "Tier 1: High Precision (Pinpoint Well/Installation < 50m)",
        "section_ref": "2.6.8, 2.6.21",
        "source_pages": [
          "87",
          "91",
          "92"
        ]
      }
    },
    {
      "type": "Feature",
      "geometry": {
        "type": "Point",
        "coordinates": [
          35.13976,
          33.00851
        ]
      },
      "properties": {
        "location name": "Tel Kabri",
        "location_name_he": "תל כברי",
        "latitude": 33.00851,
        "longitude": 35.13976,
        "start year": -2200,
        "end time": -1550,
        "title": "Spring_Cave_Capture",
        "description": "A large planned city from MB II (c. 1800 BCE) was built around the abundant Ein Shefa spring, which was enclosed within the city's rampart. Excess water was likely drained through a channel in the western gate. | Hebrew: תל כברי | Region: Western Galilee | Precision: Tier 1: High Precision (Pinpoint Well/Installation < 50m) | Era: 06. Middle Bronze Age (MB) (-2200 to -1550 BCE) | Section: 2.6.1 | Pages: 73",
        "era": "Middle_Bronze",
        "region": "Western Galilee",
        "location_precision": "Tier 1: High Precision (Pinpoint Well/Installation < 50m)",
        "section_ref": "2.6.1",
        "source_pages": [
          "73"
        ]
      }
    },
    {
      "type": "Feature",
      "geometry": {
        "type": "Point",
        "coordinates": [
          34.8478,
          31.56667
        ]
      },
      "properties": {
        "location name": "Tel Lachish",
        "location_name_he": "תל לכיש",
        "latitude": 31.56667,
        "longitude": 34.8478,
        "start year": -2200,
        "end time": -1550,
        "title": "Deep_Well",
        "description": "A 44m deep, 2.4m diameter cylindrical well, stone-lined and rock-cut, located within the city's Middle Bronze Age fortifications and used until the Iron Age. | Hebrew: תל לכיש | Region: Shephelah | Precision: Tier 1: High Precision (Pinpoint Well/Installation < 50m) | Era: 06. Middle Bronze Age (MB) (-2200 to -1550 BCE) | Section: 2.6.10 | Pages: 88",
        "era": "Middle_Bronze",
        "region": "Shephelah",
        "location_precision": "Tier 1: High Precision (Pinpoint Well/Installation < 50m)",
        "section_ref": "2.6.10",
        "source_pages": [
          "88"
        ]
      }
    },
    {
      "type": "Feature",
      "geometry": {
        "type": "Point",
        "coordinates": [
          35.18275,
          32.5847
        ]
      },
      "properties": {
        "location name": "Tel Megiddo",
        "location_name_he": "תל מגידו",
        "latitude": 32.5847,
        "longitude": 35.18275,
        "start year": -2200,
        "end time": -1550,
        "title": "Water_Tunnel_Shaft",
        "description": "A large depression in the northern part of the tel is hypothesized to be an early water system (MB, LB, possibly EB) reaching groundwater, potentially connected to Ein el-Qubi. | Hebrew: תל מגידו | Region: Jezreel Valley | Precision: Tier 1: High Precision (Pinpoint Well/Installation < 50m) | Era: 06. Middle Bronze Age (MB) (-2200 to -1550 BCE) | Section: 2.6.8 | Pages: 87",
        "era": "Middle_Bronze",
        "region": "Jezreel Valley",
        "location_precision": "Tier 1: High Precision (Pinpoint Well/Installation < 50m)",
        "section_ref": "2.6.8",
        "source_pages": [
          "87"
        ]
      }
    },
    {
      "type": "Feature",
      "geometry": {
        "type": "Point",
        "coordinates": [
          34.9245,
          32.66045
        ]
      },
      "properties": {
        "location name": "Tel Nami",
        "location_name_he": "תל נאמי",
        "latitude": 32.66045,
        "longitude": 34.9245,
        "start year": -2200,
        "end time": -1550,
        "title": "Deep_Well",
        "description": "An unfortified settlement featured a rectangular/oval well, 2.3m deep, lined with fieldstones, dated to MB IIA. Its bottom is 1.2m below current sea level, indicating a lower sea level in the MB period. | Hebrew: תל נאמי | Region: Coastal Plain | Precision: Tier 1: High Precision (Pinpoint Well/Installation < 50m) | Era: 06. Middle Bronze Age (MB) (-2200 to -1550 BCE) | Section: 2.6.9 | Pages: 87",
        "era": "Middle_Bronze",
        "region": "Coastal Plain",
        "location_precision": "Tier 1: High Precision (Pinpoint Well/Installation < 50m)",
        "section_ref": "2.6.9",
        "source_pages": [
          "87"
        ]
      }
    },
    {
      "type": "Feature",
      "geometry": {
        "type": "Point",
        "coordinates": [
          23.7257,
          37.9715
        ]
      },
      "properties": {
        "location name": "Athens (Acropolis)",
        "location_name_he": "אתונה (יוון)",
        "latitude": 37.9715,
        "longitude": 23.7257,
        "start year": -1550,
        "end time": -1200,
        "title": "Spring_Cave_Capture",
        "description": "A cave leading to an underground corridor with a spring at its base, accessed by eight flights of stairs from the Acropolis. The entrance was sealed during sieges. Pottery dates the end of its use to the second half of the 13th century BCE. | Hebrew: אתונה (יוון) | Region: Greece | Precision: Tier 4: International Comparative Site (< 100m - 1km) | Era: 07. Late Bronze Age (LB) (-1550 to -1200 BCE) | Section: 2.7.3.a | Pages: 99",
        "era": "Late_Bronze",
        "region": "Greece",
        "location_precision": "Tier 4: International Comparative Site (< 100m - 1km)",
        "section_ref": "2.7.3.a",
        "source_pages": [
          "99"
        ]
      }
    },
    {
      "type": "Feature",
      "geometry": {
        "type": "Point",
        "coordinates": [
          35.03584,
          32.47469
        ]
      },
      "properties": {
        "location name": "Mezer",
        "location_name_he": "מצר",
        "latitude": 32.47469,
        "longitude": 35.03584,
        "start year": -1550,
        "end time": -1200,
        "title": "Water_Tunnel_Shaft",
        "description": "A deep water shaft, 52m deep, with a staircase descending along its side, dug to reach groundwater. The excavation was documented in two texts and took 100 days with 120 workers. The bottom was moist, suggesting groundwater was reached. | Hebrew: מצר | Region: Sinai / Egypt | Precision: Tier 1: High Precision (Pinpoint Well/Installation < 50m) | Era: 07. Late Bronze Age (LB) (-1550 to -1200 BCE) | Section: 2.7.4 | Pages: 100, 101",
        "era": "Late_Bronze",
        "region": "Sinai / Egypt",
        "location_precision": "Tier 1: High Precision (Pinpoint Well/Installation < 50m)",
        "section_ref": "2.7.4",
        "source_pages": [
          "100",
          "101"
        ]
      }
    },
    {
      "type": "Feature",
      "geometry": {
        "type": "Point",
        "coordinates": [
          22.7567,
          37.7307
        ]
      },
      "properties": {
        "location name": "Mycenae",
        "location_name_he": "מיקנה (יוון)",
        "latitude": 37.7307,
        "longitude": 22.7567,
        "start year": -1550,
        "end time": -1200,
        "title": "Ancient_City_Water_System",
        "description": "An underground system with hidden clay pipes transporting water from the Perseia spring (360m away) to an internal reservoir within the city walls, accessed by a stepped passage. Dated to the 13th century BCE. Additionally, two wells were found within the city walls, and two external springs served settlements outside the walls. | Hebrew: מיקנה (יוון) | Region: Greece | Precision: Tier 4: International Comparative Site (< 100m - 1km) | Era: 07. Late Bronze Age (LB) (-1550 to -1200 BCE) | Section: 2.7.3.b | Pages: 99, 100",
        "era": "Late_Bronze",
        "region": "Greece",
        "location_precision": "Tier 4: International Comparative Site (< 100m - 1km)",
        "section_ref": "2.7.3.b",
        "source_pages": [
          "99",
          "100"
        ]
      }
    },
    {
      "type": "Feature",
      "geometry": {
        "type": "Point",
        "coordinates": [
          34.659,
          31.75693
        ]
      },
      "properties": {
        "location name": "Tel Ashdod",
        "location_name_he": "תל אשדוד",
        "latitude": 31.75693,
        "longitude": 34.659,
        "start year": -1550,
        "end time": -1200,
        "title": "Water_Reservoir",
        "description": "A plastered pool (4162) measuring 3.2x1.5m, found in Area G within a governor's house or palace (Strata XIV-XVII, Late Bronze Age II). It had two phases, with a brick layer beneath the plaster floor, and a drainage channel leading to a stone-lined drainage pit. Water likely collected from roofs or was manually brought from a well. | Hebrew: תל אשדוד | Region: Coastal Plain | Precision: Tier 1: High Precision (Pinpoint Well/Installation < 50m) | Era: 07. Late Bronze Age (LB) (-1550 to -1200 BCE) | Section: 2.7.8 | Pages: 103, 104",
        "era": "Late_Bronze",
        "region": "Coastal Plain",
        "location_precision": "Tier 1: High Precision (Pinpoint Well/Installation < 50m)",
        "section_ref": "2.7.8",
        "source_pages": [
          "103",
          "104"
        ]
      }
    },
    {
      "type": "Feature",
      "geometry": {
        "type": "Point",
        "coordinates": [
          34.97173,
          31.74972
        ]
      },
      "properties": {
        "location name": "Tel Beit Shemesh",
        "location_name_he": "תל בית שמש",
        "latitude": 31.74972,
        "longitude": 34.97173,
        "start year": -1550,
        "end time": -1200,
        "title": "Plastered_Cistern",
        "description": "Numerous rock-cut, plastered cisterns (at least 24) were found, dating to Stratum IV (Late Bronze Age). They had narrow necks built up with fieldstones and a sump at the bottom. The widespread use of plaster is highlighted. | Hebrew: תל בית שמש | Region: Shephelah | Precision: Tier 1: High Precision (Pinpoint Well/Installation < 50m) | Era: 07. Late Bronze Age (LB) (-1550 to -1200 BCE) | Section: 2.7.7 | Pages: 103",
        "era": "Late_Bronze",
        "region": "Shephelah",
        "location_precision": "Tier 1: High Precision (Pinpoint Well/Installation < 50m)",
        "section_ref": "2.7.7",
        "source_pages": [
          "103"
        ]
      }
    },
    {
      "type": "Feature",
      "geometry": {
        "type": "Point",
        "coordinates": [
          35.50446,
          32.50535
        ]
      },
      "properties": {
        "location name": "Tel Beth Shean",
        "location_name_he": "תל בית שאן",
        "latitude": 32.50535,
        "longitude": 35.50446,
        "start year": -1550,
        "end time": -1200,
        "title": "Deep_Well",
        "description": "A deep well, 13m deep and 0.86m in diameter, found in the southeastern part of Tel Beit She'an. Its walls were built of bricks for 11.9m, with the rest being earlier fill. Dated to Stratum IXa (14th century BCE). | Hebrew: תל בית שאן | Region: Jordan Valley | Precision: Tier 1: High Precision (Pinpoint Well/Installation < 50m) | Era: 07. Late Bronze Age (LB) (-1550 to -1200 BCE) | Section: 2.7.1 | Pages: 98",
        "era": "Late_Bronze",
        "region": "Jordan Valley",
        "location_precision": "Tier 1: High Precision (Pinpoint Well/Installation < 50m)",
        "section_ref": "2.7.1",
        "source_pages": [
          "98"
        ]
      }
    },
    {
      "type": "Feature",
      "geometry": {
        "type": "Point",
        "coordinates": [
          34.44125,
          31.38813
        ]
      },
      "properties": {
        "location name": "Tel Gamma",
        "location_name_he": "תל ג'מה",
        "latitude": 31.38813,
        "longitude": 34.44125,
        "start year": -1550,
        "end time": -1200,
        "title": "Deep_Well",
        "description": "A sealed well, evidenced by large stones with rope marks and a depression that fills with water, located 400m southwest of Nahal Besor, at the foot of the acropolis. Possibly dates to the initial phase of the lower city in the Late Bronze Age. | Hebrew: תל ג'מה | Region: Negev | Precision: Tier 1: High Precision (Pinpoint Well/Installation < 50m) | Era: 07. Late Bronze Age (LB) (-1550 to -1200 BCE) | Section: 2.7.2 | Pages: 98",
        "era": "Late_Bronze",
        "region": "Negev",
        "location_precision": "Tier 1: High Precision (Pinpoint Well/Installation < 50m)",
        "section_ref": "2.7.2",
        "source_pages": [
          "98"
        ]
      }
    },
    {
      "type": "Feature",
      "geometry": {
        "type": "Point",
        "coordinates": [
          35.56635,
          33.01685
        ]
      },
      "properties": {
        "location name": "Tel Hazor",
        "location_name_he": "תל חצור",
        "latitude": 33.01685,
        "longitude": 35.56635,
        "start year": -1550,
        "end time": -1200,
        "title": "Water_Reservoir",
        "description": "A large underground water reservoir (No. 357) in the Upper City, within the Late Bronze Age palace area (Stratum XIV). It features a built entrance corridor with a corbelled arch and a rock-cut section extending 30m to a depth of 8.5m, ending in a cruciform shape. It was plastered and had carved steps, with a capacity of about 150 cubic meters. Initially, it might have been a burial cave (Stratum XV) before being converted to a reservoir. A bottle-shaped cistern, dated to the Late Bronze Age, found in the western part of the Iron Age water system entrance. Its neck was destroyed during the Iron Age construction, but it contained many intact Late Bronze Age vessels. | Hebrew: תל חצור | Region: Upper Galilee | Precision: Tier 1: High Precision (Pinpoint Well/Installation < 50m) | Era: 07. Late Bronze Age (LB) (-1550 to -1200 BCE) | Section: 2.7.5 | Pages: 101, 102",
        "era": "Late_Bronze",
        "region": "Upper Galilee",
        "location_precision": "Tier 1: High Precision (Pinpoint Well/Installation < 50m)",
        "section_ref": "2.7.5",
        "source_pages": [
          "101",
          "102"
        ]
      }
    },
    {
      "type": "Feature",
      "geometry": {
        "type": "Point",
        "coordinates": [
          35.22005,
          32.52158
        ]
      },
      "properties": {
        "location name": "Tel Taanach",
        "location_name_he": "תל תענך",
        "latitude": 32.52158,
        "longitude": 35.22005,
        "start year": -1550,
        "end time": -1200,
        "title": "Water_Reservoir",
        "description": "A square shaft (1.45m side, 7.4m preserved height) initially intended as a stepped well to groundwater, but excavation was halted. The entire system, including the shaft, was plastered to serve as a reservoir. Dated to Late Bronze Age I, possibly after Thutmose III's campaign (1468 BCE). | Hebrew: תל תענך | Region: Jezreel Valley | Precision: Tier 1: High Precision (Pinpoint Well/Installation < 50m) | Era: 07. Late Bronze Age (LB) (-1550 to -1200 BCE) | Section: 2.7.6 | Pages: 102, 103",
        "era": "Late_Bronze",
        "region": "Jezreel Valley",
        "location_precision": "Tier 1: High Precision (Pinpoint Well/Installation < 50m)",
        "section_ref": "2.7.6",
        "source_pages": [
          "102",
          "103"
        ]
      }
    },
    {
      "type": "Feature",
      "geometry": {
        "type": "Point",
        "coordinates": [
          22.7997,
          37.6056
        ]
      },
      "properties": {
        "location name": "Tiryns",
        "location_name_he": "טירינס (יוון)",
        "latitude": 37.6056,
        "longitude": 22.7997,
        "start year": -1550,
        "end time": -1200,
        "title": "Spring_Cave_Capture",
        "description": "Two steep underground passages (30m long, 10m within walls) led through the 10m thick walls to two subterranean cisterns fed by springs. The passages, covered by corbelled arches, ended in small basins where water seeped from rock fissures. | Hebrew: טירינס (יוון) | Region: Greece | Precision: Tier 4: International Comparative Site (< 100m - 1km) | Era: 07. Late Bronze Age (LB) (-1550 to -1200 BCE) | Section: 2.7.3.c | Pages: 100",
        "era": "Late_Bronze",
        "region": "Greece",
        "location_precision": "Tier 4: International Comparative Site (< 100m - 1km)",
        "section_ref": "2.7.3.c",
        "source_pages": [
          "100"
        ]
      }
    },
    {
      "type": "Feature",
      "geometry": {
        "type": "Point",
        "coordinates": [
          35.2611,
          31.9167
        ]
      },
      "properties": {
        "location name": "Ai (et-Tell)",
        "location_name_he": "העי (א-תל)",
        "latitude": 31.9167,
        "longitude": 35.2611,
        "start year": -1200,
        "end time": -1000,
        "title": "Plastered_Cistern",
        "description": "Bell-shaped cisterns cut into the soft chalk rock, located beneath or near houses. One cistern was connected to two others, possibly for sedimentation, and was sealed when the house was abandoned around 3000 years ago (Iron Age I). | Hebrew: העי (א-תל) | Region: Judean Hills | Precision: Tier 1: High Precision (Pinpoint Well/Installation < 50m) | Era: 08. Iron Age I (-1200 to -1000 BCE) | Section: 2.8.8 | Pages: 113",
        "era": "Iron_Age_I",
        "region": "Judean Hills",
        "location_precision": "Tier 1: High Precision (Pinpoint Well/Installation < 50m)",
        "section_ref": "2.8.8",
        "source_pages": [
          "113"
        ]
      }
    },
    {
      "type": "Feature",
      "geometry": {
        "type": "Point",
        "coordinates": [
          35.2083,
          31.9167
        ]
      },
      "properties": {
        "location name": "Khirbet Raddana",
        "location_name_he": "חורבת רדנה",
        "latitude": 31.9167,
        "longitude": 35.2083,
        "start year": -1200,
        "end time": -1000,
        "title": "Plastered_Cistern",
        "description": "Bell-shaped cisterns cut into the soft chalk rock, located beneath or near houses. These cisterns were crucial due to the distant and small local spring, providing sufficient water for the Iron Age I inhabitants. | Hebrew: חורבת רדנה | Region: Judean Hills | Precision: Tier 1: High Precision (Pinpoint Well/Installation < 50m) | Era: 08. Iron Age I (-1200 to -1000 BCE) | Section: 2.8.8 | Pages: 113",
        "era": "Iron_Age_I",
        "region": "Judean Hills",
        "location_precision": "Tier 1: High Precision (Pinpoint Well/Installation < 50m)",
        "section_ref": "2.8.8",
        "source_pages": [
          "113"
        ]
      }
    },
    {
      "type": "Feature",
      "geometry": {
        "type": "Point",
        "coordinates": [
          34.83643,
          31.24566
        ]
      },
      "properties": {
        "location name": "Tel Beersheba",
        "location_name_he": "תל באר שבע",
        "latitude": 31.24566,
        "longitude": 34.83643,
        "start year": -1200,
        "end time": -1000,
        "title": "Deep_Well",
        "description": "An ancient well located on the southeastern side of the tel. Its upper part is associated with the early layers (VI-IX) of Tel Beersheba, dating to Iron Age I (11th century BCE). The well is very deep, reaching 69m, and was likely connected to the earliest settlement. | Hebrew: תל באר שבע | Region: Negev | Precision: Tier 1: High Precision (Pinpoint Well/Installation < 50m) | Era: 08. Iron Age I (-1200 to -1000 BCE) | Section: 2.8.4 | Pages: 109, 110, 111",
        "era": "Iron_Age_I",
        "region": "Negev",
        "location_precision": "Tier 1: High Precision (Pinpoint Well/Installation < 50m)",
        "section_ref": "2.8.4",
        "source_pages": [
          "109",
          "110",
          "111"
        ]
      }
    },
    {
      "type": "Feature",
      "geometry": {
        "type": "Point",
        "coordinates": [
          34.97173,
          31.74972
        ]
      },
      "properties": {
        "location name": "Tel Beit Shemesh",
        "location_name_he": "תל בית שמש",
        "latitude": 31.74972,
        "longitude": 34.97173,
        "start year": -1200,
        "end time": -1000,
        "title": "Deep_Well",
        "description": "A large well, 3.3m in diameter, discovered north of the city gate. Its upper part is built with large stones. Mackenzie attributed it to the Philistine fortified city, dating its use to Iron Age I. | Hebrew: תל בית שמש | Region: Shephelah | Precision: Tier 1: High Precision (Pinpoint Well/Installation < 50m) | Era: 08. Iron Age I (-1200 to -1000 BCE) | Section: 2.8.3 | Pages: 109",
        "era": "Iron_Age_I",
        "region": "Shephelah",
        "location_precision": "Tier 1: High Precision (Pinpoint Well/Installation < 50m)",
        "section_ref": "2.8.3",
        "source_pages": [
          "109"
        ]
      }
    },
    {
      "type": "Feature",
      "geometry": {
        "type": "Point",
        "coordinates": [
          34.9225,
          32.61807
        ]
      },
      "properties": {
        "location name": "Tel Dor",
        "location_name_he": "תל דור",
        "latitude": 32.61807,
        "longitude": 34.9225,
        "start year": -1200,
        "end time": -1000,
        "title": "Deep_Well",
        "description": "A rectangular well cut into kurkar rock, reaching the shallow water table. It underwent three construction phases, with pottery dating its use from the late 13th to early 11th century BCE (Iron Age I). It was built with ashlar stones and protected from sea waves. | Hebrew: תל דור | Region: Coastal Plain | Precision: Tier 1: High Precision (Pinpoint Well/Installation < 50m) | Era: 08. Iron Age I (-1200 to -1000 BCE) | Section: 2.8.1 | Pages: 107, 108",
        "era": "Iron_Age_I",
        "region": "Coastal Plain",
        "location_precision": "Tier 1: High Precision (Pinpoint Well/Installation < 50m)",
        "section_ref": "2.8.1",
        "source_pages": [
          "107",
          "108"
        ]
      }
    },
    {
      "type": "Feature",
      "geometry": {
        "type": "Point",
        "coordinates": [
          34.80648,
          32.09327
        ]
      },
      "properties": {
        "location name": "Tel Gerisa",
        "location_name_he": "תל גריסה",
        "latitude": 32.09327,
        "longitude": 34.80648,
        "start year": -1200,
        "end time": -1000,
        "title": "Deep_Well",
        "description": "An Iron Age I well built into an older Middle Bronze Age water system. It is a rectangular vertical shaft, constructed with large, roughly hewn stones, and its use is attributed to the Philistine settlement from the 11th century BCE. | Hebrew: תל גריסה | Region: Coastal Plain | Precision: Tier 1: High Precision (Pinpoint Well/Installation < 50m) | Era: 08. Iron Age I (-1200 to -1000 BCE) | Section: 2.8.2 | Pages: 108, 109",
        "era": "Iron_Age_I",
        "region": "Coastal Plain",
        "location_precision": "Tier 1: High Precision (Pinpoint Well/Installation < 50m)",
        "section_ref": "2.8.2",
        "source_pages": [
          "108",
          "109"
        ]
      }
    },
    {
      "type": "Feature",
      "geometry": {
        "type": "Point",
        "coordinates": [
          35.56635,
          33.01685
        ]
      },
      "properties": {
        "location name": "Tel Hazor",
        "location_name_he": "תל חצור",
        "latitude": 33.01685,
        "longitude": 35.56635,
        "start year": -1200,
        "end time": -1000,
        "title": "Aqueduct_Channel",
        "description": "Two rock-cut aqueducts (northern and southern) were found west and southwest of the tel. They are unplastered and their early date is suggested by sherds in their fill, possibly dating to the Iron Age or even Early Bronze Age II. | Hebrew: תל חצור | Region: Upper Galilee | Precision: Tier 1: High Precision (Pinpoint Well/Installation < 50m) | Era: 08. Iron Age I (-1200 to -1000 BCE) | Section: 2.8.11 | Pages: 114",
        "era": "Iron_Age_I",
        "region": "Upper Galilee",
        "location_precision": "Tier 1: High Precision (Pinpoint Well/Installation < 50m)",
        "section_ref": "2.8.11",
        "source_pages": [
          "114"
        ]
      }
    },
    {
      "type": "Feature",
      "geometry": {
        "type": "Point",
        "coordinates": [
          35.29103,
          32.0554
        ]
      },
      "properties": {
        "location name": "Tel Shiloh",
        "location_name_he": "תל שילה",
        "latitude": 32.0554,
        "longitude": 35.29103,
        "start year": -1200,
        "end time": -1000,
        "title": "Plastered_Cistern",
        "description": "A rock-cut and plastered cistern (Cistern 1320) found in the courtyard of an Iron Age I house (Layer V and IV). | Hebrew: תל שילה | Region: Samaria | Precision: Tier 1: High Precision (Pinpoint Well/Installation < 50m) | Era: 08. Iron Age I (-1200 to -1000 BCE) | Section: 2.8.7 | Pages: 113",
        "era": "Iron_Age_I",
        "region": "Samaria",
        "location_precision": "Tier 1: High Precision (Pinpoint Well/Installation < 50m)",
        "section_ref": "2.8.7",
        "source_pages": [
          "113"
        ]
      }
    },
    {
      "type": "Feature",
      "geometry": {
        "type": "Point",
        "coordinates": [
          35.22005,
          32.52158
        ]
      },
      "properties": {
        "location name": "Tel Taanach",
        "location_name_he": "תל תענך",
        "latitude": 32.52158,
        "longitude": 35.22005,
        "start year": -1200,
        "end time": -1000,
        "title": "Plastered_Cistern",
        "description": "A cistern located beneath a courtyard of a building dated to the late 12th century BCE. It is 13.3m deep, with a built neck of 7m, and was fed by a plastered drainage channel from the courtyard. | Hebrew: תל תענך | Region: Jezreel Valley | Precision: Tier 1: High Precision (Pinpoint Well/Installation < 50m) | Era: 08. Iron Age I (-1200 to -1000 BCE) | Section: 2.8.6 | Pages: 113",
        "era": "Iron_Age_I",
        "region": "Jezreel Valley",
        "location_precision": "Tier 1: High Precision (Pinpoint Well/Installation < 50m)",
        "section_ref": "2.8.6",
        "source_pages": [
          "113"
        ]
      }
    },
    {
      "type": "Feature",
      "geometry": {
        "type": "Point",
        "coordinates": [
          35.5806,
          32.2989
        ]
      },
      "properties": {
        "location name": "Tell es-Sa'idiyeh",
        "location_name_he": "תל א-סעידיה",
        "latitude": 32.2989,
        "longitude": 35.5806,
        "start year": -1200,
        "end time": -1000,
        "title": "Spring_Cave_Capture",
        "description": "A monumental stepped water system with 95 preserved steps, leading down to a hidden spring. It was covered to conceal it from enemies. The system includes a small semi-circular pool and a plastered underground channel, dating its initial use to the mid-12th century BCE (Iron Age I). | Hebrew: תל א-סעידיה | Region: Jordan Valley | Precision: Tier 1: High Precision (Pinpoint Well/Installation < 50m) | Era: 08. Iron Age I (-1200 to -1000 BCE) | Section: 2.8.5 | Pages: 111, 112",
        "era": "Iron_Age_I",
        "region": "Jordan Valley",
        "location_precision": "Tier 1: High Precision (Pinpoint Well/Installation < 50m)",
        "section_ref": "2.8.5",
        "source_pages": [
          "111",
          "112"
        ]
      }
    },
    {
      "type": "Feature",
      "geometry": {
        "type": "Point",
        "coordinates": [
          35.2611,
          31.9167
        ]
      },
      "properties": {
        "location name": "Ai (et-Tell)",
        "location_name_he": "העי (א-תל)",
        "latitude": 31.9167,
        "longitude": 35.2611,
        "start year": -1000,
        "end time": -586,
        "title": "Plastered_Cistern",
        "description": "Cisterns or pools were found at Ai (et-Tell), dated to the Iron Age II period. | Hebrew: העי (א-תל) | Region: Judean Hills | Precision: Tier 1: High Precision (Pinpoint Well/Installation < 50m) | Era: 09. Iron Age II (-1000 to -586 BCE) | Pages: 191",
        "era": "Iron_Age_II",
        "region": "Judean Hills",
        "location_precision": "Tier 1: High Precision (Pinpoint Well/Installation < 50m)",
        "section_ref": "",
        "source_pages": [
          "191"
        ]
      }
    },
    {
      "type": "Feature",
      "geometry": {
        "type": "Point",
        "coordinates": [
          35.936,
          31.954
        ]
      },
      "properties": {
        "location name": "Amman (Rabbath Ammon)",
        "location_name_he": "עמאן (רבת עמון)",
        "latitude": 31.954,
        "longitude": 35.936,
        "start year": -1000,
        "end time": -586,
        "title": "Water_Reservoir",
        "description": "A large rock-cut cruciform water reservoir, similar to those at Beit Shemesh and Beersheba, located north of the acropolis. It has an estimated capacity of 1264 cubic meters and features an external opening for water entry and a stepped tunnel for drawing water, dated to Iron Age II. Listed as one of 17 sites in Iron Age II with a monumental water system, specifically mentioning a cruciform-shaped reservoir designed to maximize storage volume and prevent roof collapse. A reservoir with an external feeding system was identified at Amman during the Iron Age II. | Hebrew: עמאן (רבת עמון) | Region: Jordan | Precision: Tier 4: International Comparative Site (< 100m - 1km) | Era: 09. Iron Age II (-1000 to -586 BCE) | Section: 2.9.12, Summary (186) | Pages: 152, 186, 191",
        "era": "Iron_Age_II",
        "region": "Jordan",
        "location_precision": "Tier 4: International Comparative Site (< 100m - 1km)",
        "section_ref": "2.9.12, Summary (186)",
        "source_pages": [
          "152",
          "186",
          "191"
        ]
      }
    },
    {
      "type": "Feature",
      "geometry": {
        "type": "Point",
        "coordinates": [
          44.0094,
          36.1911
        ]
      },
      "properties": {
        "location name": "Arbailu (Erbil)",
        "location_name_he": "ארבילו (אירביל)",
        "latitude": 36.1911,
        "longitude": 44.0094,
        "start year": -1000,
        "end time": -586,
        "title": "Aqueduct_Channel",
        "description": "Sennacherib built an aqueduct to Arbela, starting from the Chai fortress about 20km away. It began with a subterranean tunnel, 1.2m high and 1.12m wide, lined with ashlar stones and featuring shafts every 42m, bringing water from three rivers and springs to the city center. An aqueduct bringing water from a distance outside the city was found at Erbil, dating to the Iron Age II. | Hebrew: ארבילו (אירביל) | Region: Mesopotamia | Precision: Tier 4: International Comparative Site (< 100m - 1km) | Era: 09. Iron Age II (-1000 to -586 BCE) | Section: 2.9.47 | Pages: 181, 182, 191",
        "era": "Iron_Age_II",
        "region": "Mesopotamia",
        "location_precision": "Tier 4: International Comparative Site (< 100m - 1km)",
        "section_ref": "2.9.47",
        "source_pages": [
          "181",
          "182",
          "191"
        ]
      }
    },
    {
      "type": "Feature",
      "geometry": {
        "type": "Point",
        "coordinates": [
          23.7257,
          37.9715
        ]
      },
      "properties": {
        "location name": "Athens (Acropolis)",
        "location_name_he": "אתונה (יוון)",
        "latitude": 37.9715,
        "longitude": 23.7257,
        "start year": -1000,
        "end time": -586,
        "title": "Water_Tunnel_Shaft",
        "description": "A water system, cut to a spring or groundwater within the fortified city, was found at Athens, dating to the Iron Age II. | Hebrew: אתונה (יוון) | Region: Greece | Precision: Tier 4: International Comparative Site (< 100m - 1km) | Era: 09. Iron Age II (-1000 to -586 BCE) | Pages: 191",
        "era": "Iron_Age_II",
        "region": "Greece",
        "location_precision": "Tier 4: International Comparative Site (< 100m - 1km)",
        "section_ref": "",
        "source_pages": [
          "191"
        ]
      }
    },
    {
      "type": "Feature",
      "geometry": {
        "type": "Point",
        "coordinates": [
          35.7485,
          31.6845
        ]
      },
      "properties": {
        "location name": "Baal-Meon",
        "location_name_he": "בעלמען",
        "latitude": 31.6845,
        "longitude": 35.7485,
        "start year": -1000,
        "end time": -586,
        "title": "Water_Reservoir",
        "description": "The Mesha Stele records King Mesha of Moab building the city of Baal-Meon and constructing a water reservoir ('ashuah') or capturing a spring, possibly utilizing Israelite captives for their hydrological knowledge and labor. | Hebrew: בעלמען | Region: Jordan | Precision: Tier 4: International Comparative Site (< 100m - 1km) | Era: 09. Iron Age II (-1000 to -586 BCE) | Section: 2.9.49 | Pages: 183, 184",
        "era": "Iron_Age_II",
        "region": "Jordan",
        "location_precision": "Tier 4: International Comparative Site (< 100m - 1km)",
        "section_ref": "2.9.49",
        "source_pages": [
          "183",
          "184"
        ]
      }
    },
    {
      "type": "Feature",
      "geometry": {
        "type": "Point",
        "coordinates": [
          34.72927,
          30.62167
        ]
      },
      "properties": {
        "location name": "Bor Hamat",
        "location_name_he": "בור חמת",
        "latitude": 30.62167,
        "longitude": 34.72927,
        "start year": -1000,
        "end time": -586,
        "title": "Deep_Well",
        "description": "One open cistern, part of the Iron Age II water supply in the Negev Highlands, with a volume of approximately 1250 cubic meters. | Hebrew: בור חמת | Region: Negev | Precision: Tier 1: High Precision (Pinpoint Well/Installation < 50m) | Era: 09. Iron Age II (-1000 to -586 BCE) | Section: 2.9.36 | Pages: 171",
        "era": "Iron_Age_II",
        "region": "Negev",
        "location_precision": "Tier 1: High Precision (Pinpoint Well/Installation < 50m)",
        "section_ref": "2.9.36",
        "source_pages": [
          "171"
        ]
      }
    },
    {
      "type": "Feature",
      "geometry": {
        "type": "Point",
        "coordinates": [
          35.4,
          31.75
        ]
      },
      "properties": {
        "location name": "Buqei'a (Judean Desert)",
        "location_name_he": "בקעת הורקניה (בוקיעה)",
        "latitude": 31.75,
        "longitude": 35.4,
        "start year": -1000,
        "end time": -586,
        "title": "Plastered_Cistern",
        "description": "Cisterns or pools were found at Buqei'a, dated to the Iron Age II period. | Hebrew: בקעת הורקניה (בוקיעה) | Region: Negev | Precision: Tier 1: High Precision (Pinpoint Well/Installation < 50m) | Era: 09. Iron Age II (-1000 to -586 BCE) | Pages: 191",
        "era": "Iron_Age_II",
        "region": "Negev",
        "location_precision": "Tier 1: High Precision (Pinpoint Well/Installation < 50m)",
        "section_ref": "",
        "source_pages": [
          "191"
        ]
      }
    },
    {
      "type": "Feature",
      "geometry": {
        "type": "Point",
        "coordinates": [
          35.18404,
          31.8489
        ]
      },
      "properties": {
        "location name": "Gibeon (el-Jib)",
        "location_name_he": "גבעון (אל-ג'יב)",
        "latitude": 31.8489,
        "longitude": 35.18404,
        "start year": -1000,
        "end time": -586,
        "title": "Water_Tunnel_Shaft",
        "description": "A system comprising a horizontal tunnel from a spring to a collection chamber, and a 52m long stepped tunnel ascending into the fortified city, dated by the author to the 10th or 9th century BCE (early Iron Age II). A large circular stepped shaft, 11.3m in diameter and 24m deep, cut into rock with a spiral staircase, designed to access groundwater. The author dates its construction to the 7th century BCE (late Iron Age II). Mentioned as a site with an underground water system where a pulley could have been used, similar to the one depicted in an Assyrian relief, suggesting a sophisticated water supply during sieges. Listed as one of 17 sites in Iron Age II Israel with two monumental water systems, likely involving tunnels or shafts to access groundwater within the fortified city. A water system, cut to a spring or groundwater within the fortified city, was found at Gibeon, dating to the Iron Age II. | Hebrew: גבעון (אל-ג'יב) | Region: Judean Hills | Precision: Tier 1: High Precision (Pinpoint Well/Installation < 50m) | Era: 09. Iron Age II (-1000 to -586 BCE) | Section: 2.9.5, 2.9.51, Summary (186) | Pages: 128, 129, 130, 131, 185, 186, 187, 191",
        "era": "Iron_Age_II",
        "region": "Judean Hills",
        "location_precision": "Tier 1: High Precision (Pinpoint Well/Installation < 50m)",
        "section_ref": "2.9.5, 2.9.51, Summary (186)",
        "source_pages": [
          "128",
          "129",
          "130",
          "131",
          "185",
          "186",
          "187",
          "191"
        ]
      }
    },
    {
      "type": "Feature",
      "geometry": {
        "type": "Point",
        "coordinates": [
          35.767,
          31.767
        ]
      },
      "properties": {
        "location name": "Heshbon",
        "location_name_he": "חשבון",
        "latitude": 31.767,
        "longitude": 35.767,
        "start year": -1000,
        "end time": -586,
        "title": "Water_Reservoir",
        "description": "A large rock-cut water pool, 17x17m and 7m deep, with an estimated capacity of 2000 cubic meters, discovered in stratum 17 (9th-8th centuries BCE). It was fed by runoff channels and possibly supplemented by water from the 'Ein Hisban spring. Listed as one of 17 sites in Iron Age II with a monumental water system, likely involving a tunnel or shaft to access groundwater within the fortified city. A reservoir or pool was found at Tel Heshbon, dated to the Iron Age II period. | Hebrew: חשבון | Region: Jordan | Precision: Tier 4: International Comparative Site (< 100m - 1km) | Era: 09. Iron Age II (-1000 to -586 BCE) | Section: 2.9.13, Summary (186) | Pages: 152, 153, 186, 191",
        "era": "Iron_Age_II",
        "region": "Jordan",
        "location_precision": "Tier 4: International Comparative Site (< 100m - 1km)",
        "section_ref": "2.9.13, Summary (186)",
        "source_pages": [
          "152",
          "153",
          "186",
          "191"
        ]
      }
    },
    {
      "type": "Feature",
      "geometry": {
        "type": "Point",
        "coordinates": [
          35.16639,
          31.18975
        ]
      },
      "properties": {
        "location name": "Horbat Radum",
        "location_name_he": "חורבת רדום",
        "latitude": 31.18975,
        "longitude": 35.16639,
        "start year": -1000,
        "end time": -586,
        "title": "Plastered_Cistern",
        "description": "Two depressions, approximately 2m in diameter, were found outside the northern wall of this late Iron Age II fortress. These are identified as likely blocked cisterns that served the fortification. Cisterns or pools were found at Radum, dated to the Iron Age II period. | Hebrew: חורבת רדום | Region: Negev | Precision: Tier 1: High Precision (Pinpoint Well/Installation < 50m) | Era: 09. Iron Age II (-1000 to -586 BCE) | Section: 2.9.35 | Pages: 170, 191",
        "era": "Iron_Age_II",
        "region": "Negev",
        "location_precision": "Tier 1: High Precision (Pinpoint Well/Installation < 50m)",
        "section_ref": "2.9.35",
        "source_pages": [
          "170",
          "191"
        ]
      }
    },
    {
      "type": "Feature",
      "geometry": {
        "type": "Point",
        "coordinates": [
          35.22864,
          32.87866
        ]
      },
      "properties": {
        "location name": "Horbat Rosh Zayit",
        "location_name_he": "חורבת ראש זית",
        "latitude": 32.87866,
        "longitude": 35.22864,
        "start year": -1000,
        "end time": -586,
        "title": "Plastered_Cistern",
        "description": "A rock-cut cistern found within the fortress, designed to collect rainwater runoff from the fortress area, dating to the 10th-9th centuries BCE. Cisterns or pools were found at Tel Ras ez-Zeit, dated to the Iron Age II period. | Hebrew: חורבת ראש זית | Region: Lower Galilee | Precision: Tier 1: High Precision (Pinpoint Well/Installation < 50m) | Era: 09. Iron Age II (-1000 to -586 BCE) | Section: 2.9.19 | Pages: 160, 191",
        "era": "Iron_Age_II",
        "region": "Lower Galilee",
        "location_precision": "Tier 1: High Precision (Pinpoint Well/Installation < 50m)",
        "section_ref": "2.9.19",
        "source_pages": [
          "160",
          "191"
        ]
      }
    },
    {
      "type": "Feature",
      "geometry": {
        "type": "Point",
        "coordinates": [
          35.38394,
          31.86153
        ]
      },
      "properties": {
        "location name": "Horbat Shilha",
        "location_name_he": "חורבת שילחה",
        "latitude": 31.86153,
        "longitude": 35.38394,
        "start year": -1000,
        "end time": -586,
        "title": "Plastered_Cistern",
        "description": "A bell-shaped, rock-cut cistern (Locus 21) with a 0.85m opening and 1.8m diameter at 1.25m depth, located within a four-room house. Runoff was collected via earth channels. Plaster presence is not reported, but typical for such cisterns. Cisterns or pools were found at Shilha, dated to the Iron Age II period. | Hebrew: חורבת שילחה | Region: Judean Hills | Precision: Tier 1: High Precision (Pinpoint Well/Installation < 50m) | Era: 09. Iron Age II (-1000 to -586 BCE) | Section: 2.9.24 | Pages: 164, 191",
        "era": "Iron_Age_II",
        "region": "Judean Hills",
        "location_precision": "Tier 1: High Precision (Pinpoint Well/Installation < 50m)",
        "section_ref": "2.9.24",
        "source_pages": [
          "164",
          "191"
        ]
      }
    },
    {
      "type": "Feature",
      "geometry": {
        "type": "Point",
        "coordinates": [
          35.16567,
          31.20919
        ]
      },
      "properties": {
        "location name": "Horbat Uza",
        "location_name_he": "חורבת עוזה",
        "latitude": 31.20919,
        "longitude": 35.16567,
        "start year": -1000,
        "end time": -586,
        "title": "Aqueduct_Channel",
        "description": "A covered drainage channel, constructed with stone slabs and over 20m long, was found in the gate passage of the fortress. It started in the plaza, passed under the threshold, and likely terminated in a rock-cut cistern on the slope. Two depressions outside the southern wall of the fortress are identified as likely blocked cisterns, contributing to the site's water supply during the late Iron Age II. Three large cisterns are located 300m south of the fortress in a wadi. The middle cistern is T-shaped, partially rock-cut and partially built with later barrel vaults, estimated at 400 cubic meters, and features multiple plaster layers (possibly Iron Age I and Herodian). | Hebrew: חורבת עוזה | Region: Negev | Precision: Tier 1: High Precision (Pinpoint Well/Installation < 50m) | Era: 09. Iron Age II (-1000 to -586 BCE) | Section: 2.9.34 | Pages: 168, 169",
        "era": "Iron_Age_II",
        "region": "Negev",
        "location_precision": "Tier 1: High Precision (Pinpoint Well/Installation < 50m)",
        "section_ref": "2.9.34",
        "source_pages": [
          "168",
          "169"
        ]
      }
    },
    {
      "type": "Feature",
      "geometry": {
        "type": "Point",
        "coordinates": [
          35.29243,
          32.44584
        ]
      },
      "properties": {
        "location name": "Ibleam (Khirbet Bel'ameh)",
        "location_name_he": "יבלעם (ח'רבת בלעמה)",
        "latitude": 32.44584,
        "longitude": 35.29243,
        "start year": -1000,
        "end time": -586,
        "title": "Water_Tunnel_Shaft",
        "description": "A rock-cut tunnel, approximately 100m long with steps, leading from the Bir Sinjil spring into the ancient tel, characteristic of Iron Age II water systems. Listed as one of 17 sites in Iron Age II Israel with a monumental water system, likely involving a tunnel or shaft to access groundwater within the fortified city. A water system, cut to a spring or groundwater within the fortified city, was found at Ibleam, dating to the Iron Age II. | Hebrew: יבלעם (ח'רבת בלעמה) | Region: Samaria | Precision: Tier 1: High Precision (Pinpoint Well/Installation < 50m) | Era: 09. Iron Age II (-1000 to -586 BCE) | Section: 2.9.4, Summary (186) | Pages: 127, 128, 186, 191",
        "era": "Iron_Age_II",
        "region": "Samaria",
        "location_precision": "Tier 1: High Precision (Pinpoint Well/Installation < 50m)",
        "section_ref": "2.9.4, Summary (186)",
        "source_pages": [
          "127",
          "128",
          "186",
          "191"
        ]
      }
    },
    {
      "type": "Feature",
      "geometry": {
        "type": "Point",
        "coordinates": [
          35.23584,
          31.77406
        ]
      },
      "properties": {
        "location name": "Jerusalem (City of David)",
        "location_name_he": "ירושלים (עיר דוד)",
        "latitude": 31.77406,
        "longitude": 35.23584,
        "start year": -1000,
        "end time": -586,
        "title": "Aqueduct_Channel",
        "description": "Hezekiah's Tunnel, a 533m long rock-cut channel, diverted water from the Gihon Spring to the Pool of Siloam within the city walls, constructed in the late 8th century BCE (late Iron Age II) during King Hezekiah's reign. A large pool (15x15m during the First Temple period) located at the southern end of Hezekiah's Tunnel, serving as the primary reservoir for the diverted Gihon Spring waters within the city. Hezekiah's Tunnel, a 530m long rock-cut tunnel, was constructed in the 8th century BCE (Iron II) to divert water from the Gihon Spring to the Pool of Siloam inside the city walls, a complex engineering feat involving two teams digging from opposite ends. Warren's Shaft, a natural vertical karstic shaft (13m deep), was accidentally discovered in the 8th century BCE during preparations for Hezekiah's Tunnel, leading to attempts to connect it to the Gihon Spring and integrate it into the water system. Channel IV, an overflow channel originating near the Pool of Siloam and extending to the Kidron Valley, is considered by some scholars to be an original part of Hezekiah's Tunnel, dating its construction to the 8th century BCE. Various pools mentioned in biblical texts (e.g., Upper Pool, Lower Pool, Old Pool, Pool of Siloam) likely collected runoff water, serving as secondary water sources for the city, primarily for non-drinking uses during the Iron Age. The 'Hasmonean Water Channel,' a rock-cut channel near the Temple Mount, collected runoff water for cisterns. Although named Hasmonean, some scholars propose it dates to the First Temple period (Iron Age). Bir Ayub, identified with biblical Ein Rogel, is a 38m deep well fed by a small cave and fissures. Its water was primarily used for irrigating fields and gardens, and its biblical mentions indicate its use during the Iron Age. Listed as one of 17 sites in Iron Age II Israel with a monumental water system, likely involving a tunnel or shaft to access groundwater within the fortified city. An aqueduct system within the city, likely feeding a reservoir or pool, was present in Jerusalem during the Iron Age II. A reservoir or pool, likely fed by an aqueduct or tunnel, was present in Jerusalem during the Iron Age II. | Hebrew: ירושלים (עיר דוד) | Region: Judean Hills | Precision: Tier 1: High Precision (Pinpoint Well/Installation < 50m) | Era: 09. Iron Age II (-1000 to -586 BCE) | Section: 2.9.6, Summary (186) | Pages: 131, 132, 133, 134, 135, 136, 137, 138, 139, 140, 141, 142, 143, 144, 145, 186, 191",
        "era": "Iron_Age_II",
        "region": "Judean Hills",
        "location_precision": "Tier 1: High Precision (Pinpoint Well/Installation < 50m)",
        "section_ref": "2.9.6, Summary (186)",
        "source_pages": [
          "131",
          "132",
          "133",
          "134",
          "135",
          "136",
          "137",
          "138",
          "139",
          "140",
          "141",
          "142",
          "145",
          "143",
          "144",
          "186",
          "191"
        ]
      }
    },
    {
      "type": "Feature",
      "geometry": {
        "type": "Point",
        "coordinates": [
          35.1632,
          32.2285
        ]
      },
      "properties": {
        "location name": "Jit",
        "location_name_he": "ג'ית",
        "latitude": 32.2285,
        "longitude": 35.1632,
        "start year": -1000,
        "end time": -586,
        "title": "Spring_Cave_Capture",
        "description": "An ancient, rock-cut pool known as 'El-Ein' (the spring), consisting of three parts with a total depth of 13.73m. Its water source is a spring, fed by a 1.5m high tunnel from a hard limestone layer, making it a central water facility. | Hebrew: ג'ית | Region: Samaria | Precision: Tier 1: High Precision (Pinpoint Well/Installation < 50m) | Era: 09. Iron Age II (-1000 to -586 BCE) | Section: 2.9.38 | Pages: 173, 174",
        "era": "Iron_Age_II",
        "region": "Samaria",
        "location_precision": "Tier 1: High Precision (Pinpoint Well/Installation < 50m)",
        "section_ref": "2.9.38",
        "source_pages": [
          "173",
          "174"
        ]
      }
    },
    {
      "type": "Feature",
      "geometry": {
        "type": "Point",
        "coordinates": [
          34.4235,
          30.6558
        ]
      },
      "properties": {
        "location name": "Kadesh Barnea (Ein el-Gudeirat)",
        "location_name_he": "קדש ברנע (עין אל-קודייראת)",
        "latitude": 30.6558,
        "longitude": 34.4235,
        "start year": -1000,
        "end time": -586,
        "title": "Water_Reservoir",
        "description": "A water system in the Middle Fortress (8th-7th centuries BCE) consisting of a stone-built, plastered reservoir (approx. 140 cubic meters) with 25 steps leading to its bottom, fed by a plastered channel from the main spring, Ein Qudeirat. Listed as one of 17 sites in Iron Age II Israel with a monumental water system, likely involving a tunnel or shaft to access groundwater within the fortified city. A reservoir with an external feeding system was identified at Kadesh Barnea during the Iron Age II. | Hebrew: קדש ברנע (עין אל-קודייראת) | Region: Negev | Precision: Tier 1: High Precision (Pinpoint Well/Installation < 50m) | Era: 09. Iron Age II (-1000 to -586 BCE) | Section: 2.9.18, Summary (186) | Pages: 159, 186, 191",
        "era": "Iron_Age_II",
        "region": "Negev",
        "location_precision": "Tier 1: High Precision (Pinpoint Well/Installation < 50m)",
        "section_ref": "2.9.18, Summary (186)",
        "source_pages": [
          "159",
          "186",
          "191"
        ]
      }
    },
    {
      "type": "Feature",
      "geometry": {
        "type": "Point",
        "coordinates": [
          35.39106,
          31.71662
        ]
      },
      "properties": {
        "location name": "Kerem es-Samra (Kerem el-Ajez)",
        "location_name_he": "כרם א-סמרא (כרם אל עג'ז)",
        "latitude": 31.71662,
        "longitude": 35.39106,
        "start year": -1000,
        "end time": -586,
        "title": "Water_Reservoir",
        "description": "A large pool measuring 22x18m, located in the southwest of the fortress, with collapsed walls. It served as a water reservoir for the Iron Age II fortress. | Hebrew: כרם א-סמרא (כרם אל עג'ז) | Region: Judean Desert | Precision: Tier 1: High Precision (Pinpoint Well/Installation < 50m) | Era: 09. Iron Age II (-1000 to -586 BCE) | Section: 2.9.30 | Pages: 167",
        "era": "Iron_Age_II",
        "region": "Judean Desert",
        "location_precision": "Tier 1: High Precision (Pinpoint Well/Installation < 50m)",
        "section_ref": "2.9.30",
        "source_pages": [
          "167"
        ]
      }
    },
    {
      "type": "Feature",
      "geometry": {
        "type": "Point",
        "coordinates": [
          35.1058,
          31.6492
        ]
      },
      "properties": {
        "location name": "Khirbet Abu et-Twein",
        "location_name_he": "חורבת אבו א-טווין",
        "latitude": 31.6492,
        "longitude": 35.1058,
        "start year": -1000,
        "end time": -586,
        "title": "Plastered_Cistern",
        "description": "Cisterns or pools were found at Ibn Tuwayn, dated to the Iron Age II period. A large rock-cut cistern, located 5m outside the SW corner of the fortress, dated to the 9th-7th century BCE. It has a heart-shaped plan, measuring 11.95x7.7m with a current depth of 1.7m (estimated original 4m), and an estimated volume of 250 cubic meters. It features a square opening and two layers of plaster, collecting runoff from the fortress and surrounding areas, possibly supplemented by a nearby spring. | Hebrew: חורבת אבו א-טווין | Region: Negev | Precision: Tier 1: High Precision (Pinpoint Well/Installation < 50m) | Era: 09. Iron Age II (-1000 to -586 BCE) | Section: 2.9.29 | Pages: 165, 166, 191",
        "era": "Iron_Age_II",
        "region": "Negev",
        "location_precision": "Tier 1: High Precision (Pinpoint Well/Installation < 50m)",
        "section_ref": "2.9.29",
        "source_pages": [
          "191",
          "165",
          "166"
        ]
      }
    },
    {
      "type": "Feature",
      "geometry": {
        "type": "Point",
        "coordinates": [
          35.40537,
          31.74133
        ]
      },
      "properties": {
        "location name": "Khirbet Abu Tabaq (Kerem Atrad)",
        "location_name_he": "ח'רבת אבו טבק (כרם עטרד)",
        "latitude": 31.74133,
        "longitude": 35.40537,
        "start year": -1000,
        "end time": -586,
        "title": "Spring_Cave_Capture",
        "description": "The Abu Tabaq Cave, located at the foot of the fortress, served as a reservoir. It is 35m long, 7m wide, and 5m high, with a built entrance and steps leading inside. A rock-cut cistern, 18m from the Abu Tabaq Cave, approximately 6m deep with a 1m diameter opening. It is located beneath the fortress, suggesting a shaft for drawing water from within the fortification. | Hebrew: ח'רבת אבו טבק (כרם עטרד) | Region: Judean Desert | Precision: Tier 1: High Precision (Pinpoint Well/Installation < 50m) | Era: 09. Iron Age II (-1000 to -586 BCE) | Section: 2.9.30 | Pages: 166, 167",
        "era": "Iron_Age_II",
        "region": "Judean Desert",
        "location_precision": "Tier 1: High Precision (Pinpoint Well/Installation < 50m)",
        "section_ref": "2.9.30",
        "source_pages": [
          "166",
          "167"
        ]
      }
    },
    {
      "type": "Feature",
      "geometry": {
        "type": "Point",
        "coordinates": [
          35.05254,
          32.06171
        ]
      },
      "properties": {
        "location name": "Khirbet Bint-Barr",
        "location_name_he": "חורבת בנת בר",
        "latitude": 32.06171,
        "longitude": 35.05254,
        "start year": -1000,
        "end time": -586,
        "title": "Plastered_Cistern",
        "description": "Cisterns or pools were found at Bannat Bar, dated to the Iron Age II period. A rectangular plastered cistern (approx. 4x3m, 3.5m deep, 40 cubic meters) with Iron Age plaster, and two bell-shaped cisterns (one 3.5m diameter/depth, 23 cubic meters; another 6m diameter, 3m deep, 56 cubic meters) were identified, dating to the 8th century BCE. | Hebrew: חורבת בנת בר | Region: Negev | Precision: Tier 1: High Precision (Pinpoint Well/Installation < 50m) | Era: 09. Iron Age II (-1000 to -586 BCE) | Section: 2.9.21 | Pages: 162, 191",
        "era": "Iron_Age_II",
        "region": "Negev",
        "location_precision": "Tier 1: High Precision (Pinpoint Well/Installation < 50m)",
        "section_ref": "2.9.21",
        "source_pages": [
          "191",
          "162"
        ]
      }
    },
    {
      "type": "Feature",
      "geometry": {
        "type": "Point",
        "coordinates": [
          35.13769,
          31.62889
        ]
      },
      "properties": {
        "location name": "Khirbet Deir es-Sidd",
        "location_name_he": "חורבת דיר א-סיד",
        "latitude": 31.62889,
        "longitude": 35.13769,
        "start year": -1000,
        "end time": -586,
        "title": "Plastered_Cistern",
        "description": "Rock-cut cisterns with channels leading to them were found on the steep slopes of this extensive settlement. These cisterns were used during the Iron Age II and continued into the Second Temple period. Cisterns or pools were found at Deir es-Sid, dated to the Iron Age II period. | Hebrew: חורבת דיר א-סיד | Region: Judean Hills | Precision: Tier 1: High Precision (Pinpoint Well/Installation < 50m) | Era: 09. Iron Age II (-1000 to -586 BCE) | Section: 2.9.25 | Pages: 164, 191",
        "era": "Iron_Age_II",
        "region": "Judean Hills",
        "location_precision": "Tier 1: High Precision (Pinpoint Well/Installation < 50m)",
        "section_ref": "2.9.25",
        "source_pages": [
          "164",
          "191"
        ]
      }
    },
    {
      "type": "Feature",
      "geometry": {
        "type": "Point",
        "coordinates": [
          35.18303,
          31.6884
        ]
      },
      "properties": {
        "location name": "Khirbet el-Khuwwakh (Etam)",
        "location_name_he": "ח'רבת אל-ח'וואח (עיטם)",
        "latitude": 31.6884,
        "longitude": 35.18303,
        "start year": -1000,
        "end time": -586,
        "title": "Water_Reservoir",
        "description": "A reservoir with an external feeding system was identified at Ayyats during the Iron Age II. A large natural karstic cave, 42m long, 4m wide, and 2m high, with an estimated capacity of 300 cubic meters. It was plastered with two layers of plaster dating to Iron Age II, indicating its use as a water reservoir, with an entrance for drawing water and another for collecting runoff or spring water. Listed as one of 17 sites in Iron Age II Israel with a monumental water system, likely involving a tunnel or shaft to access groundwater within the fortified city. | Hebrew: ח'רבת אל-ח'וואח (עיטם) | Region: Judean Hills | Precision: Tier 1: High Precision (Pinpoint Well/Installation < 50m) | Era: 09. Iron Age II (-1000 to -586 BCE) | Section: 2.9.11, Summary (186) | Pages: 151, 186, 191",
        "era": "Iron_Age_II",
        "region": "Judean Hills",
        "location_precision": "Tier 1: High Precision (Pinpoint Well/Installation < 50m)",
        "section_ref": "2.9.11, Summary (186)",
        "source_pages": [
          "191",
          "151",
          "186"
        ]
      }
    },
    {
      "type": "Feature",
      "geometry": {
        "type": "Point",
        "coordinates": [
          35.38258,
          31.70102
        ]
      },
      "properties": {
        "location name": "Khirbet el-Mekari",
        "location_name_he": "ח'רבת אל-מקארי",
        "latitude": 31.70102,
        "longitude": 35.38258,
        "start year": -1000,
        "end time": -586,
        "title": "Plastered_Cistern",
        "description": "Two adjacent rock-cut cisterns at Ma'aghir et-Tabaqa, 200m NW of the fortress. They measure 13x8m and 15x8m, with depths of 3-4m, and likely served the Iron Age II settlement. | Hebrew: ח'רבת אל-מקארי | Region: Judean Desert | Precision: Tier 1: High Precision (Pinpoint Well/Installation < 50m) | Era: 09. Iron Age II (-1000 to -586 BCE) | Section: 2.9.30 | Pages: 167",
        "era": "Iron_Age_II",
        "region": "Judean Desert",
        "location_precision": "Tier 1: High Precision (Pinpoint Well/Installation < 50m)",
        "section_ref": "2.9.30",
        "source_pages": [
          "167"
        ]
      }
    },
    {
      "type": "Feature",
      "geometry": {
        "type": "Point",
        "coordinates": [
          34.8005,
          30.9004
        ]
      },
      "properties": {
        "location name": "Khirbet Halukim",
        "location_name_he": "חורבת חלוקים",
        "latitude": 30.9004,
        "longitude": 34.8005,
        "start year": -1000,
        "end time": -586,
        "title": "Deep_Well",
        "description": "Two open cisterns, part of the Iron Age II water supply in the Negev Highlands. One cistern has a volume of approximately 300 cubic meters. | Hebrew: חורבת חלוקים | Region: Negev | Precision: Tier 1: High Precision (Pinpoint Well/Installation < 50m) | Era: 09. Iron Age II (-1000 to -586 BCE) | Section: 2.9.36 | Pages: 171",
        "era": "Iron_Age_II",
        "region": "Negev",
        "location_precision": "Tier 1: High Precision (Pinpoint Well/Installation < 50m)",
        "section_ref": "2.9.36",
        "source_pages": [
          "171"
        ]
      }
    },
    {
      "type": "Feature",
      "geometry": {
        "type": "Point",
        "coordinates": [
          35.3425,
          32.0158
        ]
      },
      "properties": {
        "location name": "Khirbet Marjameh",
        "location_name_he": "חורבת מרג'מה",
        "latitude": 32.0158,
        "longitude": 35.3425,
        "start year": -1000,
        "end time": -586,
        "title": "Plastered_Cistern",
        "description": "A rock-cut cistern opening was found near the 8th-century BCE fortifications, though its size and plaster type are unknown. The primary water source for the city was the large Ein Samia spring nearby. Cisterns or pools were found at Qala' Marjama, dated to the Iron Age II period. | Hebrew: חורבת מרג'מה | Region: Samaria | Precision: Tier 1: High Precision (Pinpoint Well/Installation < 50m) | Era: 09. Iron Age II (-1000 to -586 BCE) | Section: 2.9.22 | Pages: 162, 191",
        "era": "Iron_Age_II",
        "region": "Samaria",
        "location_precision": "Tier 1: High Precision (Pinpoint Well/Installation < 50m)",
        "section_ref": "2.9.22",
        "source_pages": [
          "162",
          "191"
        ]
      }
    },
    {
      "type": "Feature",
      "geometry": {
        "type": "Point",
        "coordinates": [
          34.7525,
          30.9458
        ]
      },
      "properties": {
        "location name": "Khirbet Meshura",
        "location_name_he": "חורבת משורה",
        "latitude": 30.9458,
        "longitude": 34.7525,
        "start year": -1000,
        "end time": -586,
        "title": "Plastered_Cistern",
        "description": "Three rock-cut cisterns, part of the Iron Age II water supply in the Negev Highlands, designed to store water. | Hebrew: חורבת משורה | Region: Negev | Precision: Tier 1: High Precision (Pinpoint Well/Installation < 50m) | Era: 09. Iron Age II (-1000 to -586 BCE) | Section: 2.9.36 | Pages: 171",
        "era": "Iron_Age_II",
        "region": "Negev",
        "location_precision": "Tier 1: High Precision (Pinpoint Well/Installation < 50m)",
        "section_ref": "2.9.36",
        "source_pages": [
          "171"
        ]
      }
    },
    {
      "type": "Feature",
      "geometry": {
        "type": "Point",
        "coordinates": [
          35.2083,
          31.9167
        ]
      },
      "properties": {
        "location name": "Khirbet Raddana",
        "location_name_he": "חורבת רדנה",
        "latitude": 31.9167,
        "longitude": 35.2083,
        "start year": -1000,
        "end time": -586,
        "title": "Plastered_Cistern",
        "description": "Cisterns or pools were found at Khirbet Raddana, dated to the Iron Age II period. | Hebrew: חורבת רדנה | Region: Judean Hills | Precision: Tier 1: High Precision (Pinpoint Well/Installation < 50m) | Era: 09. Iron Age II (-1000 to -586 BCE) | Pages: 191",
        "era": "Iron_Age_II",
        "region": "Judean Hills",
        "location_precision": "Tier 1: High Precision (Pinpoint Well/Installation < 50m)",
        "section_ref": "",
        "source_pages": [
          "191"
        ]
      }
    },
    {
      "type": "Feature",
      "geometry": {
        "type": "Point",
        "coordinates": [
          34.9015,
          31.0195
        ]
      },
      "properties": {
        "location name": "Khirbet Rahba",
        "location_name_he": "חורבת רחבה",
        "latitude": 31.0195,
        "longitude": 34.9015,
        "start year": -1000,
        "end time": -586,
        "title": "Deep_Well",
        "description": "One open cistern, part of the Iron Age II water supply in the Negev Highlands, designed to collect runoff water. Two rock-cut cisterns, part of the Iron Age II water supply in the Negev Highlands, designed to store water. | Hebrew: חורבת רחבה | Region: Negev | Precision: Tier 1: High Precision (Pinpoint Well/Installation < 50m) | Era: 09. Iron Age II (-1000 to -586 BCE) | Section: 2.9.36 | Pages: 171",
        "era": "Iron_Age_II",
        "region": "Negev",
        "location_precision": "Tier 1: High Precision (Pinpoint Well/Installation < 50m)",
        "section_ref": "2.9.36",
        "source_pages": [
          "171"
        ]
      }
    },
    {
      "type": "Feature",
      "geometry": {
        "type": "Point",
        "coordinates": [
          34.7953,
          30.9292
        ]
      },
      "properties": {
        "location name": "Khirbet Ramat Boker",
        "location_name_he": "חורבת רמת בוקר",
        "latitude": 30.9292,
        "longitude": 34.7953,
        "start year": -1000,
        "end time": -586,
        "title": "Deep_Well",
        "description": "One open cistern, part of the Iron Age II water supply in the Negev Highlands, designed to collect runoff water. | Hebrew: חורבת רמת בוקר | Region: Negev | Precision: Tier 1: High Precision (Pinpoint Well/Installation < 50m) | Era: 09. Iron Age II (-1000 to -586 BCE) | Section: 2.9.36 | Pages: 171",
        "era": "Iron_Age_II",
        "region": "Negev",
        "location_precision": "Tier 1: High Precision (Pinpoint Well/Installation < 50m)",
        "section_ref": "2.9.36",
        "source_pages": [
          "171"
        ]
      }
    },
    {
      "type": "Feature",
      "geometry": {
        "type": "Point",
        "coordinates": [
          34.72801,
          30.87235
        ]
      },
      "properties": {
        "location name": "Khirbet Ratama",
        "location_name_he": "חורבת רתמה",
        "latitude": 30.87235,
        "longitude": 34.72801,
        "start year": -1000,
        "end time": -586,
        "title": "Deep_Well",
        "description": "One open cistern, part of the Iron Age II water supply in the Negev Highlands, designed to collect runoff water. | Hebrew: חורבת רתמה | Region: Negev | Precision: Tier 1: High Precision (Pinpoint Well/Installation < 50m) | Era: 09. Iron Age II (-1000 to -586 BCE) | Section: 2.9.36 | Pages: 171",
        "era": "Iron_Age_II",
        "region": "Negev",
        "location_precision": "Tier 1: High Precision (Pinpoint Well/Installation < 50m)",
        "section_ref": "2.9.36",
        "source_pages": [
          "171"
        ]
      }
    },
    {
      "type": "Feature",
      "geometry": {
        "type": "Point",
        "coordinates": [
          35.08892,
          31.00039
        ]
      },
      "properties": {
        "location name": "Khirbet Tov",
        "location_name_he": "חורבת טוב",
        "latitude": 31.00039,
        "longitude": 35.08892,
        "start year": -1000,
        "end time": -586,
        "title": "Ancient_City_Water_System",
        "description": "A fortress from the 7th century BCE with a water system comprising a well (3.9m diameter and depth) located 46m from the fortress, and a channel passing through the fortress wall, likely for collecting runoff and possibly supplemented by the well. An unlocated water reservoir within the fortress is hypothesized. Listed as one of 17 sites in Iron Age II Israel with a monumental water system, likely involving a tunnel or shaft to access groundwater within the fortified city. Wells were found at Khirbet Tov, which are dated with high probability to the Iron Age II period. A reservoir with an external feeding system was possibly identified at Khirbet Tov during the Iron Age II, though its identification is noted with some uncertainty. | Hebrew: חורבת טוב | Region: Negev | Precision: Tier 1: High Precision (Pinpoint Well/Installation < 50m) | Era: 09. Iron Age II (-1000 to -586 BCE) | Section: 2.9.16, Summary (186) | Pages: 158, 186, 187, 191",
        "era": "Iron_Age_II",
        "region": "Negev",
        "location_precision": "Tier 1: High Precision (Pinpoint Well/Installation < 50m)",
        "section_ref": "2.9.16, Summary (186)",
        "source_pages": [
          "158",
          "186",
          "187",
          "191"
        ]
      }
    },
    {
      "type": "Feature",
      "geometry": {
        "type": "Point",
        "coordinates": [
          30.7133,
          39.2014
        ]
      },
      "properties": {
        "location name": "Midas City",
        "location_name_he": "מידאס סיטי (פריגיה)",
        "latitude": 39.2014,
        "longitude": 30.7133,
        "start year": -1000,
        "end time": -586,
        "title": "Water_Tunnel_Shaft",
        "description": "A fortified city with several tunnels and stepped passages cut into the rock, leading to springs below the city level. These systems, including a large cave-like chamber with ventilation shafts and a fountain, provided hidden access to water during sieges. A water system, cut to a spring or groundwater within the fortified city, was found at Midas City, dating to the Iron Age II. | Hebrew: מידאס סיטי (פריגיה) | Region: Phrygia | Precision: Tier 4: International Comparative Site (< 100m - 1km) | Era: 09. Iron Age II (-1000 to -586 BCE) | Section: 2.9.43 | Pages: 177, 178, 191",
        "era": "Iron_Age_II",
        "region": "Phrygia",
        "location_precision": "Tier 4: International Comparative Site (< 100m - 1km)",
        "section_ref": "2.9.43",
        "source_pages": [
          "177",
          "178",
          "191"
        ]
      }
    },
    {
      "type": "Feature",
      "geometry": {
        "type": "Point",
        "coordinates": [
          34.66943,
          30.68209
        ]
      },
      "properties": {
        "location name": "Migdal Nahal Sarapid",
        "location_name_he": "מגדל נחל סרפד",
        "latitude": 30.68209,
        "longitude": 34.66943,
        "start year": -1000,
        "end time": -586,
        "title": "Deep_Well",
        "description": "One open cistern, part of the Iron Age II water supply in the Negev Highlands, designed to collect runoff water. | Hebrew: מגדל נחל סרפד | Region: Negev | Precision: Tier 1: High Precision (Pinpoint Well/Installation < 50m) | Era: 09. Iron Age II (-1000 to -586 BCE) | Section: 2.9.36 | Pages: 171",
        "era": "Iron_Age_II",
        "region": "Negev",
        "location_precision": "Tier 1: High Precision (Pinpoint Well/Installation < 50m)",
        "section_ref": "2.9.36",
        "source_pages": [
          "171"
        ]
      }
    },
    {
      "type": "Feature",
      "geometry": {
        "type": "Point",
        "coordinates": [
          34.7805,
          30.60364
        ]
      },
      "properties": {
        "location name": "Mishor Haruach",
        "location_name_he": "מישור הרוח",
        "latitude": 30.60364,
        "longitude": 34.7805,
        "start year": -1000,
        "end time": -586,
        "title": "Deep_Well",
        "description": "One open cistern, part of the Iron Age II water supply in the Negev Highlands, designed to collect runoff water. | Hebrew: מישור הרוח | Region: Negev | Precision: Tier 1: High Precision (Pinpoint Well/Installation < 50m) | Era: 09. Iron Age II (-1000 to -586 BCE) | Section: 2.9.36 | Pages: 171",
        "era": "Iron_Age_II",
        "region": "Negev",
        "location_precision": "Tier 1: High Precision (Pinpoint Well/Installation < 50m)",
        "section_ref": "2.9.36",
        "source_pages": [
          "171"
        ]
      }
    },
    {
      "type": "Feature",
      "geometry": {
        "type": "Point",
        "coordinates": [
          34.7225,
          30.6225
        ]
      },
      "properties": {
        "location name": "Mitzad Har Hamat",
        "location_name_he": "מצודת הר חמת",
        "latitude": 30.6225,
        "longitude": 34.7225,
        "start year": -1000,
        "end time": -586,
        "title": "Deep_Well",
        "description": "One open cistern, part of the Iron Age II water supply in the Negev Highlands, designed to collect runoff water. | Hebrew: מצודת הר חמת | Region: Negev | Precision: Tier 1: High Precision (Pinpoint Well/Installation < 50m) | Era: 09. Iron Age II (-1000 to -586 BCE) | Section: 2.9.36 | Pages: 171",
        "era": "Iron_Age_II",
        "region": "Negev",
        "location_precision": "Tier 1: High Precision (Pinpoint Well/Installation < 50m)",
        "section_ref": "2.9.36",
        "source_pages": [
          "171"
        ]
      }
    },
    {
      "type": "Feature",
      "geometry": {
        "type": "Point",
        "coordinates": [
          34.67761,
          30.90211
        ]
      },
      "properties": {
        "location name": "Mitzad Har Raviv",
        "location_name_he": "מצד הר רביב",
        "latitude": 30.90211,
        "longitude": 34.67761,
        "start year": -1000,
        "end time": -586,
        "title": "Deep_Well",
        "description": "One open cistern, part of the Iron Age II water supply in the Negev Highlands, designed to collect runoff water. | Hebrew: מצד הר רביב | Region: Negev | Precision: Tier 1: High Precision (Pinpoint Well/Installation < 50m) | Era: 09. Iron Age II (-1000 to -586 BCE) | Section: 2.9.36 | Pages: 171",
        "era": "Iron_Age_II",
        "region": "Negev",
        "location_precision": "Tier 1: High Precision (Pinpoint Well/Installation < 50m)",
        "section_ref": "2.9.36",
        "source_pages": [
          "171"
        ]
      }
    },
    {
      "type": "Feature",
      "geometry": {
        "type": "Point",
        "coordinates": [
          34.94233,
          30.95531
        ]
      },
      "properties": {
        "location name": "Mitzad Hatira",
        "location_name_he": "מצודת חתירה",
        "latitude": 30.95531,
        "longitude": 34.94233,
        "start year": -1000,
        "end time": -586,
        "title": "Deep_Well",
        "description": "One open cistern, part of the Iron Age II water supply in the Negev Highlands, designed to collect runoff water. | Hebrew: מצודת חתירה | Region: Negev | Precision: Tier 1: High Precision (Pinpoint Well/Installation < 50m) | Era: 09. Iron Age II (-1000 to -586 BCE) | Section: 2.9.36 | Pages: 171",
        "era": "Iron_Age_II",
        "region": "Negev",
        "location_precision": "Tier 1: High Precision (Pinpoint Well/Installation < 50m)",
        "section_ref": "2.9.36",
        "source_pages": [
          "171"
        ]
      }
    },
    {
      "type": "Feature",
      "geometry": {
        "type": "Point",
        "coordinates": [
          34.63682,
          30.65745
        ]
      },
      "properties": {
        "location name": "Mitzad Nahal Akrav",
        "location_name_he": "מצודת נחל עקרב",
        "latitude": 30.65745,
        "longitude": 34.63682,
        "start year": -1000,
        "end time": -586,
        "title": "Deep_Well",
        "description": "One open cistern (possibly two), part of the Iron Age II water supply in the Negev Highlands, designed to collect runoff water. | Hebrew: מצודת נחל עקרב | Region: Negev | Precision: Tier 1: High Precision (Pinpoint Well/Installation < 50m) | Era: 09. Iron Age II (-1000 to -586 BCE) | Section: 2.9.36 | Pages: 171",
        "era": "Iron_Age_II",
        "region": "Negev",
        "location_precision": "Tier 1: High Precision (Pinpoint Well/Installation < 50m)",
        "section_ref": "2.9.36",
        "source_pages": [
          "171"
        ]
      }
    },
    {
      "type": "Feature",
      "geometry": {
        "type": "Point",
        "coordinates": [
          34.8063,
          30.92194
        ]
      },
      "properties": {
        "location name": "Mitzad Nahal Boker",
        "location_name_he": "מצד נחל בוקר",
        "latitude": 30.92194,
        "longitude": 34.8063,
        "start year": -1000,
        "end time": -586,
        "title": "Deep_Well",
        "description": "One open cistern, part of the Iron Age II water supply in the Negev Highlands, designed to collect runoff water. Two rock-cut cisterns, part of the Iron Age II water supply in the Negev Highlands, designed to store water. | Hebrew: מצד נחל בוקר | Region: Negev | Precision: Tier 1: High Precision (Pinpoint Well/Installation < 50m) | Era: 09. Iron Age II (-1000 to -586 BCE) | Section: 2.9.36 | Pages: 171",
        "era": "Iron_Age_II",
        "region": "Negev",
        "location_precision": "Tier 1: High Precision (Pinpoint Well/Installation < 50m)",
        "section_ref": "2.9.36",
        "source_pages": [
          "171"
        ]
      }
    },
    {
      "type": "Feature",
      "geometry": {
        "type": "Point",
        "coordinates": [
          34.67651,
          30.72447
        ]
      },
      "properties": {
        "location name": "Mitzad Nahal Ela",
        "location_name_he": "מצד נחל אלה",
        "latitude": 30.72447,
        "longitude": 34.67651,
        "start year": -1000,
        "end time": -586,
        "title": "Deep_Well",
        "description": "Two open cisterns, part of the Iron Age II water supply in the Negev Highlands, designed to collect runoff water. | Hebrew: מצד נחל אלה | Region: Negev | Precision: Tier 1: High Precision (Pinpoint Well/Installation < 50m) | Era: 09. Iron Age II (-1000 to -586 BCE) | Section: 2.9.36 | Pages: 171",
        "era": "Iron_Age_II",
        "region": "Negev",
        "location_precision": "Tier 1: High Precision (Pinpoint Well/Installation < 50m)",
        "section_ref": "2.9.36",
        "source_pages": [
          "171"
        ]
      }
    },
    {
      "type": "Feature",
      "geometry": {
        "type": "Point",
        "coordinates": [
          34.8775,
          30.7938
        ]
      },
      "properties": {
        "location name": "Mitzad Nahal Tzana",
        "location_name_he": "מצד נחל צנע",
        "latitude": 30.7938,
        "longitude": 34.8775,
        "start year": -1000,
        "end time": -586,
        "title": "Deep_Well",
        "description": "Four open cisterns, part of the Iron Age II water supply in the Negev Highlands, designed to collect runoff water. | Hebrew: מצד נחל צנע | Region: Negev | Precision: Tier 1: High Precision (Pinpoint Well/Installation < 50m) | Era: 09. Iron Age II (-1000 to -586 BCE) | Section: 2.9.36 | Pages: 171",
        "era": "Iron_Age_II",
        "region": "Negev",
        "location_precision": "Tier 1: High Precision (Pinpoint Well/Installation < 50m)",
        "section_ref": "2.9.36",
        "source_pages": [
          "171"
        ]
      }
    },
    {
      "type": "Feature",
      "geometry": {
        "type": "Point",
        "coordinates": [
          34.67255,
          30.68389
        ]
      },
      "properties": {
        "location name": "Mitzad Sarapid",
        "location_name_he": "מצד סרפד",
        "latitude": 30.68389,
        "longitude": 34.67255,
        "start year": -1000,
        "end time": -586,
        "title": "Deep_Well",
        "description": "One open cistern, part of the Iron Age II water supply in the Negev Highlands, designed to collect runoff water. Two rock-cut cisterns, part of the Iron Age II water supply in the Negev Highlands, designed to store water. | Hebrew: מצד סרפד | Region: Negev | Precision: Tier 1: High Precision (Pinpoint Well/Installation < 50m) | Era: 09. Iron Age II (-1000 to -586 BCE) | Section: 2.9.36 | Pages: 171",
        "era": "Iron_Age_II",
        "region": "Negev",
        "location_precision": "Tier 1: High Precision (Pinpoint Well/Installation < 50m)",
        "section_ref": "2.9.36",
        "source_pages": [
          "171"
        ]
      }
    },
    {
      "type": "Feature",
      "geometry": {
        "type": "Point",
        "coordinates": [
          22.7567,
          37.7307
        ]
      },
      "properties": {
        "location name": "Mycenae",
        "location_name_he": "מיקנה (יוון)",
        "latitude": 37.7307,
        "longitude": 22.7567,
        "start year": -1000,
        "end time": -586,
        "title": "Water_Tunnel_Shaft",
        "description": "A water system, cut to a spring or groundwater within the fortified city, was found at Mycenae, dating to the Iron Age II. | Hebrew: מיקנה (יוון) | Region: Greece | Precision: Tier 4: International Comparative Site (< 100m - 1km) | Era: 09. Iron Age II (-1000 to -586 BCE) | Pages: 191",
        "era": "Iron_Age_II",
        "region": "Greece",
        "location_precision": "Tier 4: International Comparative Site (< 100m - 1km)",
        "section_ref": "",
        "source_pages": [
          "191"
        ]
      }
    },
    {
      "type": "Feature",
      "geometry": {
        "type": "Point",
        "coordinates": [
          34.4172,
          30.8752
        ]
      },
      "properties": {
        "location name": "Nessana",
        "location_name_he": "נצנה",
        "latitude": 30.8752,
        "longitude": 34.4172,
        "start year": -1000,
        "end time": -586,
        "title": "Plastered_Cistern",
        "description": "Cisterns or pools were found at Nessana, dated to the Iron Age II period. | Hebrew: נצנה | Region: Negev | Precision: Tier 1: High Precision (Pinpoint Well/Installation < 50m) | Era: 09. Iron Age II (-1000 to -586 BCE) | Pages: 191",
        "era": "Iron_Age_II",
        "region": "Negev",
        "location_precision": "Tier 1: High Precision (Pinpoint Well/Installation < 50m)",
        "section_ref": "",
        "source_pages": [
          "191"
        ]
      }
    },
    {
      "type": "Feature",
      "geometry": {
        "type": "Point",
        "coordinates": [
          43.3283,
          36.0967
        ]
      },
      "properties": {
        "location name": "Nimrud (Kalhu)",
        "location_name_he": "נמרוד (כלח)",
        "latitude": 36.0967,
        "longitude": 43.3283,
        "start year": -1000,
        "end time": -586,
        "title": "Deep_Well",
        "description": "Three deep wells were found in the Northwest Palace of Ashurnasirpal II (884-859 BCE). The well in room NN was 25.4m deep and lined with bricks, used for about 250 years, while others were found in courtyard AJ and room AB. An aqueduct, about 28 km long, was built by Ashurnasirpal II (884-859 BCE) to bring water from the Great Zab river to Nimrud. It included the Negub Tunnel, a rock-cut tunnel with shafts, which diverted water through a ridge, and is considered the oldest aqueduct in the world. An aqueduct bringing water from a distance outside the city was found at Nimrud, dating to the Iron Age II. | Hebrew: נמרוד (כלח) | Region: Mesopotamia | Precision: Tier 4: International Comparative Site (< 100m - 1km) | Era: 09. Iron Age II (-1000 to -586 BCE) | Section: 2.9.44, 2.9.45 | Pages: 178, 179, 180, 191",
        "era": "Iron_Age_II",
        "region": "Mesopotamia",
        "location_precision": "Tier 4: International Comparative Site (< 100m - 1km)",
        "section_ref": "2.9.44, 2.9.45",
        "source_pages": [
          "178",
          "179",
          "180",
          "191"
        ]
      }
    },
    {
      "type": "Feature",
      "geometry": {
        "type": "Point",
        "coordinates": [
          43.153,
          36.36
        ]
      },
      "properties": {
        "location name": "Nineveh",
        "location_name_he": "נינוה (אשור)",
        "latitude": 36.36,
        "longitude": 43.153,
        "start year": -1000,
        "end time": -586,
        "title": "Aqueduct_Channel",
        "description": "Sennacherib (704-681 BCE) built extensive water systems for Nineveh, including the Kisiri Canal (16km) from the Khosr river, diverting 18 streams from the Bashiqah mountains, and the Hinis Canal (55km) from the Gomel river basin, which crossed rivers via bridges (like Jerwan) and mountains via tunnels. An Assyrian relief from the time of Ashurbanipal (668-631 BCE) depicts an aqueduct on pointed arches, similar to the Jerwan aqueduct built by Sennacherib, bringing water to a flourishing garden near Nineveh. An aqueduct bringing water from a distance outside the city was found at Nineveh, dating to the Iron Age II. | Hebrew: נינוה (אשור) | Region: Mesopotamia | Precision: Tier 4: International Comparative Site (< 100m - 1km) | Era: 09. Iron Age II (-1000 to -586 BCE) | Section: 2.9.46, 2.9.52 | Pages: 180, 181, 185, 191",
        "era": "Iron_Age_II",
        "region": "Mesopotamia",
        "location_precision": "Tier 4: International Comparative Site (< 100m - 1km)",
        "section_ref": "2.9.46, 2.9.52",
        "source_pages": [
          "180",
          "181",
          "185",
          "191"
        ]
      }
    },
    {
      "type": "Feature",
      "geometry": {
        "type": "Point",
        "coordinates": [
          35.46188,
          31.7407
        ]
      },
      "properties": {
        "location name": "Qumran",
        "location_name_he": "קומראן",
        "latitude": 31.7407,
        "longitude": 35.46188,
        "start year": -1000,
        "end time": -586,
        "title": "Plastered_Cistern",
        "description": "A unique round cistern (Locus 110), 6.5m deep with a diameter of 5.05-5.3m, and a volume of 136 cubic meters. It features a 70cm thick wall with four layers of plaster and an inlet channel 0.85m below the rim, which functioned during Iron Age II. Cisterns or pools were found at Qumran, dated to the Iron Age II period. | Hebrew: קומראן | Region: Judean Desert | Precision: Tier 1: High Precision (Pinpoint Well/Installation < 50m) | Era: 09. Iron Age II (-1000 to -586 BCE) | Section: 2.9.31 | Pages: 167, 191",
        "era": "Iron_Age_II",
        "region": "Judean Desert",
        "location_precision": "Tier 1: High Precision (Pinpoint Well/Installation < 50m)",
        "section_ref": "2.9.31",
        "source_pages": [
          "167",
          "191"
        ]
      }
    },
    {
      "type": "Feature",
      "geometry": {
        "type": "Point",
        "coordinates": [
          26.93,
          37.69
        ]
      },
      "properties": {
        "location name": "Samos (Eupalinos Tunnel)",
        "location_name_he": "מנהרת אופלינוס (סמוס)",
        "latitude": 37.69,
        "longitude": 26.93,
        "start year": -1000,
        "end time": -586,
        "title": "Water_Tunnel_Shaft",
        "description": "The Eupalinos Tunnel, built in the 6th century BCE, is a 1040m long tunnel cut through a mountain to supply water from a spring to the city of Samos. It included an initial 890m covered aqueduct section, vertical shafts, and a complex rock-cut tunnel with a deep trench for water pipes, demonstrating advanced engineering. An aqueduct bringing water from a distance outside the city was found at Samos, dating to the Iron Age II. | Hebrew: מנהרת אופלינוס (סמוס) | Region: Greece | Precision: Tier 4: International Comparative Site (< 100m - 1km) | Era: 09. Iron Age II (-1000 to -586 BCE) | Section: 2.9.48 | Pages: 182, 183, 191",
        "era": "Iron_Age_II",
        "region": "Greece",
        "location_precision": "Tier 4: International Comparative Site (< 100m - 1km)",
        "section_ref": "2.9.48",
        "source_pages": [
          "182",
          "183",
          "191"
        ]
      }
    },
    {
      "type": "Feature",
      "geometry": {
        "type": "Point",
        "coordinates": [
          35.12535,
          31.28173
        ]
      },
      "properties": {
        "location name": "Tel Arad",
        "location_name_he": "תל ערד",
        "latitude": 31.28173,
        "longitude": 35.12535,
        "start year": -1000,
        "end time": -586,
        "title": "Ancient_City_Water_System",
        "description": "A water system for the fortress, including a deep well (25.19m deep, 4.6m diameter) outside the walls, and a covered rock-cut channel (24m long) leading under the city wall to three large plastered cisterns (approx. 250 cubic meters) inside the fortress. The system collected runoff and was supplemented by water from the well. Listed as one of 17 sites in Iron Age II Israel with a monumental water system, likely involving a tunnel or shaft to access groundwater within the fortified city. Wells were found at Tel Arad, which are dated with high probability to the Iron Age II period. A reservoir with an external feeding system was identified at Tel Arad during the Iron Age II. | Hebrew: תל ערד | Region: Negev | Precision: Tier 1: High Precision (Pinpoint Well/Installation < 50m) | Era: 09. Iron Age II (-1000 to -586 BCE) | Section: 2.9.15, Summary (186) | Pages: 155, 156, 157, 158, 186, 187, 191",
        "era": "Iron_Age_II",
        "region": "Negev",
        "location_precision": "Tier 1: High Precision (Pinpoint Well/Installation < 50m)",
        "section_ref": "2.9.15, Summary (186)",
        "source_pages": [
          "155",
          "156",
          "157",
          "158",
          "186",
          "187",
          "191"
        ]
      }
    },
    {
      "type": "Feature",
      "geometry": {
        "type": "Point",
        "coordinates": [
          34.97746,
          31.15098
        ]
      },
      "properties": {
        "location name": "Tel Aroer",
        "location_name_he": "תל ערוער",
        "latitude": 31.15098,
        "longitude": 34.97746,
        "start year": -1000,
        "end time": -586,
        "title": "Ancient_City_Water_System",
        "description": "A walled settlement from the 7th century BCE with a large, unexcavated, bowl-shaped depression (40m diameter, 6m deep) within the walls, hypothesized to be a subterranean water reservoir fed by floodwaters from Nahal Aroer. Additionally, wells outside the settlement were likely used. Listed as one of 17 sites in Iron Age II Israel with a monumental water system, likely involving a tunnel or shaft to access groundwater within the fortified city. A well was found at Tel Aroer, dated to the Iron Age II period. A reservoir with an external feeding system was possibly identified at Tel Aroer during the Iron Age II, though its identification is noted with some uncertainty. | Hebrew: תל ערוער | Region: Negev | Precision: Tier 1: High Precision (Pinpoint Well/Installation < 50m) | Era: 09. Iron Age II (-1000 to -586 BCE) | Section: 2.9.17, Summary (186) | Pages: 159, 186, 191",
        "era": "Iron_Age_II",
        "region": "Negev",
        "location_precision": "Tier 1: High Precision (Pinpoint Well/Installation < 50m)",
        "section_ref": "2.9.17, Summary (186)",
        "source_pages": [
          "159",
          "186",
          "191"
        ]
      }
    },
    {
      "type": "Feature",
      "geometry": {
        "type": "Point",
        "coordinates": [
          34.659,
          31.75693
        ]
      },
      "properties": {
        "location name": "Tel Ashdod",
        "location_name_he": "תל אשדוד",
        "latitude": 31.75693,
        "longitude": 34.659,
        "start year": -1000,
        "end time": -586,
        "title": "Plastered_Cistern",
        "description": "Cisterns or pools were found at Ashdod, dated to the Iron Age II period. | Hebrew: תל אשדוד | Region: Coastal Plain | Precision: Tier 1: High Precision (Pinpoint Well/Installation < 50m) | Era: 09. Iron Age II (-1000 to -586 BCE) | Pages: 191",
        "era": "Iron_Age_II",
        "region": "Coastal Plain",
        "location_precision": "Tier 1: High Precision (Pinpoint Well/Installation < 50m)",
        "section_ref": "",
        "source_pages": [
          "191"
        ]
      }
    },
    {
      "type": "Feature",
      "geometry": {
        "type": "Point",
        "coordinates": [
          34.93491,
          31.70102
        ]
      },
      "properties": {
        "location name": "Tel Azekah",
        "location_name_he": "תל עזקה",
        "latitude": 31.70102,
        "longitude": 34.93491,
        "start year": -1000,
        "end time": -586,
        "title": "Ancient_City_Water_System",
        "description": "An Assyrian inscription (Azekah Inscription) from Sargon II's campaign (712 BCE) mentions 'water' and 'canal' in the context of conquering a city, possibly hinting at the use or destruction of a water system, or a siege tactic involving a water tunnel. | Hebrew: תל עזקה | Region: Shephelah | Precision: Tier 1: High Precision (Pinpoint Well/Installation < 50m) | Era: 09. Iron Age II (-1000 to -586 BCE) | Section: 2.9.50 | Pages: 184",
        "era": "Iron_Age_II",
        "region": "Shephelah",
        "location_precision": "Tier 1: High Precision (Pinpoint Well/Installation < 50m)",
        "section_ref": "2.9.50",
        "source_pages": [
          "184"
        ]
      }
    },
    {
      "type": "Feature",
      "geometry": {
        "type": "Point",
        "coordinates": [
          34.83643,
          31.24566
        ]
      },
      "properties": {
        "location name": "Tel Beersheba",
        "location_name_he": "תל באר שבע",
        "latitude": 31.24566,
        "longitude": 34.83643,
        "start year": -1000,
        "end time": -586,
        "title": "Ancient_City_Water_System",
        "description": "An elaborate internal city water system from Iron Age II, consisting of a deep entrance shaft, a large double-cruciform plastered reservoir (approx. 500 cubic meters) fed by floodwaters from Nahal Hebron via a channel, and a deep well outside the city walls (Iron Age I, but used in Iron Age II). Listed as one of 17 sites in Iron Age II Israel with a monumental water system, specifically mentioning a cruciform-shaped reservoir designed to maximize storage volume and prevent roof collapse. Wells were found at Tel Beersheba, including three associated with 'Nimrod', dating to the Iron Age II period. A reservoir with an external feeding system was identified at Tel Beersheba during the Iron Age II. | Hebrew: תל באר שבע | Region: Negev | Precision: Tier 1: High Precision (Pinpoint Well/Installation < 50m) | Era: 09. Iron Age II (-1000 to -586 BCE) | Section: 2.9.14, Summary (186) | Pages: 153, 154, 155, 186, 191",
        "era": "Iron_Age_II",
        "region": "Negev",
        "location_precision": "Tier 1: High Precision (Pinpoint Well/Installation < 50m)",
        "section_ref": "2.9.14, Summary (186)",
        "source_pages": [
          "153",
          "154",
          "155",
          "186",
          "191"
        ]
      }
    },
    {
      "type": "Feature",
      "geometry": {
        "type": "Point",
        "coordinates": [
          34.90931,
          31.45576
        ]
      },
      "properties": {
        "location name": "Tel Beit Mirsim",
        "location_name_he": "תל בית מרסים",
        "latitude": 31.45576,
        "longitude": 34.90931,
        "start year": -1000,
        "end time": -586,
        "title": "Plastered_Cistern",
        "description": "Several cisterns were found in Layer A (Iron Age II). One in the SE area (338-15) was 6m deep, with a built and rock-cut section, and a well-preserved, plastered channel leading to it from the NE, likely draining roofs. A settling basin was present at the channel's entry point. Cisterns or pools were found at Tel Beit Mirsim, dated to the Iron Age II period. | Hebrew: תל בית מרסים | Region: Shephelah | Precision: Tier 1: High Precision (Pinpoint Well/Installation < 50m) | Era: 09. Iron Age II (-1000 to -586 BCE) | Section: 2.9.28 | Pages: 165, 191",
        "era": "Iron_Age_II",
        "region": "Shephelah",
        "location_precision": "Tier 1: High Precision (Pinpoint Well/Installation < 50m)",
        "section_ref": "2.9.28",
        "source_pages": [
          "165",
          "191"
        ]
      }
    },
    {
      "type": "Feature",
      "geometry": {
        "type": "Point",
        "coordinates": [
          34.97173,
          31.74972
        ]
      },
      "properties": {
        "location name": "Tel Beit Shemesh",
        "location_name_he": "תל בית שמש",
        "latitude": 31.74972,
        "longitude": 34.97173,
        "start year": -1000,
        "end time": -586,
        "title": "Water_Reservoir",
        "description": "A monumental, cruciform-shaped rock-cut reservoir (24x23.5m, 6m high) in Area C, fed by multiple channels collecting runoff, was constructed in the 10th century BCE (Iron IIA) and reused in the 7th century BCE. A round cistern in Area B, dated to Iron Age II, measuring 5.75m in diameter and 7m deep. It features a 0.6m diameter opening, a 5m neck (3m built, 2m rock-cut), and 10cm thick gray plaster. Its estimated volume is 87 cubic meters. A rock-cut, spherical cistern in Area A, dated to Iron Age II, with a 1x1m square opening and a 1.5m neck, reaching a depth of 4.5m. Its volume is approximately 15 cubic meters (excluding the neck), with traces of disintegrated plaster found. Listed as one of 17 sites in Iron Age II Israel with a monumental water system, specifically mentioning a cruciform-shaped reservoir designed to maximize storage volume and prevent roof collapse. A reservoir or pool was found at Tel Beit Shemesh, dated to the Iron Age II period. Cisterns or pools were found at Tel Beit Shemesh, dated to the Iron Age II period. | Hebrew: תל בית שמש | Region: Shephelah | Precision: Tier 1: High Precision (Pinpoint Well/Installation < 50m) | Era: 09. Iron Age II (-1000 to -586 BCE) | Section: 2.9.9, 2.9.26, 2.9.27, Summary (186) | Pages: 144, 145, 146, 164, 165, 186, 191",
        "era": "Iron_Age_II",
        "region": "Shephelah",
        "location_precision": "Tier 1: High Precision (Pinpoint Well/Installation < 50m)",
        "section_ref": "2.9.9, 2.9.26, 2.9.27, Summary (186)",
        "source_pages": [
          "144",
          "145",
          "146",
          "164",
          "165",
          "186",
          "191"
        ]
      }
    },
    {
      "type": "Feature",
      "geometry": {
        "type": "Point",
        "coordinates": [
          35.21577,
          31.88497
        ]
      },
      "properties": {
        "location name": "Tel en-Nasbeh",
        "location_name_he": "תל א-נצבה",
        "latitude": 31.88497,
        "longitude": 35.21577,
        "start year": -1000,
        "end time": -586,
        "title": "Plastered_Cistern",
        "description": "The site contains numerous water cisterns, distinguished from granaries by their waterproof plaster, indicating their function for water storage during Iron Age II. | Hebrew: תל א-נצבה | Region: Judean Hills | Precision: Tier 1: High Precision (Pinpoint Well/Installation < 50m) | Era: 09. Iron Age II (-1000 to -586 BCE) | Section: 2.9.23 | Pages: 162",
        "era": "Iron_Age_II",
        "region": "Judean Hills",
        "location_precision": "Tier 1: High Precision (Pinpoint Well/Installation < 50m)",
        "section_ref": "2.9.23",
        "source_pages": [
          "162"
        ]
      }
    },
    {
      "type": "Feature",
      "geometry": {
        "type": "Point",
        "coordinates": [
          34.80648,
          32.09327
        ]
      },
      "properties": {
        "location name": "Tel Gerisa",
        "location_name_he": "תל גריסה",
        "latitude": 32.09327,
        "longitude": 34.80648,
        "start year": -1000,
        "end time": -586,
        "title": "Plastered_Cistern",
        "description": "Cisterns or pools were found at Tel Gerisa, dated to the Iron Age II period. | Hebrew: תל גריסה | Region: Coastal Plain | Precision: Tier 1: High Precision (Pinpoint Well/Installation < 50m) | Era: 09. Iron Age II (-1000 to -586 BCE) | Pages: 191",
        "era": "Iron_Age_II",
        "region": "Coastal Plain",
        "location_precision": "Tier 1: High Precision (Pinpoint Well/Installation < 50m)",
        "section_ref": "",
        "source_pages": [
          "191"
        ]
      }
    },
    {
      "type": "Feature",
      "geometry": {
        "type": "Point",
        "coordinates": [
          34.91857,
          31.85882
        ]
      },
      "properties": {
        "location name": "Tel Gezer",
        "location_name_he": "תל גזר",
        "latitude": 31.85882,
        "longitude": 34.91857,
        "start year": -1000,
        "end time": -586,
        "title": "Water_Reservoir",
        "description": "A large, double rock-cut reservoir, approximately 18m deep with plastered walls, was likely filled by runoff water. The excavator dates this installation to the Iron Age. Listed as one of 17 sites in Iron Age II Israel with a monumental water system, likely involving a tunnel or shaft to access groundwater within the fortified city. A reservoir or pool was found at Tel Gezer, dated to the Iron Age II period. Cisterns or pools were found at Tel Gezer, dated to the Iron Age II period. | Hebrew: תל גזר | Region: Shephelah | Precision: Tier 1: High Precision (Pinpoint Well/Installation < 50m) | Era: 09. Iron Age II (-1000 to -586 BCE) | Section: 2.9.8, Summary (186) | Pages: 143, 186, 191",
        "era": "Iron_Age_II",
        "region": "Shephelah",
        "location_precision": "Tier 1: High Precision (Pinpoint Well/Installation < 50m)",
        "section_ref": "2.9.8, Summary (186)",
        "source_pages": [
          "143",
          "186",
          "191"
        ]
      }
    },
    {
      "type": "Feature",
      "geometry": {
        "type": "Point",
        "coordinates": [
          34.86535,
          31.38272
        ]
      },
      "properties": {
        "location name": "Tel Halif",
        "location_name_he": "תל חליף",
        "latitude": 31.38272,
        "longitude": 34.86535,
        "start year": -1000,
        "end time": -586,
        "title": "Plastered_Cistern",
        "description": "A rectangular, well-plastered cistern, measuring 9x4x3.5m, was uncovered in Area IV. It is dated to the Iron Age II period. Cisterns or pools were found at Tel Halif, dated to the Iron Age II period. | Hebrew: תל חליף | Region: Shephelah | Precision: Tier 1: High Precision (Pinpoint Well/Installation < 50m) | Era: 09. Iron Age II (-1000 to -586 BCE) | Section: 2.9.32 | Pages: 168, 191",
        "era": "Iron_Age_II",
        "region": "Shephelah",
        "location_precision": "Tier 1: High Precision (Pinpoint Well/Installation < 50m)",
        "section_ref": "2.9.32",
        "source_pages": [
          "168",
          "191"
        ]
      }
    },
    {
      "type": "Feature",
      "geometry": {
        "type": "Point",
        "coordinates": [
          35.56635,
          33.01685
        ]
      },
      "properties": {
        "location name": "Tel Hazor",
        "location_name_he": "תל חצור",
        "latitude": 33.01685,
        "longitude": 35.56635,
        "start year": -1000,
        "end time": -586,
        "title": "Water_Tunnel_Shaft",
        "description": "A large, complex water system was constructed in the 10th-9th century BCE (Iron Age IIA) in the southwestern corner of the tel. It consists of an entrance, a deep shaft (approx. 30m), and a 25m long tunnel leading to the underground water table, designed to secure water supply during sieges. Mentioned as a site with an underground water system where a pulley could have been used, similar to the one depicted in an Assyrian relief, suggesting a sophisticated water supply during sieges. A well was found at Tel Hazor, dated to the Iron Age II period. Cisterns or pools were possibly identified at Tel Hazor during the Iron Age II, though their identification is noted with some uncertainty. A major water system, cut to a spring or groundwater within the fortified city, was found at Tel Hazor, dating to the Iron Age II. | Hebrew: תל חצור | Region: Upper Galilee | Precision: Tier 1: High Precision (Pinpoint Well/Installation < 50m) | Era: 09. Iron Age II (-1000 to -586 BCE) | Section: 2.9.1, 2.9.51 | Pages: 119, 120, 121, 185, 187, 191",
        "era": "Iron_Age_II",
        "region": "Upper Galilee",
        "location_precision": "Tier 1: High Precision (Pinpoint Well/Installation < 50m)",
        "section_ref": "2.9.1, 2.9.51",
        "source_pages": [
          "119",
          "120",
          "121",
          "185",
          "191",
          "187"
        ]
      }
    },
    {
      "type": "Feature",
      "geometry": {
        "type": "Point",
        "coordinates": [
          34.98567,
          31.23213
        ]
      },
      "properties": {
        "location name": "Tel Ira",
        "location_name_he": "תל עירא",
        "latitude": 31.23213,
        "longitude": 34.98567,
        "start year": -1000,
        "end time": -586,
        "title": "Plastered_Cistern",
        "description": "Six cisterns were found within the city, dating to the 8th-7th century BCE. They feature rock-cut necks and rims protected by four large stone slabs. These cisterns were the sole local water supply for the city. | Hebrew: תל עירא | Region: Negev | Precision: Tier 1: High Precision (Pinpoint Well/Installation < 50m) | Era: 09. Iron Age II (-1000 to -586 BCE) | Section: 2.9.33 | Pages: 168",
        "era": "Iron_Age_II",
        "region": "Negev",
        "location_precision": "Tier 1: High Precision (Pinpoint Well/Installation < 50m)",
        "section_ref": "2.9.33",
        "source_pages": [
          "168"
        ]
      }
    },
    {
      "type": "Feature",
      "geometry": {
        "type": "Point",
        "coordinates": [
          35.32664,
          32.55765
        ]
      },
      "properties": {
        "location name": "Tel Jezreel",
        "location_name_he": "תל יזרעאל",
        "latitude": 32.55765,
        "longitude": 35.32664,
        "start year": -1000,
        "end time": -586,
        "title": "Plastered_Cistern",
        "description": "The site utilized numerous rock-cut, plastered cisterns (dozens to hundreds, with two dated to Iron Age II having capacities of 36 and 56 cubic meters) for rainwater collection, supplemented by the Ein Jezreel spring (Ein el-Meiyiteh) which was also used during droughts. Cisterns or pools were found at Tel Jezreel, dated to the Iron Age II period. | Hebrew: תל יזרעאל | Region: Jezreel Valley | Precision: Tier 1: High Precision (Pinpoint Well/Installation < 50m) | Era: 09. Iron Age II (-1000 to -586 BCE) | Section: 2.9.20 | Pages: 160, 161, 162, 191",
        "era": "Iron_Age_II",
        "region": "Jezreel Valley",
        "location_precision": "Tier 1: High Precision (Pinpoint Well/Installation < 50m)",
        "section_ref": "2.9.20",
        "source_pages": [
          "160",
          "161",
          "162",
          "191"
        ]
      }
    },
    {
      "type": "Feature",
      "geometry": {
        "type": "Point",
        "coordinates": [
          34.8478,
          31.56667
        ]
      },
      "properties": {
        "location name": "Tel Lachish",
        "location_name_he": "תל לכיש",
        "latitude": 31.56667,
        "longitude": 34.8478,
        "start year": -1000,
        "end time": -586,
        "title": "Deep_Well",
        "description": "The deep well (44m deep) originally constructed in the Middle Bronze Age continued to serve as a primary water source for the city during Iron II. It is proposed that a runoff water reservoir, similar to those at Beit Shemesh or Beersheba, existed in the northern part of the tel to provide an additional water source for the city during Iron II, though its exact location and completion are debated. Listed as one of 17 sites in Iron Age II Israel with a monumental water system, likely involving a tunnel or shaft to access groundwater within the fortified city. A well was found at Tel Lachish, dated to the Iron Age II period. A reservoir or pool, possibly for water storage, was identified at Tel Lachish during the Iron Age II, though its identification is noted with some uncertainty. | Hebrew: תל לכיש | Region: Shephelah | Precision: Tier 1: High Precision (Pinpoint Well/Installation < 50m) | Era: 09. Iron Age II (-1000 to -586 BCE) | Section: 2.9.10, Summary (186) | Pages: 146, 186, 191",
        "era": "Iron_Age_II",
        "region": "Shephelah",
        "location_precision": "Tier 1: High Precision (Pinpoint Well/Installation < 50m)",
        "section_ref": "2.9.10, Summary (186)",
        "source_pages": [
          "146",
          "186",
          "191"
        ]
      }
    },
    {
      "type": "Feature",
      "geometry": {
        "type": "Point",
        "coordinates": [
          35.18275,
          32.5847
        ]
      },
      "properties": {
        "location name": "Tel Megiddo",
        "location_name_he": "תל מגידו",
        "latitude": 32.5847,
        "longitude": 35.18275,
        "start year": -1000,
        "end time": -586,
        "title": "Water_Tunnel_Shaft",
        "description": "Megiddo features a complex water system with two main phases. The 'gallery' (secret passage) providing access to a natural cave and well is dated by Yadin to the 10th century BCE (Iron Age IIA). A later, monumental system, also from Iron Age II, includes a large shaft (36m deep) and a 50m long tunnel, constructed to access the same water source from within the city walls. Megiddo's impressive water system, consisting of a pit and a tunnel, is attributed by the author and most scholars to Iron Age II. A plastered reservoir with a monumental staircase, located outside the outer gate (Locus 2153), was supplied by the nearby Ein Kubi spring or collected runoff. It is dated to the time of Ahab (Iron II). Mentioned as a site with an underground water system where a pulley could have been used, similar to the one depicted in an Assyrian relief, suggesting a sophisticated water supply during sieges. Listed as one of 17 sites in Iron Age II Israel with three monumental water systems, likely involving tunnels or shafts to access groundwater within the fortified city. A major water system, cut to a spring or groundwater within the fortified city, was found at Tel Megiddo, dating to the Iron Age II. A reservoir with an external feeding system was identified at Tel Megiddo during the Iron Age II. | Hebrew: תל מגידו | Region: Jezreel Valley | Precision: Tier 1: High Precision (Pinpoint Well/Installation < 50m) | Era: 09. Iron Age II (-1000 to -586 BCE) | Section: 2.9.3, 2.9.7, 2.9.51, Summary (186) | Pages: 121, 122, 123, 124, 125, 126, 127, 143, 185, 186, 187, 191",
        "era": "Iron_Age_II",
        "region": "Jezreel Valley",
        "location_precision": "Tier 1: High Precision (Pinpoint Well/Installation < 50m)",
        "section_ref": "2.9.3, 2.9.7, 2.9.51, Summary (186)",
        "source_pages": [
          "121",
          "122",
          "123",
          "124",
          "125",
          "126",
          "127",
          "143",
          "185",
          "186",
          "187",
          "191"
        ]
      }
    },
    {
      "type": "Feature",
      "geometry": {
        "type": "Point",
        "coordinates": [
          35.29103,
          32.0554
        ]
      },
      "properties": {
        "location name": "Tel Shiloh",
        "location_name_he": "תל שילה",
        "latitude": 32.0554,
        "longitude": 35.29103,
        "start year": -1000,
        "end time": -586,
        "title": "Plastered_Cistern",
        "description": "Cisterns or pools were found at Shiloh, dated to the Iron Age II period. | Hebrew: תל שילה | Region: Samaria | Precision: Tier 1: High Precision (Pinpoint Well/Installation < 50m) | Era: 09. Iron Age II (-1000 to -586 BCE) | Pages: 191",
        "era": "Iron_Age_II",
        "region": "Samaria",
        "location_precision": "Tier 1: High Precision (Pinpoint Well/Installation < 50m)",
        "section_ref": "",
        "source_pages": [
          "191"
        ]
      }
    },
    {
      "type": "Feature",
      "geometry": {
        "type": "Point",
        "coordinates": [
          35.22005,
          32.52158
        ]
      },
      "properties": {
        "location name": "Tel Taanach",
        "location_name_he": "תל תענך",
        "latitude": 32.52158,
        "longitude": 35.22005,
        "start year": -1000,
        "end time": -586,
        "title": "Water_Tunnel_Shaft",
        "description": "Mentioned as having an underground water system (from the Late Bronze Age) that provides a comparison for the type of system depicted in the Assyrian relief, implying its continued relevance or similar design in Iron Age II. Cisterns or pools were found at Tel Taanach, dated to the Iron Age II period. | Hebrew: תל תענך | Region: Jezreel Valley | Precision: Tier 1: High Precision (Pinpoint Well/Installation < 50m) | Era: 09. Iron Age II (-1000 to -586 BCE) | Section: 2.9.51 | Pages: 185, 191",
        "era": "Iron_Age_II",
        "region": "Jezreel Valley",
        "location_precision": "Tier 1: High Precision (Pinpoint Well/Installation < 50m)",
        "section_ref": "2.9.51",
        "source_pages": [
          "185",
          "191"
        ]
      }
    },
    {
      "type": "Feature",
      "geometry": {
        "type": "Point",
        "coordinates": [
          35.10696,
          32.66135
        ]
      },
      "properties": {
        "location name": "Tel Yokneam",
        "location_name_he": "תל יקנעם",
        "latitude": 32.66135,
        "longitude": 35.10696,
        "start year": -1000,
        "end time": -586,
        "title": "Water_Tunnel_Shaft",
        "description": "A proposed water system, similar to Hazor's, is indicated by an oval-shaped pit carved into the rock in the lowest part of the city, near external springs. The city's casemate wall, built in the 10th century BCE (Iron Age IIA), incorporates this feature, suggesting a shaft leading to groundwater. Listed as one of 17 sites in Iron Age II Israel with a monumental water system, likely involving a tunnel or shaft to access groundwater within the fortified city. A water system, cut to a spring or groundwater within the fortified city, was found at Tel Yokneam, dating to the Iron Age II. | Hebrew: תל יקנעם | Region: Jezreel Valley | Precision: Tier 1: High Precision (Pinpoint Well/Installation < 50m) | Era: 09. Iron Age II (-1000 to -586 BCE) | Section: 2.9.2, Summary (186) | Pages: 121, 186, 191",
        "era": "Iron_Age_II",
        "region": "Jezreel Valley",
        "location_precision": "Tier 1: High Precision (Pinpoint Well/Installation < 50m)",
        "section_ref": "2.9.2, Summary (186)",
        "source_pages": [
          "121",
          "186",
          "191"
        ]
      }
    },
    {
      "type": "Feature",
      "geometry": {
        "type": "Point",
        "coordinates": [
          22.7997,
          37.6056
        ]
      },
      "properties": {
        "location name": "Tiryns",
        "location_name_he": "טירינס (יוון)",
        "latitude": 37.6056,
        "longitude": 22.7997,
        "start year": -1000,
        "end time": -586,
        "title": "Water_Tunnel_Shaft",
        "description": "A water system, cut to a spring or groundwater within the fortified city, was found at Tiryns, dating to the Iron Age II. | Hebrew: טירינס (יוון) | Region: Greece | Precision: Tier 4: International Comparative Site (< 100m - 1km) | Era: 09. Iron Age II (-1000 to -586 BCE) | Pages: 191",
        "era": "Iron_Age_II",
        "region": "Greece",
        "location_precision": "Tier 4: International Comparative Site (< 100m - 1km)",
        "section_ref": "",
        "source_pages": [
          "191"
        ]
      }
    },
    {
      "type": "Feature",
      "geometry": {
        "type": "Point",
        "coordinates": [
          43.416,
          38.525
        ]
      },
      "properties": {
        "location name": "Toprakkale (Rusahinili)",
        "location_name_he": "טופראק קלה (רוסהינילי)",
        "latitude": 38.525,
        "longitude": 43.416,
        "start year": -1000,
        "end time": -586,
        "title": "Aqueduct_Channel",
        "description": "An aqueduct bringing water from a distance outside the city was found at Toprakkale, dating to the Iron Age II. Around 700 BCE, King Rusa I or II created artificial Lake Rusa by building dams at Kesis Goli and diverting water from the Aliyani river to supply the new capital Toprakkale (Rusahinili) and its gardens. Lake Sihke was used to regulate the water flow. | Hebrew: טופראק קלה (רוסהינילי) | Region: Urartu | Precision: Tier 4: International Comparative Site (< 100m - 1km) | Era: 09. Iron Age II (-1000 to -586 BCE) | Section: 2.9.42 | Pages: 176, 177, 191",
        "era": "Iron_Age_II",
        "region": "Urartu",
        "location_precision": "Tier 4: International Comparative Site (< 100m - 1km)",
        "section_ref": "2.9.42",
        "source_pages": [
          "191",
          "176",
          "177"
        ]
      }
    },
    {
      "type": "Feature",
      "geometry": {
        "type": "Point",
        "coordinates": [
          43.3858,
          38.4819
        ]
      },
      "properties": {
        "location name": "Tushpa / Menua Canal (Van)",
        "location_name_he": "תושפה / אמת מנואה (אוררטו)",
        "latitude": 38.4819,
        "longitude": 43.3858,
        "start year": -1000,
        "end time": -586,
        "title": "Aqueduct_Channel",
        "description": "The 'Mena's Canal' (Manua's Canal), a 56 km long aqueduct built by King Manua (805-785 BCE), supplied water from the Engil river spring to Tushpa, overcoming the non-potable Lake Van water. It included stone dams, channels, and support walls up to 20m high, operating for 2500 years. | Hebrew: תושפה / אמת מנואה (אוררטו) | Region: Urartu | Precision: Tier 4: International Comparative Site (< 100m - 1km) | Era: 09. Iron Age II (-1000 to -586 BCE) | Section: 2.9.40 | Pages: 175, 176",
        "era": "Iron_Age_II",
        "region": "Urartu",
        "location_precision": "Tier 4: International Comparative Site (< 100m - 1km)",
        "section_ref": "2.9.40",
        "source_pages": [
          "175",
          "176"
        ]
      }
    },
    {
      "type": "Feature",
      "geometry": {
        "type": "Point",
        "coordinates": [
          45.0667,
          37.6667
        ]
      },
      "properties": {
        "location name": "Ulhu",
        "location_name_he": "אולחו",
        "latitude": 37.6667,
        "longitude": 45.0667,
        "start year": -1000,
        "end time": -586,
        "title": "Aqueduct_Channel",
        "description": "An irrigation system around Ulhu, including a main aqueduct and numerous qanats (underground channels) dug from the mountain, was destroyed by King Sargon II of Assyria (722-705 BCE). This is the earliest textual evidence of qanats in Urartu. | Hebrew: אולחו | Region: Urartu | Precision: Tier 4: International Comparative Site (< 100m - 1km) | Era: 09. Iron Age II (-1000 to -586 BCE) | Section: 2.9.41 | Pages: 176",
        "era": "Iron_Age_II",
        "region": "Urartu",
        "location_precision": "Tier 4: International Comparative Site (< 100m - 1km)",
        "section_ref": "2.9.41",
        "source_pages": [
          "176"
        ]
      }
    },
    {
      "type": "Feature",
      "geometry": {
        "type": "Point",
        "coordinates": [
          35.445,
          30.327
        ]
      },
      "properties": {
        "location name": "Umm el-Biyara",
        "location_name_he": "אום אל-ביארה",
        "latitude": 30.327,
        "longitude": 35.445,
        "start year": -1000,
        "end time": -586,
        "title": "Plastered_Cistern",
        "description": "Eight bell-shaped, rock-cut cisterns, located at the lowest point of the plateau to collect runoff. They have round openings (~90cm), are ~4m deep, and are plastered with strong light gray-white plaster. One cistern has an inlet channel, and each has a volume of ~33 cubic meters. Cisterns or pools were found at Umm el-Biyara, dated to the Iron Age II period. | Hebrew: אום אל-ביארה | Region: Jordan | Precision: Tier 4: International Comparative Site (< 100m - 1km) | Era: 09. Iron Age II (-1000 to -586 BCE) | Section: 2.9.37 | Pages: 172, 173, 191",
        "era": "Iron_Age_II",
        "region": "Jordan",
        "location_precision": "Tier 4: International Comparative Site (< 100m - 1km)",
        "section_ref": "2.9.37",
        "source_pages": [
          "172",
          "173",
          "191"
        ]
      }
    },
    {
      "type": "Feature",
      "geometry": {
        "type": "Point",
        "coordinates": [
          35.0756,
          32.9244
        ]
      },
      "properties": {
        "location name": "Acre",
        "location_name_he": "עכו",
        "latitude": 32.9244,
        "longitude": 35.0756,
        "start year": -586,
        "end time": 638,
        "title": "Aqueduct_Channel",
        "description": "A Hellenistic aqueduct consisting of tunnels and shafts, approximately 13 km long, built in the 3rd century BCE. | Hebrew: עכו | Region: Coastal Plain | Precision: Tier 1: High Precision (Pinpoint Well/Installation < 50m) | Era: 10. Classical & Later Periods (-586 to +638 CE) | Section: 3.7 | Pages: 212",
        "era": "Classical_Later",
        "region": "Coastal Plain",
        "location_precision": "Tier 1: High Precision (Pinpoint Well/Installation < 50m)",
        "section_ref": "3.7",
        "source_pages": [
          "212"
        ]
      }
    },
    {
      "type": "Feature",
      "geometry": {
        "type": "Point",
        "coordinates": [
          23.7257,
          37.9715
        ]
      },
      "properties": {
        "location name": "Athens (Acropolis)",
        "location_name_he": "אתונה (יוון)",
        "latitude": 37.9715,
        "longitude": 23.7257,
        "start year": -586,
        "end time": 638,
        "title": "Aqueduct_Channel",
        "description": "A clay pipe and tunnel system, 17 km long, built in the 6th century BCE. | Hebrew: אתונה (יוון) | Region: Greece | Precision: Tier 4: International Comparative Site (< 100m - 1km) | Era: 10. Classical & Later Periods (-586 to +638 CE) | Section: 3.7 | Pages: 212",
        "era": "Classical_Later",
        "region": "Greece",
        "location_precision": "Tier 4: International Comparative Site (< 100m - 1km)",
        "section_ref": "3.7",
        "source_pages": [
          "212"
        ]
      }
    },
    {
      "type": "Feature",
      "geometry": {
        "type": "Point",
        "coordinates": [
          23.2681,
          40.2925
        ]
      },
      "properties": {
        "location name": "Olynthus",
        "location_name_he": "אולינתוס",
        "latitude": 40.2925,
        "longitude": 23.2681,
        "start year": -586,
        "end time": 638,
        "title": "Aqueduct_Channel",
        "description": "An underground aqueduct, 13 km long, built in the 5th century BCE. | Hebrew: אולינתוס | Region: Greece | Precision: Tier 4: International Comparative Site (< 100m - 1km) | Era: 10. Classical & Later Periods (-586 to +638 CE) | Section: 3.7 | Pages: 212",
        "era": "Classical_Later",
        "region": "Greece",
        "location_precision": "Tier 4: International Comparative Site (< 100m - 1km)",
        "section_ref": "3.7",
        "source_pages": [
          "212"
        ]
      }
    },
    {
      "type": "Feature",
      "geometry": {
        "type": "Point",
        "coordinates": [
          12.4964,
          41.9028
        ]
      },
      "properties": {
        "location name": "Rome (Anio Vetus)",
        "location_name_he": "רומא (אניו וטוס)",
        "latitude": 41.9028,
        "longitude": 12.4964,
        "start year": -586,
        "end time": 638,
        "title": "Aqueduct_Channel",
        "description": "The Anio Vetus, an underground aqueduct, 64 km long, built in 272 BCE. | Hebrew: רומא (אניו וטוס) | Region: Italy | Precision: Tier 4: International Comparative Site (< 100m - 1km) | Era: 10. Classical & Later Periods (-586 to +638 CE) | Section: 3.7 | Pages: 212",
        "era": "Classical_Later",
        "region": "Italy",
        "location_precision": "Tier 4: International Comparative Site (< 100m - 1km)",
        "section_ref": "3.7",
        "source_pages": [
          "212"
        ]
      }
    },
    {
      "type": "Feature",
      "geometry": {
        "type": "Point",
        "coordinates": [
          12.4964,
          41.9028
        ]
      },
      "properties": {
        "location name": "Rome (Aqua Appia)",
        "location_name_he": "רומא (אקווה אפיה)",
        "latitude": 41.9028,
        "longitude": 12.4964,
        "start year": -586,
        "end time": 638,
        "title": "Aqueduct_Channel",
        "description": "The Aqua Appia, an underground aqueduct, 17.6 km long, built in 312 BCE. | Hebrew: רומא (אקווה אפיה) | Region: Italy | Precision: Tier 4: International Comparative Site (< 100m - 1km) | Era: 10. Classical & Later Periods (-586 to +638 CE) | Section: 3.7 | Pages: 212",
        "era": "Classical_Later",
        "region": "Italy",
        "location_precision": "Tier 4: International Comparative Site (< 100m - 1km)",
        "section_ref": "3.7",
        "source_pages": [
          "212"
        ]
      }
    },
    {
      "type": "Feature",
      "geometry": {
        "type": "Point",
        "coordinates": [
          12.4964,
          41.9028
        ]
      },
      "properties": {
        "location name": "Rome (Aqua Marcia)",
        "location_name_he": "רומא (אקווה מרקיה)",
        "latitude": 41.9028,
        "longitude": 12.4964,
        "start year": -586,
        "end time": 638,
        "title": "Aqueduct_Channel",
        "description": "The Aqua Marcia, an aqueduct 91 km long (10 km on arches), built between 144-140 BCE, supplying water to Rome. | Hebrew: רומא (אקווה מרקיה) | Region: Italy | Precision: Tier 4: International Comparative Site (< 100m - 1km) | Era: 10. Classical & Later Periods (-586 to +638 CE) | Section: 3.7 | Pages: 211",
        "era": "Classical_Later",
        "region": "Italy",
        "location_precision": "Tier 4: International Comparative Site (< 100m - 1km)",
        "section_ref": "3.7",
        "source_pages": [
          "211"
        ]
      }
    },
    {
      "type": "Feature",
      "geometry": {
        "type": "Point",
        "coordinates": [
          26.93,
          37.69
        ]
      },
      "properties": {
        "location name": "Samos (Eupalinos Tunnel)",
        "location_name_he": "מנהרת אופלינוס (סמוס)",
        "latitude": 37.69,
        "longitude": 26.93,
        "start year": -586,
        "end time": 638,
        "title": "Water_Tunnel_Shaft",
        "description": "The Eupalinos Tunnel, a 2 km long tunnel with 60 shafts, built in 524 BCE. | Hebrew: מנהרת אופלינוס (סמוס) | Region: Greece | Precision: Tier 4: International Comparative Site (< 100m - 1km) | Era: 10. Classical & Later Periods (-586 to +638 CE) | Section: 3.7 | Pages: 212",
        "era": "Classical_Later",
        "region": "Greece",
        "location_precision": "Tier 4: International Comparative Site (< 100m - 1km)",
        "section_ref": "3.7",
        "source_pages": [
          "212"
        ]
      }
    },
    {
      "type": "Feature",
      "geometry": {
        "type": "Point",
        "coordinates": [
          35.3719,
          33.5608
        ]
      },
      "properties": {
        "location name": "Sidon",
        "location_name_he": "צידון",
        "latitude": 33.5608,
        "longitude": 35.3719,
        "start year": -586,
        "end time": 638,
        "title": "Aqueduct_Channel",
        "description": "An underground aqueduct and tunnel with shafts, 24 km long, dating to the 6th century BCE. | Hebrew: צידון | Region: Lebanon | Precision: Tier 1: High Precision (Pinpoint Well/Installation < 50m) | Era: 10. Classical & Later Periods (-586 to +638 CE) | Section: 3.7 | Pages: 212",
        "era": "Classical_Later",
        "region": "Lebanon",
        "location_precision": "Tier 1: High Precision (Pinpoint Well/Installation < 50m)",
        "section_ref": "3.7",
        "source_pages": [
          "212"
        ]
      }
    }
  ]
}