<?xml version="1.0" encoding="UTF-8"?>
<kml xmlns="http://www.opengis.net/kml/2.2">
  <Document>
    <name>Ancient Water Installations in Israel (by Era)</name>
    <description>Ancient Water Systems in Settlements in Israel from the Neolithic to the End of the Iron Age - by Dr. Zvika Tzuk (Tel Aviv University, 2000).</description>
    <Style id="style_Paleolithic_Epipaleolithic">
      <IconStyle>
        <color>ff800000</color>
        <scale>1.1</scale>
        <Icon>
          <href>https://maps.google.com/mapfiles/kml/paddle/wht-blank.png</href>
        </Icon>
      </IconStyle>
    </Style>
    <Style id="style_Pre_Pottery_Neolithic">
      <IconStyle>
        <color>ff993300</color>
        <scale>1.1</scale>
        <Icon>
          <href>https://maps.google.com/mapfiles/kml/paddle/wht-blank.png</href>
        </Icon>
      </IconStyle>
    </Style>
    <Style id="style_Pottery_Neolithic">
      <IconStyle>
        <color>ffcc6600</color>
        <scale>1.1</scale>
        <Icon>
          <href>https://maps.google.com/mapfiles/kml/paddle/wht-blank.png</href>
        </Icon>
      </IconStyle>
    </Style>
    <Style id="style_Chalcolithic">
      <IconStyle>
        <color>ff008800</color>
        <scale>1.1</scale>
        <Icon>
          <href>https://maps.google.com/mapfiles/kml/paddle/wht-blank.png</href>
        </Icon>
      </IconStyle>
    </Style>
    <Style id="style_Early_Bronze">
      <IconStyle>
        <color>ff0088ff</color>
        <scale>1.1</scale>
        <Icon>
          <href>https://maps.google.com/mapfiles/kml/paddle/wht-blank.png</href>
        </Icon>
      </IconStyle>
    </Style>
    <Style id="style_Middle_Bronze">
      <IconStyle>
        <color>ff0000cc</color>
        <scale>1.1</scale>
        <Icon>
          <href>https://maps.google.com/mapfiles/kml/paddle/wht-blank.png</href>
        </Icon>
      </IconStyle>
    </Style>
    <Style id="style_Late_Bronze">
      <IconStyle>
        <color>ff880088</color>
        <scale>1.1</scale>
        <Icon>
          <href>https://maps.google.com/mapfiles/kml/paddle/wht-blank.png</href>
        </Icon>
      </IconStyle>
    </Style>
    <Style id="style_Iron_Age_I">
      <IconStyle>
        <color>ffbb0077</color>
        <scale>1.1</scale>
        <Icon>
          <href>https://maps.google.com/mapfiles/kml/paddle/wht-blank.png</href>
        </Icon>
      </IconStyle>
    </Style>
    <Style id="style_Iron_Age_II">
      <IconStyle>
        <color>ff00bb88</color>
        <scale>1.1</scale>
        <Icon>
          <href>https://maps.google.com/mapfiles/kml/paddle/wht-blank.png</href>
        </Icon>
      </IconStyle>
    </Style>
    <Style id="style_Classical_Later">
      <IconStyle>
        <color>ff333333</color>
        <scale>1.1</scale>
        <Icon>
          <href>https://maps.google.com/mapfiles/kml/paddle/wht-blank.png</href>
        </Icon>
      </IconStyle>
    </Style>

    <Folder>
      <name>01. Paleolithic &amp; Epi-Paleolithic (-20000 to -10000 BCE)</name>
      <description>התקופה הפליאוליתית והאפי-פליאוליתית - 2 sites</description>
      <Placemark>
        <name>Atlit-Yam (עתלית ים)</name>
        <description><![CDATA[<h3>Atlit-Yam (עתלית ים)</h3>
<p><b>Period:</b> 01. Paleolithic &amp; Epi-Paleolithic (-20000 to -10000 BCE)</p>
<p><b>Installation Type:</b> Deep Well</p>
<p><b>Location Precision:</b> Tier 1: High Precision (Pinpoint Well/Installation &lt; 50m)</p>
<p><b>Region:</b> Coastal Plain</p>
<p><b>Dissertation Reference:</b> §2.2.1 (Pages 43, 44)</p>
<hr/>
<p><b>Archaeological Description (01. Paleolithic &amp; Epi-Paleolithic):</b></p>
<p>An ancient well, dated to the early 6th millennium BCE (5900 BCE), found submerged 10m below current sea level. It was a cylindrical shaft 1.5m in diameter and 5.7m deep, dug through clay and into kurkar. A second well was found 100m north, dug into clay and lined with stone.</p>]]></description>
        <styleUrl>#style_Paleolithic_Epipaleolithic</styleUrl>
        <ExtendedData>
          <Data name="Site_Name"><value>Atlit-Yam</value></Data>
          <Data name="Hebrew_Name"><value>עתלית ים</value></Data>
          <Data name="Era"><value>01. Paleolithic &amp; Epi-Paleolithic (-20000 to -10000 BCE)</value></Data>
          <Data name="Installation_Type"><value>Deep Well</value></Data>
          <Data name="Region"><value>Coastal Plain</value></Data>
          <Data name="Location_Precision"><value>Tier 1: High Precision (Pinpoint Well/Installation &lt; 50m)</value></Data>
          <Data name="Dates"><value>-20000 to -10000 BCE</value></Data>
          <Data name="Chapter_Section"><value>2.2.1</value></Data>
          <Data name="Dissertation_Pages"><value>43, 44</value></Data>
          <Data name="Description"><value>An ancient well, dated to the early 6th millennium BCE (5900 BCE), found submerged 10m below current sea level. It was a cylindrical shaft 1.5m in diameter and 5.7m deep, dug through clay and into kurkar. A second well was found 100m north, dug into clay and lined with stone.</value></Data>
        </ExtendedData>
        <Point>
          <coordinates>34.9315,32.71089,0</coordinates>
        </Point>
      </Placemark>
      <Placemark>
        <name>Khirbet Jarassur (ח&apos;רבת ג&apos;אראסור)</name>
        <description><![CDATA[<h3>Khirbet Jarassur (ח&apos;רבת ג&apos;אראסור)</h3>
<p><b>Period:</b> 01. Paleolithic &amp; Epi-Paleolithic (-20000 to -10000 BCE)</p>
<p><b>Installation Type:</b> Deep Well</p>
<p><b>Location Precision:</b> Tier 4: International Comparative Site (&lt; 100m - 1km)</p>
<p><b>Region:</b> Syria</p>
<p><b>Dissertation Reference:</b> §2.2.2 (Pages 44)</p>
<hr/>
<p><b>Archaeological Description (01. Paleolithic &amp; Epi-Paleolithic):</b></p>
<p>A well found at a Halafian culture site (5200 BCE), considered by Campbell to be the oldest well in the world. Most of its upper part was destroyed during the excavation of an irrigation channel.</p>]]></description>
        <styleUrl>#style_Paleolithic_Epipaleolithic</styleUrl>
        <ExtendedData>
          <Data name="Site_Name"><value>Khirbet Jarassur</value></Data>
          <Data name="Hebrew_Name"><value>ח&apos;רבת ג&apos;אראסור</value></Data>
          <Data name="Era"><value>01. Paleolithic &amp; Epi-Paleolithic (-20000 to -10000 BCE)</value></Data>
          <Data name="Installation_Type"><value>Deep Well</value></Data>
          <Data name="Region"><value>Syria</value></Data>
          <Data name="Location_Precision"><value>Tier 4: International Comparative Site (&lt; 100m - 1km)</value></Data>
          <Data name="Dates"><value>-20000 to -10000 BCE</value></Data>
          <Data name="Chapter_Section"><value>2.2.2</value></Data>
          <Data name="Dissertation_Pages"><value>44</value></Data>
          <Data name="Description"><value>A well found at a Halafian culture site (5200 BCE), considered by Campbell to be the oldest well in the world. Most of its upper part was destroyed during the excavation of an irrigation channel.</value></Data>
        </ExtendedData>
        <Point>
          <coordinates>38.95,36.25,0</coordinates>
        </Point>
      </Placemark>
    </Folder>
    <Folder>
      <name>02. Pre-Pottery Neolithic (PPN) (-8300 to -5500 BCE)</name>
      <description>התקופה הניאוליתית הקדם-קרמית - 9 sites</description>
      <Placemark>
        <name>Ain Ghazal / Ibn el-Ghazzi (עין ע&apos;זאל / אבן אל-ע&apos;אזי)</name>
        <description><![CDATA[<h3>Ain Ghazal / Ibn el-Ghazzi (עין ע&apos;זאל / אבן אל-ע&apos;אזי)</h3>
<p><b>Period:</b> 02. Pre-Pottery Neolithic (PPN) (-8300 to -5500 BCE)</p>
<p><b>Installation Type:</b> Water Reservoir</p>
<p><b>Location Precision:</b> Tier 4: International Comparative Site (&lt; 100m - 1km)</p>
<p><b>Region:</b> Jordan</p>
<p><b>Dissertation Reference:</b> §2.2.3, 2.2 (Pages 45, 46, 48)</p>
<hr/>
<p><b>Archaeological Description (02. Pre-Pottery Neolithic):</b></p>
<p>A complex water system including artificial channels (two long, two short) leading to &apos;wells&apos; (interpreted as reservoirs/basins) in a shallow depression. This system was designed to collect and store runoff water from a catchment area of about 29 dunams, potentially holding up to 13,900 cubic meters. A settlement located on the eastern outskirts of Amman, Jordan, near a spring.</p>]]></description>
        <styleUrl>#style_Pre_Pottery_Neolithic</styleUrl>
        <ExtendedData>
          <Data name="Site_Name"><value>Ain Ghazal / Ibn el-Ghazzi</value></Data>
          <Data name="Hebrew_Name"><value>עין ע&apos;זאל / אבן אל-ע&apos;אזי</value></Data>
          <Data name="Era"><value>02. Pre-Pottery Neolithic (PPN) (-8300 to -5500 BCE)</value></Data>
          <Data name="Installation_Type"><value>Water Reservoir</value></Data>
          <Data name="Region"><value>Jordan</value></Data>
          <Data name="Location_Precision"><value>Tier 4: International Comparative Site (&lt; 100m - 1km)</value></Data>
          <Data name="Dates"><value>-8300 to -5500 BCE</value></Data>
          <Data name="Chapter_Section"><value>2.2.3, 2.2</value></Data>
          <Data name="Dissertation_Pages"><value>45, 46, 48</value></Data>
          <Data name="Description"><value>A complex water system including artificial channels (two long, two short) leading to &apos;wells&apos; (interpreted as reservoirs/basins) in a shallow depression. This system was designed to collect and store runoff water from a catchment area of about 29 dunams, potentially holding up to 13,900 cubic meters. A settlement located on the eastern outskirts of Amman, Jordan, near a spring.</value></Data>
        </ExtendedData>
        <Point>
          <coordinates>36.833,31.883,0</coordinates>
        </Point>
      </Placemark>
      <Placemark>
        <name>Atlit-Yam (עתלית ים)</name>
        <description><![CDATA[<h3>Atlit-Yam (עתלית ים)</h3>
<p><b>Period:</b> 02. Pre-Pottery Neolithic (PPN) (-8300 to -5500 BCE)</p>
<p><b>Installation Type:</b> Deep Well</p>
<p><b>Location Precision:</b> Tier 1: High Precision (Pinpoint Well/Installation &lt; 50m)</p>
<p><b>Region:</b> Coastal Plain</p>
<p><b>Dissertation Reference:</b> §2.2 (Pages 45, 48)</p>
<hr/>
<p><b>Archaeological Description (02. Pre-Pottery Neolithic):</b></p>
<p>A well, approximately 6 meters deep, demonstrating advanced hydrological and engineering knowledge, construction capabilities, and quarrying skills of the inhabitants. Another well at the site was only partially excavated.</p>]]></description>
        <styleUrl>#style_Pre_Pottery_Neolithic</styleUrl>
        <ExtendedData>
          <Data name="Site_Name"><value>Atlit-Yam</value></Data>
          <Data name="Hebrew_Name"><value>עתלית ים</value></Data>
          <Data name="Era"><value>02. Pre-Pottery Neolithic (PPN) (-8300 to -5500 BCE)</value></Data>
          <Data name="Installation_Type"><value>Deep Well</value></Data>
          <Data name="Region"><value>Coastal Plain</value></Data>
          <Data name="Location_Precision"><value>Tier 1: High Precision (Pinpoint Well/Installation &lt; 50m)</value></Data>
          <Data name="Dates"><value>-8300 to -5500 BCE</value></Data>
          <Data name="Chapter_Section"><value>2.2</value></Data>
          <Data name="Dissertation_Pages"><value>45, 48</value></Data>
          <Data name="Description"><value>A well, approximately 6 meters deep, demonstrating advanced hydrological and engineering knowledge, construction capabilities, and quarrying skills of the inhabitants. Another well at the site was only partially excavated.</value></Data>
        </ExtendedData>
        <Point>
          <coordinates>34.9315,32.71089,0</coordinates>
        </Point>
      </Placemark>
      <Placemark>
        <name>Beidha (ביידא)</name>
        <description><![CDATA[<h3>Beidha (ביידא)</h3>
<p><b>Period:</b> 02. Pre-Pottery Neolithic (PPN) (-8300 to -5500 BCE)</p>
<p><b>Installation Type:</b> Spring Cave Capture</p>
<p><b>Location Precision:</b> Tier 4: International Comparative Site (&lt; 100m - 1km)</p>
<p><b>Region:</b> Jordan</p>
<p><b>Dissertation Reference:</b> §2.2.6 (Pages 47, 48)</p>
<hr/>
<p><b>Archaeological Description (02. Pre-Pottery Neolithic):</b></p>
<p>A settlement where travertine deposits near Bir Abu Rujha and along a sandstone cliff indicate the presence of a now-dry spring that supplied water. The site&apos;s location in a valley allowed for rainwater collection and channeling to create moist soil conditions, and water cisterns might also have been used.</p>]]></description>
        <styleUrl>#style_Pre_Pottery_Neolithic</styleUrl>
        <ExtendedData>
          <Data name="Site_Name"><value>Beidha</value></Data>
          <Data name="Hebrew_Name"><value>ביידא</value></Data>
          <Data name="Era"><value>02. Pre-Pottery Neolithic (PPN) (-8300 to -5500 BCE)</value></Data>
          <Data name="Installation_Type"><value>Spring Cave Capture</value></Data>
          <Data name="Region"><value>Jordan</value></Data>
          <Data name="Location_Precision"><value>Tier 4: International Comparative Site (&lt; 100m - 1km)</value></Data>
          <Data name="Dates"><value>-8300 to -5500 BCE</value></Data>
          <Data name="Chapter_Section"><value>2.2.6</value></Data>
          <Data name="Dissertation_Pages"><value>47, 48</value></Data>
          <Data name="Description"><value>A settlement where travertine deposits near Bir Abu Rujha and along a sandstone cliff indicate the presence of a now-dry spring that supplied water. The site&apos;s location in a valley allowed for rainwater collection and channeling to create moist soil conditions, and water cisterns might also have been used.</value></Data>
        </ExtendedData>
        <Point>
          <coordinates>35.467,30.4,0</coordinates>
        </Point>
      </Placemark>
      <Placemark>
        <name>Beisamoun (בייסמון)</name>
        <description><![CDATA[<h3>Beisamoun (בייסמון)</h3>
<p><b>Period:</b> 02. Pre-Pottery Neolithic (PPN) (-8300 to -5500 BCE)</p>
<p><b>Installation Type:</b> Spring Cave Capture</p>
<p><b>Location Precision:</b> Tier 1: High Precision (Pinpoint Well/Installation &lt; 50m)</p>
<p><b>Region:</b> Upper Galilee</p>
<p><b>Dissertation Reference:</b> §2.2 (Pages 46)</p>
<hr/>
<p><b>Archaeological Description (02. Pre-Pottery Neolithic):</b></p>
<p>A settlement established in clear proximity to the stable and abundant Einan springs, which remain significant water sources today.</p>]]></description>
        <styleUrl>#style_Pre_Pottery_Neolithic</styleUrl>
        <ExtendedData>
          <Data name="Site_Name"><value>Beisamoun</value></Data>
          <Data name="Hebrew_Name"><value>בייסמון</value></Data>
          <Data name="Era"><value>02. Pre-Pottery Neolithic (PPN) (-8300 to -5500 BCE)</value></Data>
          <Data name="Installation_Type"><value>Spring Cave Capture</value></Data>
          <Data name="Region"><value>Upper Galilee</value></Data>
          <Data name="Location_Precision"><value>Tier 1: High Precision (Pinpoint Well/Installation &lt; 50m)</value></Data>
          <Data name="Dates"><value>-8300 to -5500 BCE</value></Data>
          <Data name="Chapter_Section"><value>2.2</value></Data>
          <Data name="Dissertation_Pages"><value>46</value></Data>
          <Data name="Description"><value>A settlement established in clear proximity to the stable and abundant Einan springs, which remain significant water sources today.</value></Data>
        </ExtendedData>
        <Point>
          <coordinates>35.61037,33.08605,0</coordinates>
        </Point>
      </Placemark>
      <Placemark>
        <name>Gilgal I (גלגל 1)</name>
        <description><![CDATA[<h3>Gilgal I (גלגל 1)</h3>
<p><b>Period:</b> 02. Pre-Pottery Neolithic (PPN) (-8300 to -5500 BCE)</p>
<p><b>Installation Type:</b> Spring Cave Capture</p>
<p><b>Location Precision:</b> Tier 1: High Precision (Pinpoint Well/Installation &lt; 50m)</p>
<p><b>Region:</b> Jordan Valley</p>
<p><b>Dissertation Reference:</b> §2.2 (Pages 46, 47)</p>
<hr/>
<p><b>Archaeological Description (02. Pre-Pottery Neolithic):</b></p>
<p>A prehistoric settlement where travertine deposits up to 3 meters thick indicate the presence of an ancient spring, now dry, which served as the water source for the community.</p>]]></description>
        <styleUrl>#style_Pre_Pottery_Neolithic</styleUrl>
        <ExtendedData>
          <Data name="Site_Name"><value>Gilgal I</value></Data>
          <Data name="Hebrew_Name"><value>גלגל 1</value></Data>
          <Data name="Era"><value>02. Pre-Pottery Neolithic (PPN) (-8300 to -5500 BCE)</value></Data>
          <Data name="Installation_Type"><value>Spring Cave Capture</value></Data>
          <Data name="Region"><value>Jordan Valley</value></Data>
          <Data name="Location_Precision"><value>Tier 1: High Precision (Pinpoint Well/Installation &lt; 50m)</value></Data>
          <Data name="Dates"><value>-8300 to -5500 BCE</value></Data>
          <Data name="Chapter_Section"><value>2.2</value></Data>
          <Data name="Dissertation_Pages"><value>46, 47</value></Data>
          <Data name="Description"><value>A prehistoric settlement where travertine deposits up to 3 meters thick indicate the presence of an ancient spring, now dry, which served as the water source for the community.</value></Data>
        </ExtendedData>
        <Point>
          <coordinates>35.45701,31.89579,0</coordinates>
        </Point>
      </Placemark>
      <Placemark>
        <name>Jericho (יריחו)</name>
        <description><![CDATA[<h3>Jericho (יריחו)</h3>
<p><b>Period:</b> 02. Pre-Pottery Neolithic (PPN) (-8300 to -5500 BCE)</p>
<p><b>Installation Type:</b> Spring Cave Capture</p>
<p><b>Location Precision:</b> Tier 1: High Precision (Pinpoint Well/Installation &lt; 50m)</p>
<p><b>Region:</b> Jordan Valley</p>
<p><b>Dissertation Reference:</b> §2.2 (Pages 46)</p>
<hr/>
<p><b>Archaeological Description (02. Pre-Pottery Neolithic):</b></p>
<p>A settlement from the Pre-Pottery Neolithic A period, located near the Elisha Spring in the Jordan Valley.</p>]]></description>
        <styleUrl>#style_Pre_Pottery_Neolithic</styleUrl>
        <ExtendedData>
          <Data name="Site_Name"><value>Jericho</value></Data>
          <Data name="Hebrew_Name"><value>יריחו</value></Data>
          <Data name="Era"><value>02. Pre-Pottery Neolithic (PPN) (-8300 to -5500 BCE)</value></Data>
          <Data name="Installation_Type"><value>Spring Cave Capture</value></Data>
          <Data name="Region"><value>Jordan Valley</value></Data>
          <Data name="Location_Precision"><value>Tier 1: High Precision (Pinpoint Well/Installation &lt; 50m)</value></Data>
          <Data name="Dates"><value>-8300 to -5500 BCE</value></Data>
          <Data name="Chapter_Section"><value>2.2</value></Data>
          <Data name="Dissertation_Pages"><value>46</value></Data>
          <Data name="Description"><value>A settlement from the Pre-Pottery Neolithic A period, located near the Elisha Spring in the Jordan Valley.</value></Data>
        </ExtendedData>
        <Point>
          <coordinates>35.4442,31.8706,0</coordinates>
        </Point>
      </Placemark>
      <Placemark>
        <name>Khirbet Jarassur (ח&apos;רבת ג&apos;אראסור)</name>
        <description><![CDATA[<h3>Khirbet Jarassur (ח&apos;רבת ג&apos;אראסור)</h3>
<p><b>Period:</b> 02. Pre-Pottery Neolithic (PPN) (-8300 to -5500 BCE)</p>
<p><b>Installation Type:</b> Deep Well</p>
<p><b>Location Precision:</b> Tier 4: International Comparative Site (&lt; 100m - 1km)</p>
<p><b>Region:</b> Mesopotamia</p>
<p><b>Dissertation Reference:</b> §2.2 (Pages 45)</p>
<hr/>
<p><b>Archaeological Description (02. Pre-Pottery Neolithic):</b></p>
<p>A well, briefly reported from Northern Iraq, without detailed information, dimensions, or drawings. It was considered the oldest well in the world by some researchers before the discovery at Atlit-Yam.</p>]]></description>
        <styleUrl>#style_Pre_Pottery_Neolithic</styleUrl>
        <ExtendedData>
          <Data name="Site_Name"><value>Khirbet Jarassur</value></Data>
          <Data name="Hebrew_Name"><value>ח&apos;רבת ג&apos;אראסור</value></Data>
          <Data name="Era"><value>02. Pre-Pottery Neolithic (PPN) (-8300 to -5500 BCE)</value></Data>
          <Data name="Installation_Type"><value>Deep Well</value></Data>
          <Data name="Region"><value>Mesopotamia</value></Data>
          <Data name="Location_Precision"><value>Tier 4: International Comparative Site (&lt; 100m - 1km)</value></Data>
          <Data name="Dates"><value>-8300 to -5500 BCE</value></Data>
          <Data name="Chapter_Section"><value>2.2</value></Data>
          <Data name="Dissertation_Pages"><value>45</value></Data>
          <Data name="Description"><value>A well, briefly reported from Northern Iraq, without detailed information, dimensions, or drawings. It was considered the oldest well in the world by some researchers before the discovery at Atlit-Yam.</value></Data>
        </ExtendedData>
        <Point>
          <coordinates>38.95,36.25,0</coordinates>
        </Point>
      </Placemark>
      <Placemark>
        <name>Netiv HaGdud (נתיב הגדוד)</name>
        <description><![CDATA[<h3>Netiv HaGdud (נתיב הגדוד)</h3>
<p><b>Period:</b> 02. Pre-Pottery Neolithic (PPN) (-8300 to -5500 BCE)</p>
<p><b>Installation Type:</b> Water Reservoir</p>
<p><b>Location Precision:</b> Tier 1: High Precision (Pinpoint Well/Installation &lt; 50m)</p>
<p><b>Region:</b> Jordan Valley</p>
<p><b>Dissertation Reference:</b> §2.2.5 (Pages 47, 48)</p>
<hr/>
<p><b>Archaeological Description (02. Pre-Pottery Neolithic):</b></p>
<p>A settlement established near a freshwater lake (Lake Salibiya), which formed as the Lisan Lake receded, indicating a wetter climate than today.</p>]]></description>
        <styleUrl>#style_Pre_Pottery_Neolithic</styleUrl>
        <ExtendedData>
          <Data name="Site_Name"><value>Netiv HaGdud</value></Data>
          <Data name="Hebrew_Name"><value>נתיב הגדוד</value></Data>
          <Data name="Era"><value>02. Pre-Pottery Neolithic (PPN) (-8300 to -5500 BCE)</value></Data>
          <Data name="Installation_Type"><value>Water Reservoir</value></Data>
          <Data name="Region"><value>Jordan Valley</value></Data>
          <Data name="Location_Precision"><value>Tier 1: High Precision (Pinpoint Well/Installation &lt; 50m)</value></Data>
          <Data name="Dates"><value>-8300 to -5500 BCE</value></Data>
          <Data name="Chapter_Section"><value>2.2.5</value></Data>
          <Data name="Dissertation_Pages"><value>47, 48</value></Data>
          <Data name="Description"><value>A settlement established near a freshwater lake (Lake Salibiya), which formed as the Lisan Lake receded, indicating a wetter climate than today.</value></Data>
        </ExtendedData>
        <Point>
          <coordinates>35.44661,31.96793,0</coordinates>
        </Point>
      </Placemark>
      <Placemark>
        <name>Yiftah&apos;el (יפתחאל)</name>
        <description><![CDATA[<h3>Yiftah&apos;el (יפתחאל)</h3>
<p><b>Period:</b> 02. Pre-Pottery Neolithic (PPN) (-8300 to -5500 BCE)</p>
<p><b>Installation Type:</b> Spring Cave Capture</p>
<p><b>Location Precision:</b> Tier 1: High Precision (Pinpoint Well/Installation &lt; 50m)</p>
<p><b>Region:</b> Lower Galilee</p>
<p><b>Dissertation Reference:</b> §2.2 (Pages 46)</p>
<hr/>
<p><b>Archaeological Description (02. Pre-Pottery Neolithic):</b></p>
<p>A settlement located near the Ein Yiftah&apos;el spring in the Lower Galilee.</p>]]></description>
        <styleUrl>#style_Pre_Pottery_Neolithic</styleUrl>
        <ExtendedData>
          <Data name="Site_Name"><value>Yiftah&apos;el</value></Data>
          <Data name="Hebrew_Name"><value>יפתחאל</value></Data>
          <Data name="Era"><value>02. Pre-Pottery Neolithic (PPN) (-8300 to -5500 BCE)</value></Data>
          <Data name="Installation_Type"><value>Spring Cave Capture</value></Data>
          <Data name="Region"><value>Lower Galilee</value></Data>
          <Data name="Location_Precision"><value>Tier 1: High Precision (Pinpoint Well/Installation &lt; 50m)</value></Data>
          <Data name="Dates"><value>-8300 to -5500 BCE</value></Data>
          <Data name="Chapter_Section"><value>2.2</value></Data>
          <Data name="Dissertation_Pages"><value>46</value></Data>
          <Data name="Description"><value>A settlement located near the Ein Yiftah&apos;el spring in the Lower Galilee.</value></Data>
        </ExtendedData>
        <Point>
          <coordinates>35.22763,32.75491,0</coordinates>
        </Point>
      </Placemark>
    </Folder>
    <Folder>
      <name>03. Pottery Neolithic (PN) (-5500 to -4500 BCE)</name>
      <description>התקופה הניאוליתית הקירמית - 5 sites</description>
      <Placemark>
        <name>Hacilar (הצ&apos;ילר (תורכיה))</name>
        <description><![CDATA[<h3>Hacilar (הצ&apos;ילר (תורכיה))</h3>
<p><b>Period:</b> 03. Pottery Neolithic (PN) (-5500 to -4500 BCE)</p>
<p><b>Installation Type:</b> Deep Well</p>
<p><b>Location Precision:</b> Tier 4: International Comparative Site (&lt; 100m - 1km)</p>
<p><b>Region:</b> Turkey</p>
<p><b>Dissertation Reference:</b> §2.3.2 (Pages 50)</p>
<hr/>
<p><b>Archaeological Description (03. Pottery Neolithic):</b></p>
<p>Two wells were found. One from layer VI (5750-5600 BCE) is a circular, stone-lined well, 3.2m deep, with a diameter of 1.5m at the top, narrowing to 1.25m at the bottom. The second from layer II (5400-5250 BCE) is a rectangular, stone-lined well located in a courtyard within a fortress. Both had evidence of water drawing mechanisms.</p>]]></description>
        <styleUrl>#style_Pottery_Neolithic</styleUrl>
        <ExtendedData>
          <Data name="Site_Name"><value>Hacilar</value></Data>
          <Data name="Hebrew_Name"><value>הצ&apos;ילר (תורכיה)</value></Data>
          <Data name="Era"><value>03. Pottery Neolithic (PN) (-5500 to -4500 BCE)</value></Data>
          <Data name="Installation_Type"><value>Deep Well</value></Data>
          <Data name="Region"><value>Turkey</value></Data>
          <Data name="Location_Precision"><value>Tier 4: International Comparative Site (&lt; 100m - 1km)</value></Data>
          <Data name="Dates"><value>-5500 to -4500 BCE</value></Data>
          <Data name="Chapter_Section"><value>2.3.2</value></Data>
          <Data name="Dissertation_Pages"><value>50</value></Data>
          <Data name="Description"><value>Two wells were found. One from layer VI (5750-5600 BCE) is a circular, stone-lined well, 3.2m deep, with a diameter of 1.5m at the top, narrowing to 1.25m at the bottom. The second from layer II (5400-5250 BCE) is a rectangular, stone-lined well located in a courtyard within a fortress. Both had evidence of water drawing mechanisms.</value></Data>
        </ExtendedData>
        <Point>
          <coordinates>30.15,37.6,0</coordinates>
        </Point>
      </Placemark>
      <Placemark>
        <name>Kfar Galim North (כפר גלים צפון)</name>
        <description><![CDATA[<h3>Kfar Galim North (כפר גלים צפון)</h3>
<p><b>Period:</b> 03. Pottery Neolithic (PN) (-5500 to -4500 BCE)</p>
<p><b>Installation Type:</b> Deep Well</p>
<p><b>Location Precision:</b> Tier 1: High Precision (Pinpoint Well/Installation &lt; 50m)</p>
<p><b>Region:</b> Coastal Plain</p>
<p><b>Dissertation Reference:</b> §2.3.1.ב (Pages 49)</p>
<hr/>
<p><b>Archaeological Description (03. Pottery Neolithic):</b></p>
<p>Five circular pits were found, one of which was excavated to 0.7m depth, dug into hard clay and lined with kurkar and limestone. It had an outer diameter of 1.5m and an inner diameter of 0.8-0.9m, identified as a well.</p>]]></description>
        <styleUrl>#style_Pottery_Neolithic</styleUrl>
        <ExtendedData>
          <Data name="Site_Name"><value>Kfar Galim North</value></Data>
          <Data name="Hebrew_Name"><value>כפר גלים צפון</value></Data>
          <Data name="Era"><value>03. Pottery Neolithic (PN) (-5500 to -4500 BCE)</value></Data>
          <Data name="Installation_Type"><value>Deep Well</value></Data>
          <Data name="Region"><value>Coastal Plain</value></Data>
          <Data name="Location_Precision"><value>Tier 1: High Precision (Pinpoint Well/Installation &lt; 50m)</value></Data>
          <Data name="Dates"><value>-5500 to -4500 BCE</value></Data>
          <Data name="Chapter_Section"><value>2.3.1.ב</value></Data>
          <Data name="Dissertation_Pages"><value>49</value></Data>
          <Data name="Description"><value>Five circular pits were found, one of which was excavated to 0.7m depth, dug into hard clay and lined with kurkar and limestone. It had an outer diameter of 1.5m and an inner diameter of 0.8-0.9m, identified as a well.</value></Data>
        </ExtendedData>
        <Point>
          <coordinates>34.95513,32.76955,0</coordinates>
        </Point>
      </Placemark>
      <Placemark>
        <name>Kfar Samir (כפר סמיר)</name>
        <description><![CDATA[<h3>Kfar Samir (כפר סמיר)</h3>
<p><b>Period:</b> 03. Pottery Neolithic (PN) (-5500 to -4500 BCE)</p>
<p><b>Installation Type:</b> Deep Well</p>
<p><b>Location Precision:</b> Tier 1: High Precision (Pinpoint Well/Installation &lt; 50m)</p>
<p><b>Region:</b> Coastal Plain</p>
<p><b>Dissertation Reference:</b> §2.3.1.א (Pages 49, 51)</p>
<hr/>
<p><b>Archaeological Description (03. Pottery Neolithic):</b></p>
<p>A rectangular pit (1x0.8m) dug to 2m depth, constructed with alternating layers of stone and oak wood, widening at the bottom. It is identified as a well, unique in its construction method, and possibly used for capturing fresh water springs.</p>]]></description>
        <styleUrl>#style_Pottery_Neolithic</styleUrl>
        <ExtendedData>
          <Data name="Site_Name"><value>Kfar Samir</value></Data>
          <Data name="Hebrew_Name"><value>כפר סמיר</value></Data>
          <Data name="Era"><value>03. Pottery Neolithic (PN) (-5500 to -4500 BCE)</value></Data>
          <Data name="Installation_Type"><value>Deep Well</value></Data>
          <Data name="Region"><value>Coastal Plain</value></Data>
          <Data name="Location_Precision"><value>Tier 1: High Precision (Pinpoint Well/Installation &lt; 50m)</value></Data>
          <Data name="Dates"><value>-5500 to -4500 BCE</value></Data>
          <Data name="Chapter_Section"><value>2.3.1.א</value></Data>
          <Data name="Dissertation_Pages"><value>49, 51</value></Data>
          <Data name="Description"><value>A rectangular pit (1x0.8m) dug to 2m depth, constructed with alternating layers of stone and oak wood, widening at the bottom. It is identified as a well, unique in its construction method, and possibly used for capturing fresh water springs.</value></Data>
        </ExtendedData>
        <Point>
          <coordinates>34.9572,32.7921,0</coordinates>
        </Point>
      </Placemark>
      <Placemark>
        <name>Megadim (מגדים)</name>
        <description><![CDATA[<h3>Megadim (מגדים)</h3>
<p><b>Period:</b> 03. Pottery Neolithic (PN) (-5500 to -4500 BCE)</p>
<p><b>Installation Type:</b> Deep Well</p>
<p><b>Location Precision:</b> Tier 1: High Precision (Pinpoint Well/Installation &lt; 50m)</p>
<p><b>Region:</b> Coastal Plain</p>
<p><b>Dissertation Reference:</b> §2.3.1.ג (Pages 49)</p>
<hr/>
<p><b>Archaeological Description (03. Pottery Neolithic):</b></p>
<p>Three pits were found, one of which was partially excavated to 0.4m depth. These pits are considered potential wells or water collection points, possibly for capturing fresh water springs.</p>]]></description>
        <styleUrl>#style_Pottery_Neolithic</styleUrl>
        <ExtendedData>
          <Data name="Site_Name"><value>Megadim</value></Data>
          <Data name="Hebrew_Name"><value>מגדים</value></Data>
          <Data name="Era"><value>03. Pottery Neolithic (PN) (-5500 to -4500 BCE)</value></Data>
          <Data name="Installation_Type"><value>Deep Well</value></Data>
          <Data name="Region"><value>Coastal Plain</value></Data>
          <Data name="Location_Precision"><value>Tier 1: High Precision (Pinpoint Well/Installation &lt; 50m)</value></Data>
          <Data name="Dates"><value>-5500 to -4500 BCE</value></Data>
          <Data name="Chapter_Section"><value>2.3.1.ג</value></Data>
          <Data name="Dissertation_Pages"><value>49</value></Data>
          <Data name="Description"><value>Three pits were found, one of which was partially excavated to 0.4m depth. These pits are considered potential wells or water collection points, possibly for capturing fresh water springs.</value></Data>
        </ExtendedData>
        <Point>
          <coordinates>34.9515,32.72627,0</coordinates>
        </Point>
      </Placemark>
      <Placemark>
        <name>Tepe Gawra (טפה גאורה)</name>
        <description><![CDATA[<h3>Tepe Gawra (טפה גאורה)</h3>
<p><b>Period:</b> 03. Pottery Neolithic (PN) (-5500 to -4500 BCE)</p>
<p><b>Installation Type:</b> Deep Well</p>
<p><b>Location Precision:</b> Tier 4: International Comparative Site (&lt; 100m - 1km)</p>
<p><b>Region:</b> Iraq</p>
<p><b>Dissertation Reference:</b> §2.3.3 (Pages 50)</p>
<hr/>
<p><b>Archaeological Description (03. Pottery Neolithic):</b></p>
<p>A bottle-shaped well, 5m deep, dug into virgin soil at the base of the tel, dating to the Halafian culture (6th millennium BCE). It had an oval opening (1.5x1.2m) and a maximum diameter of 3.1m in the middle, with pottery showing signs of prolonged water exposure.</p>]]></description>
        <styleUrl>#style_Pottery_Neolithic</styleUrl>
        <ExtendedData>
          <Data name="Site_Name"><value>Tepe Gawra</value></Data>
          <Data name="Hebrew_Name"><value>טפה גאורה</value></Data>
          <Data name="Era"><value>03. Pottery Neolithic (PN) (-5500 to -4500 BCE)</value></Data>
          <Data name="Installation_Type"><value>Deep Well</value></Data>
          <Data name="Region"><value>Iraq</value></Data>
          <Data name="Location_Precision"><value>Tier 4: International Comparative Site (&lt; 100m - 1km)</value></Data>
          <Data name="Dates"><value>-5500 to -4500 BCE</value></Data>
          <Data name="Chapter_Section"><value>2.3.3</value></Data>
          <Data name="Dissertation_Pages"><value>50</value></Data>
          <Data name="Description"><value>A bottle-shaped well, 5m deep, dug into virgin soil at the base of the tel, dating to the Halafian culture (6th millennium BCE). It had an oval opening (1.5x1.2m) and a maximum diameter of 3.1m in the middle, with pottery showing signs of prolonged water exposure.</value></Data>
        </ExtendedData>
        <Point>
          <coordinates>43.2083,36.5567,0</coordinates>
        </Point>
      </Placemark>
    </Folder>
    <Folder>
      <name>04. Chalcolithic Period (-4500 to -3300 BCE)</name>
      <description>התקופה הכלקוליתית - 5 sites</description>
      <Placemark>
        <name>Abu Huf (אבו חוף)</name>
        <description><![CDATA[<h3>Abu Huf (אבו חוף)</h3>
<p><b>Period:</b> 04. Chalcolithic Period (-4500 to -3300 BCE)</p>
<p><b>Installation Type:</b> Deep Well</p>
<p><b>Location Precision:</b> Tier 1: High Precision (Pinpoint Well/Installation &lt; 50m)</p>
<p><b>Region:</b> Shephelah</p>
<p><b>Dissertation Reference:</b> §2.4.1 (Pages 52, 54)</p>
<hr/>
<p><b>Archaeological Description (04. Chalcolithic Period):</b></p>
<p>A round well, 1.5-1.55m in inner diameter and 2.45m deep, constructed of dry-laid fieldstones. It was dug into gravel alluvium next to a wadi channel and was associated with a building and courtyard.</p>]]></description>
        <styleUrl>#style_Chalcolithic</styleUrl>
        <ExtendedData>
          <Data name="Site_Name"><value>Abu Huf</value></Data>
          <Data name="Hebrew_Name"><value>אבו חוף</value></Data>
          <Data name="Era"><value>04. Chalcolithic Period (-4500 to -3300 BCE)</value></Data>
          <Data name="Installation_Type"><value>Deep Well</value></Data>
          <Data name="Region"><value>Shephelah</value></Data>
          <Data name="Location_Precision"><value>Tier 1: High Precision (Pinpoint Well/Installation &lt; 50m)</value></Data>
          <Data name="Dates"><value>-4500 to -3300 BCE</value></Data>
          <Data name="Chapter_Section"><value>2.4.1</value></Data>
          <Data name="Dissertation_Pages"><value>52, 54</value></Data>
          <Data name="Description"><value>A round well, 1.5-1.55m in inner diameter and 2.45m deep, constructed of dry-laid fieldstones. It was dug into gravel alluvium next to a wadi channel and was associated with a building and courtyard.</value></Data>
        </ExtendedData>
        <Point>
          <coordinates>34.85371,31.39985,0</coordinates>
        </Point>
      </Placemark>
      <Placemark>
        <name>Ein Gedi (עין גדי)</name>
        <description><![CDATA[<h3>Ein Gedi (עין גדי)</h3>
<p><b>Period:</b> 04. Chalcolithic Period (-4500 to -3300 BCE)</p>
<p><b>Installation Type:</b> Spring Cave Capture</p>
<p><b>Location Precision:</b> Tier 1: High Precision (Pinpoint Well/Installation &lt; 50m)</p>
<p><b>Region:</b> Judean Hills</p>
<p><b>Dissertation Reference:</b> §2.4 Summary (Pages 54)</p>
<hr/>
<p><b>Archaeological Description (04. Chalcolithic Period):</b></p>
<p>A Chalcolithic temple complex demonstrating a strong connection to the natural springs in its vicinity. The proximity to these springs suggests their cultic significance and use during this period.</p>]]></description>
        <styleUrl>#style_Chalcolithic</styleUrl>
        <ExtendedData>
          <Data name="Site_Name"><value>Ein Gedi</value></Data>
          <Data name="Hebrew_Name"><value>עין גדי</value></Data>
          <Data name="Era"><value>04. Chalcolithic Period (-4500 to -3300 BCE)</value></Data>
          <Data name="Installation_Type"><value>Spring Cave Capture</value></Data>
          <Data name="Region"><value>Judean Hills</value></Data>
          <Data name="Location_Precision"><value>Tier 1: High Precision (Pinpoint Well/Installation &lt; 50m)</value></Data>
          <Data name="Dates"><value>-4500 to -3300 BCE</value></Data>
          <Data name="Chapter_Section"><value>2.4 Summary</value></Data>
          <Data name="Dissertation_Pages"><value>54</value></Data>
          <Data name="Description"><value>A Chalcolithic temple complex demonstrating a strong connection to the natural springs in its vicinity. The proximity to these springs suggests their cultic significance and use during this period.</value></Data>
        </ExtendedData>
        <Point>
          <coordinates>35.39268,31.46297,0</coordinates>
        </Point>
      </Placemark>
      <Placemark>
        <name>Horbat Beter (חורבת בתר)</name>
        <description><![CDATA[<h3>Horbat Beter (חורבת בתר)</h3>
<p><b>Period:</b> 04. Chalcolithic Period (-4500 to -3300 BCE)</p>
<p><b>Installation Type:</b> Deep Well</p>
<p><b>Location Precision:</b> Tier 1: High Precision (Pinpoint Well/Installation &lt; 50m)</p>
<p><b>Region:</b> Negev</p>
<p><b>Dissertation Reference:</b> §2.4.2 (Pages 52, 54)</p>
<hr/>
<p><b>Archaeological Description (04. Chalcolithic Period):</b></p>
<p>A cylindrical well, 2m in diameter and 3m deep, excavated into loess soil down to the ancient streambed of Nahal Beersheba. Two steps were cut into its upper walls, and it was intentionally filled at a later stage.</p>]]></description>
        <styleUrl>#style_Chalcolithic</styleUrl>
        <ExtendedData>
          <Data name="Site_Name"><value>Horbat Beter</value></Data>
          <Data name="Hebrew_Name"><value>חורבת בתר</value></Data>
          <Data name="Era"><value>04. Chalcolithic Period (-4500 to -3300 BCE)</value></Data>
          <Data name="Installation_Type"><value>Deep Well</value></Data>
          <Data name="Region"><value>Negev</value></Data>
          <Data name="Location_Precision"><value>Tier 1: High Precision (Pinpoint Well/Installation &lt; 50m)</value></Data>
          <Data name="Dates"><value>-4500 to -3300 BCE</value></Data>
          <Data name="Chapter_Section"><value>2.4.2</value></Data>
          <Data name="Dissertation_Pages"><value>52, 54</value></Data>
          <Data name="Description"><value>A cylindrical well, 2m in diameter and 3m deep, excavated into loess soil down to the ancient streambed of Nahal Beersheba. Two steps were cut into its upper walls, and it was intentionally filled at a later stage.</value></Data>
        </ExtendedData>
        <Point>
          <coordinates>34.77868,31.23844,0</coordinates>
        </Point>
      </Placemark>
      <Placemark>
        <name>Rajajil (ראג&apos;אג&apos;יל (ערב הסעודית))</name>
        <description><![CDATA[<h3>Rajajil (ראג&apos;אג&apos;יל (ערב הסעודית))</h3>
<p><b>Period:</b> 04. Chalcolithic Period (-4500 to -3300 BCE)</p>
<p><b>Installation Type:</b> Deep Well</p>
<p><b>Location Precision:</b> Tier 4: International Comparative Site (&lt; 100m - 1km)</p>
<p><b>Region:</b> Saudi Arabia</p>
<p><b>Dissertation Reference:</b> §2.4.4 (Pages 53, 54)</p>
<hr/>
<p><b>Archaeological Description (04. Chalcolithic Period):</b></p>
<p>An abandoned well, located about 1 km west of the megalithic complex, characterized by small stones, troughs, and rope marks. Its Chalcolithic dating is suggested but not definitively confirmed without excavation.</p>]]></description>
        <styleUrl>#style_Chalcolithic</styleUrl>
        <ExtendedData>
          <Data name="Site_Name"><value>Rajajil</value></Data>
          <Data name="Hebrew_Name"><value>ראג&apos;אג&apos;יל (ערב הסעודית)</value></Data>
          <Data name="Era"><value>04. Chalcolithic Period (-4500 to -3300 BCE)</value></Data>
          <Data name="Installation_Type"><value>Deep Well</value></Data>
          <Data name="Region"><value>Saudi Arabia</value></Data>
          <Data name="Location_Precision"><value>Tier 4: International Comparative Site (&lt; 100m - 1km)</value></Data>
          <Data name="Dates"><value>-4500 to -3300 BCE</value></Data>
          <Data name="Chapter_Section"><value>2.4.4</value></Data>
          <Data name="Dissertation_Pages"><value>53, 54</value></Data>
          <Data name="Description"><value>An abandoned well, located about 1 km west of the megalithic complex, characterized by small stones, troughs, and rope marks. Its Chalcolithic dating is suggested but not definitively confirmed without excavation.</value></Data>
        </ExtendedData>
        <Point>
          <coordinates>39.904,29.809,0</coordinates>
        </Point>
      </Placemark>
      <Placemark>
        <name>Tepe Gawra (טפה גאורה)</name>
        <description><![CDATA[<h3>Tepe Gawra (טפה גאורה)</h3>
<p><b>Period:</b> 04. Chalcolithic Period (-4500 to -3300 BCE)</p>
<p><b>Installation Type:</b> Deep Well</p>
<p><b>Location Precision:</b> Tier 4: International Comparative Site (&lt; 100m - 1km)</p>
<p><b>Region:</b> Mesopotamia</p>
<p><b>Dissertation Reference:</b> §2.4.3 (Pages 53, 54)</p>
<hr/>
<p><b>Archaeological Description (04. Chalcolithic Period):</b></p>
<p>An Ubaid period well, 1.15m in diameter at its rim, excavated to a depth of 12-13m. It was found a few centimeters below the holy of holies floor of the northern temple of Layer XIII, and its water was used by the city&apos;s acropolis.</p>]]></description>
        <styleUrl>#style_Chalcolithic</styleUrl>
        <ExtendedData>
          <Data name="Site_Name"><value>Tepe Gawra</value></Data>
          <Data name="Hebrew_Name"><value>טפה גאורה</value></Data>
          <Data name="Era"><value>04. Chalcolithic Period (-4500 to -3300 BCE)</value></Data>
          <Data name="Installation_Type"><value>Deep Well</value></Data>
          <Data name="Region"><value>Mesopotamia</value></Data>
          <Data name="Location_Precision"><value>Tier 4: International Comparative Site (&lt; 100m - 1km)</value></Data>
          <Data name="Dates"><value>-4500 to -3300 BCE</value></Data>
          <Data name="Chapter_Section"><value>2.4.3</value></Data>
          <Data name="Dissertation_Pages"><value>53, 54</value></Data>
          <Data name="Description"><value>An Ubaid period well, 1.15m in diameter at its rim, excavated to a depth of 12-13m. It was found a few centimeters below the holy of holies floor of the northern temple of Layer XIII, and its water was used by the city&apos;s acropolis.</value></Data>
        </ExtendedData>
        <Point>
          <coordinates>43.2083,36.5567,0</coordinates>
        </Point>
      </Placemark>
    </Folder>
    <Folder>
      <name>05. Early Bronze Age (EB) (-3300 to -2200 BCE)</name>
      <description>תקופת הברונזה הקדומה (EB I-IV) - 19 sites</description>
      <Placemark>
        <name>Ai (et-Tell) (העי (א-תל))</name>
        <description><![CDATA[<h3>Ai (et-Tell) (העי (א-תל))</h3>
<p><b>Period:</b> 05. Early Bronze Age (EB) (-3300 to -2200 BCE)</p>
<p><b>Installation Type:</b> Water Reservoir</p>
<p><b>Location Precision:</b> Tier 1: High Precision (Pinpoint Well/Installation &lt; 50m)</p>
<p><b>Region:</b> Judean Hills</p>
<p><b>Dissertation Reference:</b> §2.5.10, 2.5 (Pages 59, 71)</p>
<hr/>
<p><b>Archaeological Description (05. Early Bronze Age):</b></p>
<p>A large open-air reservoir in Area K, exceeding 1800 cubic meters in volume, 25m wide, and 2.5m deep. It was designed to collect runoff water from the upper city via channels, featuring a stone floor on clay and a thick dam wall, dating to EB 1-3. The only known instance of plaster from this period is from a water pool at Ai, where impermeable clayey soil was used as a hydraulic material to line the reservoir.</p>]]></description>
        <styleUrl>#style_Early_Bronze</styleUrl>
        <ExtendedData>
          <Data name="Site_Name"><value>Ai (et-Tell)</value></Data>
          <Data name="Hebrew_Name"><value>העי (א-תל)</value></Data>
          <Data name="Era"><value>05. Early Bronze Age (EB) (-3300 to -2200 BCE)</value></Data>
          <Data name="Installation_Type"><value>Water Reservoir</value></Data>
          <Data name="Region"><value>Judean Hills</value></Data>
          <Data name="Location_Precision"><value>Tier 1: High Precision (Pinpoint Well/Installation &lt; 50m)</value></Data>
          <Data name="Dates"><value>-3300 to -2200 BCE</value></Data>
          <Data name="Chapter_Section"><value>2.5.10, 2.5</value></Data>
          <Data name="Dissertation_Pages"><value>59, 71</value></Data>
          <Data name="Description"><value>A large open-air reservoir in Area K, exceeding 1800 cubic meters in volume, 25m wide, and 2.5m deep. It was designed to collect runoff water from the upper city via channels, featuring a stone floor on clay and a thick dam wall, dating to EB 1-3. The only known instance of plaster from this period is from a water pool at Ai, where impermeable clayey soil was used as a hydraulic material to line the reservoir.</value></Data>
        </ExtendedData>
        <Point>
          <coordinates>35.2611,31.9167,0</coordinates>
        </Point>
      </Placemark>
      <Placemark>
        <name>Barqa (ברקת)</name>
        <description><![CDATA[<h3>Barqa (ברקת)</h3>
<p><b>Period:</b> 05. Early Bronze Age (EB) (-3300 to -2200 BCE)</p>
<p><b>Installation Type:</b> Deep Well</p>
<p><b>Location Precision:</b> Tier 3: Approximate Village / Spring Area (&lt; 500m)</p>
<p><b>Region:</b> Shephelah</p>
<p><b>Dissertation Reference:</b> §2.5 (Pages 68)</p>
<hr/>
<p><b>Archaeological Description (05. Early Bronze Age):</b></p>
<p>The site shows evidence of rainwater storage in soft chalk bedrock, indicating the use of rock-cut cisterns during the Early Bronze Age.</p>]]></description>
        <styleUrl>#style_Early_Bronze</styleUrl>
        <ExtendedData>
          <Data name="Site_Name"><value>Barqa</value></Data>
          <Data name="Hebrew_Name"><value>ברקת</value></Data>
          <Data name="Era"><value>05. Early Bronze Age (EB) (-3300 to -2200 BCE)</value></Data>
          <Data name="Installation_Type"><value>Deep Well</value></Data>
          <Data name="Region"><value>Shephelah</value></Data>
          <Data name="Location_Precision"><value>Tier 3: Approximate Village / Spring Area (&lt; 500m)</value></Data>
          <Data name="Dates"><value>-3300 to -2200 BCE</value></Data>
          <Data name="Chapter_Section"><value>2.5</value></Data>
          <Data name="Dissertation_Pages"><value>68</value></Data>
          <Data name="Description"><value>The site shows evidence of rainwater storage in soft chalk bedrock, indicating the use of rock-cut cisterns during the Early Bronze Age.</value></Data>
        </ExtendedData>
        <Point>
          <coordinates>34.9352,31.9795,0</coordinates>
        </Point>
      </Placemark>
      <Placemark>
        <name>Ein Qadis (עין קדיס)</name>
        <description><![CDATA[<h3>Ein Qadis (עין קדיס)</h3>
<p><b>Period:</b> 05. Early Bronze Age (EB) (-3300 to -2200 BCE)</p>
<p><b>Installation Type:</b> Spring Cave Capture</p>
<p><b>Location Precision:</b> Tier 3: Approximate Village / Spring Area (&lt; 500m)</p>
<p><b>Region:</b> Negev</p>
<p><b>Dissertation Reference:</b> §2.5.9 (Pages 59)</p>
<hr/>
<p><b>Archaeological Description (05. Early Bronze Age):</b></p>
<p>A permanent spring in the Western Negev Highlands, serving as a crucial water source around which Early Bronze Age settlements were concentrated.</p>]]></description>
        <styleUrl>#style_Early_Bronze</styleUrl>
        <ExtendedData>
          <Data name="Site_Name"><value>Ein Qadis</value></Data>
          <Data name="Hebrew_Name"><value>עין קדיס</value></Data>
          <Data name="Era"><value>05. Early Bronze Age (EB) (-3300 to -2200 BCE)</value></Data>
          <Data name="Installation_Type"><value>Spring Cave Capture</value></Data>
          <Data name="Region"><value>Negev</value></Data>
          <Data name="Location_Precision"><value>Tier 3: Approximate Village / Spring Area (&lt; 500m)</value></Data>
          <Data name="Dates"><value>-3300 to -2200 BCE</value></Data>
          <Data name="Chapter_Section"><value>2.5.9</value></Data>
          <Data name="Dissertation_Pages"><value>59</value></Data>
          <Data name="Description"><value>A permanent spring in the Western Negev Highlands, serving as a crucial water source around which Early Bronze Age settlements were concentrated.</value></Data>
        </ExtendedData>
        <Point>
          <coordinates>34.4695,30.5512,0</coordinates>
        </Point>
      </Placemark>
      <Placemark>
        <name>Jawa (ג&apos;ווה)</name>
        <description><![CDATA[<h3>Jawa (ג&apos;ווה)</h3>
<p><b>Period:</b> 05. Early Bronze Age (EB) (-3300 to -2200 BCE)</p>
<p><b>Installation Type:</b> Water Reservoir</p>
<p><b>Location Precision:</b> Tier 4: International Comparative Site (&lt; 100m - 1km)</p>
<p><b>Region:</b> Jordan</p>
<p><b>Dissertation Reference:</b> §2.5.12 (Pages 65, 66)</p>
<hr/>
<p><b>Archaeological Description (05. Early Bronze Age):</b></p>
<p>Three water collection systems and two modified natural pools (P3, P4) with a total capacity of 1800 cubic meters. The system involved diverting water from Wadi Rajil with a diversion dam and channels to fill the pools, dated to the Early Bronze Age.</p>]]></description>
        <styleUrl>#style_Early_Bronze</styleUrl>
        <ExtendedData>
          <Data name="Site_Name"><value>Jawa</value></Data>
          <Data name="Hebrew_Name"><value>ג&apos;ווה</value></Data>
          <Data name="Era"><value>05. Early Bronze Age (EB) (-3300 to -2200 BCE)</value></Data>
          <Data name="Installation_Type"><value>Water Reservoir</value></Data>
          <Data name="Region"><value>Jordan</value></Data>
          <Data name="Location_Precision"><value>Tier 4: International Comparative Site (&lt; 100m - 1km)</value></Data>
          <Data name="Dates"><value>-3300 to -2200 BCE</value></Data>
          <Data name="Chapter_Section"><value>2.5.12</value></Data>
          <Data name="Dissertation_Pages"><value>65, 66</value></Data>
          <Data name="Description"><value>Three water collection systems and two modified natural pools (P3, P4) with a total capacity of 1800 cubic meters. The system involved diverting water from Wadi Rajil with a diversion dam and channels to fill the pools, dated to the Early Bronze Age.</value></Data>
        </ExtendedData>
        <Point>
          <coordinates>37.0068,32.3364,0</coordinates>
        </Point>
      </Placemark>
      <Placemark>
        <name>Kadesh Barnea (Ein el-Gudeirat) (קדש ברנע (עין אל-קודייראת))</name>
        <description><![CDATA[<h3>Kadesh Barnea (Ein el-Gudeirat) (קדש ברנע (עין אל-קודייראת))</h3>
<p><b>Period:</b> 05. Early Bronze Age (EB) (-3300 to -2200 BCE)</p>
<p><b>Installation Type:</b> Spring Cave Capture</p>
<p><b>Location Precision:</b> Tier 1: High Precision (Pinpoint Well/Installation &lt; 50m)</p>
<p><b>Region:</b> Negev</p>
<p><b>Dissertation Reference:</b> §2.5.9 (Pages 59)</p>
<hr/>
<p><b>Archaeological Description (05. Early Bronze Age):</b></p>
<p>A permanent spring in the Western Negev Highlands, serving as a crucial water source around which Early Bronze Age settlements were concentrated.</p>]]></description>
        <styleUrl>#style_Early_Bronze</styleUrl>
        <ExtendedData>
          <Data name="Site_Name"><value>Kadesh Barnea (Ein el-Gudeirat)</value></Data>
          <Data name="Hebrew_Name"><value>קדש ברנע (עין אל-קודייראת)</value></Data>
          <Data name="Era"><value>05. Early Bronze Age (EB) (-3300 to -2200 BCE)</value></Data>
          <Data name="Installation_Type"><value>Spring Cave Capture</value></Data>
          <Data name="Region"><value>Negev</value></Data>
          <Data name="Location_Precision"><value>Tier 1: High Precision (Pinpoint Well/Installation &lt; 50m)</value></Data>
          <Data name="Dates"><value>-3300 to -2200 BCE</value></Data>
          <Data name="Chapter_Section"><value>2.5.9</value></Data>
          <Data name="Dissertation_Pages"><value>59</value></Data>
          <Data name="Description"><value>A permanent spring in the Western Negev Highlands, serving as a crucial water source around which Early Bronze Age settlements were concentrated.</value></Data>
        </ExtendedData>
        <Point>
          <coordinates>34.4235,30.6558,0</coordinates>
        </Point>
      </Placemark>
      <Placemark>
        <name>Khirbet Zeiraqoun (חירבת זירקון)</name>
        <description><![CDATA[<h3>Khirbet Zeiraqoun (חירבת זירקון)</h3>
<p><b>Period:</b> 05. Early Bronze Age (EB) (-3300 to -2200 BCE)</p>
<p><b>Installation Type:</b> Water Tunnel Shaft</p>
<p><b>Location Precision:</b> Tier 4: International Comparative Site (&lt; 100m - 1km)</p>
<p><b>Region:</b> Jordan</p>
<p><b>Dissertation Reference:</b> §2.5.3 (Pages 56, 57)</p>
<hr/>
<p><b>Archaeological Description (05. Early Bronze Age):</b></p>
<p>Three stepped shafts were excavated, leading to a groundwater level approximately 60m deep. One shaft is 100m long, reaching the bottom of Wadi Shallala. Horizontal tunnels and connecting stepped tunnels were proposed to bring water into the city, dated to EB 2-3.</p>]]></description>
        <styleUrl>#style_Early_Bronze</styleUrl>
        <ExtendedData>
          <Data name="Site_Name"><value>Khirbet Zeiraqoun</value></Data>
          <Data name="Hebrew_Name"><value>חירבת זירקון</value></Data>
          <Data name="Era"><value>05. Early Bronze Age (EB) (-3300 to -2200 BCE)</value></Data>
          <Data name="Installation_Type"><value>Water Tunnel Shaft</value></Data>
          <Data name="Region"><value>Jordan</value></Data>
          <Data name="Location_Precision"><value>Tier 4: International Comparative Site (&lt; 100m - 1km)</value></Data>
          <Data name="Dates"><value>-3300 to -2200 BCE</value></Data>
          <Data name="Chapter_Section"><value>2.5.3</value></Data>
          <Data name="Dissertation_Pages"><value>56, 57</value></Data>
          <Data name="Description"><value>Three stepped shafts were excavated, leading to a groundwater level approximately 60m deep. One shaft is 100m long, reaching the bottom of Wadi Shallala. Horizontal tunnels and connecting stepped tunnels were proposed to bring water into the city, dated to EB 2-3.</value></Data>
        </ExtendedData>
        <Point>
          <coordinates>35.9864,32.5975,0</coordinates>
        </Point>
      </Placemark>
      <Placemark>
        <name>Mezer (מצר)</name>
        <description><![CDATA[<h3>Mezer (מצר)</h3>
<p><b>Period:</b> 05. Early Bronze Age (EB) (-3300 to -2200 BCE)</p>
<p><b>Installation Type:</b> Deep Well</p>
<p><b>Location Precision:</b> Tier 1: High Precision (Pinpoint Well/Installation &lt; 50m)</p>
<p><b>Region:</b> Coastal Plain</p>
<p><b>Dissertation Reference:</b> §2.5.15 (Pages 68)</p>
<hr/>
<p><b>Archaeological Description (05. Early Bronze Age):</b></p>
<p>Multiple rock-cut cisterns, including a large one (B3) 5m deep and another (D7) with niches, were used for rainwater collection via rock-cut channels. These cisterns were unplastered due to the impermeable Nari and chalk bedrock.</p>]]></description>
        <styleUrl>#style_Early_Bronze</styleUrl>
        <ExtendedData>
          <Data name="Site_Name"><value>Mezer</value></Data>
          <Data name="Hebrew_Name"><value>מצר</value></Data>
          <Data name="Era"><value>05. Early Bronze Age (EB) (-3300 to -2200 BCE)</value></Data>
          <Data name="Installation_Type"><value>Deep Well</value></Data>
          <Data name="Region"><value>Coastal Plain</value></Data>
          <Data name="Location_Precision"><value>Tier 1: High Precision (Pinpoint Well/Installation &lt; 50m)</value></Data>
          <Data name="Dates"><value>-3300 to -2200 BCE</value></Data>
          <Data name="Chapter_Section"><value>2.5.15</value></Data>
          <Data name="Dissertation_Pages"><value>68</value></Data>
          <Data name="Description"><value>Multiple rock-cut cisterns, including a large one (B3) 5m deep and another (D7) with niches, were used for rainwater collection via rock-cut channels. These cisterns were unplastered due to the impermeable Nari and chalk bedrock.</value></Data>
        </ExtendedData>
        <Point>
          <coordinates>35.03584,32.47469,0</coordinates>
        </Point>
      </Placemark>
      <Placemark>
        <name>Midiya (מידיא)</name>
        <description><![CDATA[<h3>Midiya (מידיא)</h3>
<p><b>Period:</b> 05. Early Bronze Age (EB) (-3300 to -2200 BCE)</p>
<p><b>Installation Type:</b> Deep Well</p>
<p><b>Location Precision:</b> Tier 3: Approximate Village / Spring Area (&lt; 500m)</p>
<p><b>Region:</b> Samaria</p>
<p><b>Dissertation Reference:</b> §2.5.14 (Pages 67, 68)</p>
<hr/>
<p><b>Archaeological Description (05. Early Bronze Age):</b></p>
<p>This Early Bronze Age settlement, like others in Western Samaria, utilized unplastered cisterns carved into soft chalk bedrock to collect rainwater, compensating for the absence of nearby springs.</p>]]></description>
        <styleUrl>#style_Early_Bronze</styleUrl>
        <ExtendedData>
          <Data name="Site_Name"><value>Midiya</value></Data>
          <Data name="Hebrew_Name"><value>מידיא</value></Data>
          <Data name="Era"><value>05. Early Bronze Age (EB) (-3300 to -2200 BCE)</value></Data>
          <Data name="Installation_Type"><value>Deep Well</value></Data>
          <Data name="Region"><value>Samaria</value></Data>
          <Data name="Location_Precision"><value>Tier 3: Approximate Village / Spring Area (&lt; 500m)</value></Data>
          <Data name="Dates"><value>-3300 to -2200 BCE</value></Data>
          <Data name="Chapter_Section"><value>2.5.14</value></Data>
          <Data name="Dissertation_Pages"><value>67, 68</value></Data>
          <Data name="Description"><value>This Early Bronze Age settlement, like others in Western Samaria, utilized unplastered cisterns carved into soft chalk bedrock to collect rainwater, compensating for the absence of nearby springs.</value></Data>
        </ExtendedData>
        <Point>
          <coordinates>35.0118,31.9325,0</coordinates>
        </Point>
      </Placemark>
      <Placemark>
        <name>Nahal Horasha Illit (Well) (נחל חורשה עילי (באר))</name>
        <description><![CDATA[<h3>Nahal Horasha Illit (Well) (נחל חורשה עילי (באר))</h3>
<p><b>Period:</b> 05. Early Bronze Age (EB) (-3300 to -2200 BCE)</p>
<p><b>Installation Type:</b> Deep Well</p>
<p><b>Location Precision:</b> Tier 3: Approximate Village / Spring Area (&lt; 500m)</p>
<p><b>Region:</b> Negev</p>
<p><b>Dissertation Reference:</b> §2.5.9 (Pages 59)</p>
<hr/>
<p><b>Archaeological Description (05. Early Bronze Age):</b></p>
<p>A well near Mount Ramon, possibly originating in the Early Bronze Age (or even Pre-Pottery Neolithic) when the water table was higher, despite its later Ottoman reconstruction.</p>]]></description>
        <styleUrl>#style_Early_Bronze</styleUrl>
        <ExtendedData>
          <Data name="Site_Name"><value>Nahal Horasha Illit (Well)</value></Data>
          <Data name="Hebrew_Name"><value>נחל חורשה עילי (באר)</value></Data>
          <Data name="Era"><value>05. Early Bronze Age (EB) (-3300 to -2200 BCE)</value></Data>
          <Data name="Installation_Type"><value>Deep Well</value></Data>
          <Data name="Region"><value>Negev</value></Data>
          <Data name="Location_Precision"><value>Tier 3: Approximate Village / Spring Area (&lt; 500m)</value></Data>
          <Data name="Dates"><value>-3300 to -2200 BCE</value></Data>
          <Data name="Chapter_Section"><value>2.5.9</value></Data>
          <Data name="Dissertation_Pages"><value>59</value></Data>
          <Data name="Description"><value>A well near Mount Ramon, possibly originating in the Early Bronze Age (or even Pre-Pottery Neolithic) when the water table was higher, despite its later Ottoman reconstruction.</value></Data>
        </ExtendedData>
        <Point>
          <coordinates>34.542,30.5345,0</coordinates>
        </Point>
      </Placemark>
      <Placemark>
        <name>Ovda Valley (בקעת עובדה)</name>
        <description><![CDATA[<h3>Ovda Valley (בקעת עובדה)</h3>
<p><b>Period:</b> 05. Early Bronze Age (EB) (-3300 to -2200 BCE)</p>
<p><b>Installation Type:</b> Deep Well</p>
<p><b>Location Precision:</b> Tier 1: High Precision (Pinpoint Well/Installation &lt; 50m)</p>
<p><b>Region:</b> Negev</p>
<p><b>Dissertation Reference:</b> §2.5.1, 2.5.13 (Pages 55, 66)</p>
<hr/>
<p><b>Archaeological Description (05. Early Bronze Age):</b></p>
<p>Four wells were discovered, cut into a water-bearing layer. One well, well-preserved, has a 1.5-1m opening, is bell-shaped, 1.5m deep, and lined with stones. Its dating to the Chalcolithic and Early Bronze Age is based on nearby flint tools. Two methods of water storage were identified: &apos;granot&apos; (runoff collection basins), dams, and depressions in clay, in addition to wells. These systems were associated with Early Bronze Age 2 settlement clusters.</p>]]></description>
        <styleUrl>#style_Early_Bronze</styleUrl>
        <ExtendedData>
          <Data name="Site_Name"><value>Ovda Valley</value></Data>
          <Data name="Hebrew_Name"><value>בקעת עובדה</value></Data>
          <Data name="Era"><value>05. Early Bronze Age (EB) (-3300 to -2200 BCE)</value></Data>
          <Data name="Installation_Type"><value>Deep Well</value></Data>
          <Data name="Region"><value>Negev</value></Data>
          <Data name="Location_Precision"><value>Tier 1: High Precision (Pinpoint Well/Installation &lt; 50m)</value></Data>
          <Data name="Dates"><value>-3300 to -2200 BCE</value></Data>
          <Data name="Chapter_Section"><value>2.5.1, 2.5.13</value></Data>
          <Data name="Dissertation_Pages"><value>55, 66</value></Data>
          <Data name="Description"><value>Four wells were discovered, cut into a water-bearing layer. One well, well-preserved, has a 1.5-1m opening, is bell-shaped, 1.5m deep, and lined with stones. Its dating to the Chalcolithic and Early Bronze Age is based on nearby flint tools. Two methods of water storage were identified: &apos;granot&apos; (runoff collection basins), dams, and depressions in clay, in addition to wells. These systems were associated with Early Bronze Age 2 settlement clusters.</value></Data>
        </ExtendedData>
        <Point>
          <coordinates>34.975,29.932,0</coordinates>
        </Point>
      </Placemark>
      <Placemark>
        <name>Shabtin (שבתין)</name>
        <description><![CDATA[<h3>Shabtin (שבתין)</h3>
<p><b>Period:</b> 05. Early Bronze Age (EB) (-3300 to -2200 BCE)</p>
<p><b>Installation Type:</b> Deep Well</p>
<p><b>Location Precision:</b> Tier 3: Approximate Village / Spring Area (&lt; 500m)</p>
<p><b>Region:</b> Samaria</p>
<p><b>Dissertation Reference:</b> §2.5.14 (Pages 67, 68)</p>
<hr/>
<p><b>Archaeological Description (05. Early Bronze Age):</b></p>
<p>This Early Bronze Age settlement, located near a spring, also featured unplastered cisterns carved into soft chalk bedrock for rainwater collection, a common practice in Western Samaria.</p>]]></description>
        <styleUrl>#style_Early_Bronze</styleUrl>
        <ExtendedData>
          <Data name="Site_Name"><value>Shabtin</value></Data>
          <Data name="Hebrew_Name"><value>שבתין</value></Data>
          <Data name="Era"><value>05. Early Bronze Age (EB) (-3300 to -2200 BCE)</value></Data>
          <Data name="Installation_Type"><value>Deep Well</value></Data>
          <Data name="Region"><value>Samaria</value></Data>
          <Data name="Location_Precision"><value>Tier 3: Approximate Village / Spring Area (&lt; 500m)</value></Data>
          <Data name="Dates"><value>-3300 to -2200 BCE</value></Data>
          <Data name="Chapter_Section"><value>2.5.14</value></Data>
          <Data name="Dissertation_Pages"><value>67, 68</value></Data>
          <Data name="Description"><value>This Early Bronze Age settlement, located near a spring, also featured unplastered cisterns carved into soft chalk bedrock for rainwater collection, a common practice in Western Samaria.</value></Data>
        </ExtendedData>
        <Point>
          <coordinates>35.0685,31.9542,0</coordinates>
        </Point>
      </Placemark>
      <Placemark>
        <name>Tel Arad (תל ערד)</name>
        <description><![CDATA[<h3>Tel Arad (תל ערד)</h3>
<p><b>Period:</b> 05. Early Bronze Age (EB) (-3300 to -2200 BCE)</p>
<p><b>Installation Type:</b> Deep Well</p>
<p><b>Location Precision:</b> Tier 1: High Precision (Pinpoint Well/Installation &lt; 50m)</p>
<p><b>Region:</b> Negev</p>
<p><b>Dissertation Reference:</b> §2.5.2, 2.5.11, 2.5 (Pages 55, 56, 60, 61, 62, 63, 64, 65, 70, 71)</p>
<hr/>
<p><b>Archaeological Description (05. Early Bronze Age):</b></p>
<p>A well is located in the heart of the Early Bronze Age city. Although re-used in the Iron Age, it is suggested that its initial excavation dates to the Early Bronze Age as part of a larger runoff water collection system. An open-air pool/reservoir in the city center, formed by collecting rainwater runoff through radial streets into a natural depression, covering about one dunam. Water collection from rooftops into large pithoi is also suggested for this EB city. Arad had central water pools for collecting runoff, and large storage jars (pithoi) were used within houses for water storage. Clayey soil was used as a hydraulic plaster for water installations.</p>]]></description>
        <styleUrl>#style_Early_Bronze</styleUrl>
        <ExtendedData>
          <Data name="Site_Name"><value>Tel Arad</value></Data>
          <Data name="Hebrew_Name"><value>תל ערד</value></Data>
          <Data name="Era"><value>05. Early Bronze Age (EB) (-3300 to -2200 BCE)</value></Data>
          <Data name="Installation_Type"><value>Deep Well</value></Data>
          <Data name="Region"><value>Negev</value></Data>
          <Data name="Location_Precision"><value>Tier 1: High Precision (Pinpoint Well/Installation &lt; 50m)</value></Data>
          <Data name="Dates"><value>-3300 to -2200 BCE</value></Data>
          <Data name="Chapter_Section"><value>2.5.2, 2.5.11, 2.5</value></Data>
          <Data name="Dissertation_Pages"><value>55, 56, 60, 61, 62, 63, 64, 65, 70, 71</value></Data>
          <Data name="Description"><value>A well is located in the heart of the Early Bronze Age city. Although re-used in the Iron Age, it is suggested that its initial excavation dates to the Early Bronze Age as part of a larger runoff water collection system. An open-air pool/reservoir in the city center, formed by collecting rainwater runoff through radial streets into a natural depression, covering about one dunam. Water collection from rooftops into large pithoi is also suggested for this EB city. Arad had central water pools for collecting runoff, and large storage jars (pithoi) were used within houses for water storage. Clayey soil was used as a hydraulic plaster for water installations.</value></Data>
        </ExtendedData>
        <Point>
          <coordinates>35.12535,31.28173,0</coordinates>
        </Point>
      </Placemark>
      <Placemark>
        <name>Tel Bet Yerah (בית ירח)</name>
        <description><![CDATA[<h3>Tel Bet Yerah (בית ירח)</h3>
<p><b>Period:</b> 05. Early Bronze Age (EB) (-3300 to -2200 BCE)</p>
<p><b>Installation Type:</b> Aqueduct Channel</p>
<p><b>Location Precision:</b> Tier 1: High Precision (Pinpoint Well/Installation &lt; 50m)</p>
<p><b>Region:</b> Jordan Valley</p>
<p><b>Dissertation Reference:</b> §2.5.17 (Pages 70)</p>
<hr/>
<p><b>Archaeological Description (05. Early Bronze Age):</b></p>
<p>A basalt-lined tunnel, roofed with basalt slabs, was discovered on the southern edge of Tel Bet Yerah. It is interpreted as part of an Early Bronze Age III water system, possibly an aqueduct bringing water from mountain springs or a channel collecting runoff within the city.</p>]]></description>
        <styleUrl>#style_Early_Bronze</styleUrl>
        <ExtendedData>
          <Data name="Site_Name"><value>Tel Bet Yerah</value></Data>
          <Data name="Hebrew_Name"><value>בית ירח</value></Data>
          <Data name="Era"><value>05. Early Bronze Age (EB) (-3300 to -2200 BCE)</value></Data>
          <Data name="Installation_Type"><value>Aqueduct Channel</value></Data>
          <Data name="Region"><value>Jordan Valley</value></Data>
          <Data name="Location_Precision"><value>Tier 1: High Precision (Pinpoint Well/Installation &lt; 50m)</value></Data>
          <Data name="Dates"><value>-3300 to -2200 BCE</value></Data>
          <Data name="Chapter_Section"><value>2.5.17</value></Data>
          <Data name="Dissertation_Pages"><value>70</value></Data>
          <Data name="Description"><value>A basalt-lined tunnel, roofed with basalt slabs, was discovered on the southern edge of Tel Bet Yerah. It is interpreted as part of an Early Bronze Age III water system, possibly an aqueduct bringing water from mountain springs or a channel collecting runoff within the city.</value></Data>
        </ExtendedData>
        <Point>
          <coordinates>35.56921,32.71635,0</coordinates>
        </Point>
      </Placemark>
      <Placemark>
        <name>Tel Dalit (תל דלית)</name>
        <description><![CDATA[<h3>Tel Dalit (תל דלית)</h3>
<p><b>Period:</b> 05. Early Bronze Age (EB) (-3300 to -2200 BCE)</p>
<p><b>Installation Type:</b> Deep Well</p>
<p><b>Location Precision:</b> Tier 1: High Precision (Pinpoint Well/Installation &lt; 50m)</p>
<p><b>Region:</b> Judean Hills</p>
<p><b>Dissertation Reference:</b> §2.5.16 (Pages 68, 69, 70)</p>
<hr/>
<p><b>Archaeological Description (05. Early Bronze Age):</b></p>
<p>A fortified Early Bronze Age settlement with several rock-cut cisterns in soft chalk bedrock, designed to collect rainwater. One examined cistern was irregular, 2.2m deep to the chamber, with a rectangular chamber 2.6x2.0m, showing no signs of plaster due to the impermeable chalk. Shallow wells in nearby wadis likely supplemented water supply during peacetime.</p>]]></description>
        <styleUrl>#style_Early_Bronze</styleUrl>
        <ExtendedData>
          <Data name="Site_Name"><value>Tel Dalit</value></Data>
          <Data name="Hebrew_Name"><value>תל דלית</value></Data>
          <Data name="Era"><value>05. Early Bronze Age (EB) (-3300 to -2200 BCE)</value></Data>
          <Data name="Installation_Type"><value>Deep Well</value></Data>
          <Data name="Region"><value>Judean Hills</value></Data>
          <Data name="Location_Precision"><value>Tier 1: High Precision (Pinpoint Well/Installation &lt; 50m)</value></Data>
          <Data name="Dates"><value>-3300 to -2200 BCE</value></Data>
          <Data name="Chapter_Section"><value>2.5.16</value></Data>
          <Data name="Dissertation_Pages"><value>68, 69, 70</value></Data>
          <Data name="Description"><value>A fortified Early Bronze Age settlement with several rock-cut cisterns in soft chalk bedrock, designed to collect rainwater. One examined cistern was irregular, 2.2m deep to the chamber, with a rectangular chamber 2.6x2.0m, showing no signs of plaster due to the impermeable chalk. Shallow wells in nearby wadis likely supplemented water supply during peacetime.</value></Data>
        </ExtendedData>
        <Point>
          <coordinates>34.96053,31.98326,0</coordinates>
        </Point>
      </Placemark>
      <Placemark>
        <name>Tel Megiddo (תל מגידו)</name>
        <description><![CDATA[<h3>Tel Megiddo (תל מגידו)</h3>
<p><b>Period:</b> 05. Early Bronze Age (EB) (-3300 to -2200 BCE)</p>
<p><b>Installation Type:</b> Ancient City Water System</p>
<p><b>Location Precision:</b> Tier 1: High Precision (Pinpoint Well/Installation &lt; 50m)</p>
<p><b>Region:</b> Jezreel Valley</p>
<p><b>Dissertation Reference:</b> §2.5 (Pages 71)</p>
<hr/>
<p><b>Archaeological Description (05. Early Bronze Age):</b></p>
<p>Despite massive city walls, an Early Bronze Age water system was likely present, possibly a depression in the northern part of the tel, though specific details are scarce due to later archaeological layers.</p>]]></description>
        <styleUrl>#style_Early_Bronze</styleUrl>
        <ExtendedData>
          <Data name="Site_Name"><value>Tel Megiddo</value></Data>
          <Data name="Hebrew_Name"><value>תל מגידו</value></Data>
          <Data name="Era"><value>05. Early Bronze Age (EB) (-3300 to -2200 BCE)</value></Data>
          <Data name="Installation_Type"><value>Ancient City Water System</value></Data>
          <Data name="Region"><value>Jezreel Valley</value></Data>
          <Data name="Location_Precision"><value>Tier 1: High Precision (Pinpoint Well/Installation &lt; 50m)</value></Data>
          <Data name="Dates"><value>-3300 to -2200 BCE</value></Data>
          <Data name="Chapter_Section"><value>2.5</value></Data>
          <Data name="Dissertation_Pages"><value>71</value></Data>
          <Data name="Description"><value>Despite massive city walls, an Early Bronze Age water system was likely present, possibly a depression in the northern part of the tel, though specific details are scarce due to later archaeological layers.</value></Data>
        </ExtendedData>
        <Point>
          <coordinates>35.18275,32.5847,0</coordinates>
        </Point>
      </Placemark>
      <Placemark>
        <name>Tel Mizpon le-Fahma (תל מצפון לפחמה)</name>
        <description><![CDATA[<h3>Tel Mizpon le-Fahma (תל מצפון לפחמה)</h3>
<p><b>Period:</b> 05. Early Bronze Age (EB) (-3300 to -2200 BCE)</p>
<p><b>Installation Type:</b> Deep Well</p>
<p><b>Location Precision:</b> Tier 3: Approximate Village / Spring Area (&lt; 500m)</p>
<p><b>Region:</b> Samaria</p>
<p><b>Dissertation Reference:</b> §2.5.14 (Pages 67, 68)</p>
<hr/>
<p><b>Archaeological Description (05. Early Bronze Age):</b></p>
<p>This Early Bronze Age settlement, like others in Western Samaria, utilized unplastered cisterns carved into soft chalk bedrock to collect rainwater, compensating for the absence of nearby springs.</p>]]></description>
        <styleUrl>#style_Early_Bronze</styleUrl>
        <ExtendedData>
          <Data name="Site_Name"><value>Tel Mizpon le-Fahma</value></Data>
          <Data name="Hebrew_Name"><value>תל מצפון לפחמה</value></Data>
          <Data name="Era"><value>05. Early Bronze Age (EB) (-3300 to -2200 BCE)</value></Data>
          <Data name="Installation_Type"><value>Deep Well</value></Data>
          <Data name="Region"><value>Samaria</value></Data>
          <Data name="Location_Precision"><value>Tier 3: Approximate Village / Spring Area (&lt; 500m)</value></Data>
          <Data name="Dates"><value>-3300 to -2200 BCE</value></Data>
          <Data name="Chapter_Section"><value>2.5.14</value></Data>
          <Data name="Dissertation_Pages"><value>67, 68</value></Data>
          <Data name="Description"><value>This Early Bronze Age settlement, like others in Western Samaria, utilized unplastered cisterns carved into soft chalk bedrock to collect rainwater, compensating for the absence of nearby springs.</value></Data>
        </ExtendedData>
        <Point>
          <coordinates>35.1842,32.4125,0</coordinates>
        </Point>
      </Placemark>
      <Placemark>
        <name>Tel near Bazariya (תל ליד בזריה)</name>
        <description><![CDATA[<h3>Tel near Bazariya (תל ליד בזריה)</h3>
<p><b>Period:</b> 05. Early Bronze Age (EB) (-3300 to -2200 BCE)</p>
<p><b>Installation Type:</b> Deep Well</p>
<p><b>Location Precision:</b> Tier 3: Approximate Village / Spring Area (&lt; 500m)</p>
<p><b>Region:</b> Samaria</p>
<p><b>Dissertation Reference:</b> §2.5.14 (Pages 67, 68)</p>
<hr/>
<p><b>Archaeological Description (05. Early Bronze Age):</b></p>
<p>This Early Bronze Age settlement, like others in Western Samaria, utilized unplastered cisterns carved into soft chalk bedrock to collect rainwater, compensating for the absence of nearby springs.</p>]]></description>
        <styleUrl>#style_Early_Bronze</styleUrl>
        <ExtendedData>
          <Data name="Site_Name"><value>Tel near Bazariya</value></Data>
          <Data name="Hebrew_Name"><value>תל ליד בזריה</value></Data>
          <Data name="Era"><value>05. Early Bronze Age (EB) (-3300 to -2200 BCE)</value></Data>
          <Data name="Installation_Type"><value>Deep Well</value></Data>
          <Data name="Region"><value>Samaria</value></Data>
          <Data name="Location_Precision"><value>Tier 3: Approximate Village / Spring Area (&lt; 500m)</value></Data>
          <Data name="Dates"><value>-3300 to -2200 BCE</value></Data>
          <Data name="Chapter_Section"><value>2.5.14</value></Data>
          <Data name="Dissertation_Pages"><value>67, 68</value></Data>
          <Data name="Description"><value>This Early Bronze Age settlement, like others in Western Samaria, utilized unplastered cisterns carved into soft chalk bedrock to collect rainwater, compensating for the absence of nearby springs.</value></Data>
        </ExtendedData>
        <Point>
          <coordinates>35.161,32.3025,0</coordinates>
        </Point>
      </Placemark>
      <Placemark>
        <name>Tel Yarmut (תל ירמות)</name>
        <description><![CDATA[<h3>Tel Yarmut (תל ירמות)</h3>
<p><b>Period:</b> 05. Early Bronze Age (EB) (-3300 to -2200 BCE)</p>
<p><b>Installation Type:</b> Water Reservoir</p>
<p><b>Location Precision:</b> Tier 1: High Precision (Pinpoint Well/Installation &lt; 50m)</p>
<p><b>Region:</b> Shephelah</p>
<p><b>Dissertation Reference:</b> §2.5 (Pages 71)</p>
<hr/>
<p><b>Archaeological Description (05. Early Bronze Age):</b></p>
<p>Although no formal water system has been discovered for the Early Bronze Age, a clear topographical depression at the lowest point of the 150-dunam city likely served to collect runoff water.</p>]]></description>
        <styleUrl>#style_Early_Bronze</styleUrl>
        <ExtendedData>
          <Data name="Site_Name"><value>Tel Yarmut</value></Data>
          <Data name="Hebrew_Name"><value>תל ירמות</value></Data>
          <Data name="Era"><value>05. Early Bronze Age (EB) (-3300 to -2200 BCE)</value></Data>
          <Data name="Installation_Type"><value>Water Reservoir</value></Data>
          <Data name="Region"><value>Shephelah</value></Data>
          <Data name="Location_Precision"><value>Tier 1: High Precision (Pinpoint Well/Installation &lt; 50m)</value></Data>
          <Data name="Dates"><value>-3300 to -2200 BCE</value></Data>
          <Data name="Chapter_Section"><value>2.5</value></Data>
          <Data name="Dissertation_Pages"><value>71</value></Data>
          <Data name="Description"><value>Although no formal water system has been discovered for the Early Bronze Age, a clear topographical depression at the lowest point of the 150-dunam city likely served to collect runoff water.</value></Data>
        </ExtendedData>
        <Point>
          <coordinates>34.97501,31.70914,0</coordinates>
        </Point>
      </Placemark>
      <Placemark>
        <name>Tepe Gawra (טפה גאורה)</name>
        <description><![CDATA[<h3>Tepe Gawra (טפה גאורה)</h3>
<p><b>Period:</b> 05. Early Bronze Age (EB) (-3300 to -2200 BCE)</p>
<p><b>Installation Type:</b> Deep Well</p>
<p><b>Location Precision:</b> Tier 4: International Comparative Site (&lt; 100m - 1km)</p>
<p><b>Region:</b> Mesopotamia</p>
<p><b>Dissertation Reference:</b> §2.5.4 (Pages 57)</p>
<hr/>
<p><b>Archaeological Description (05. Early Bronze Age):</b></p>
<p>Two wells were found. The older well (Layer VIIIb, Late Uruk/EB) was 2.8m in diameter, excavated to 24m, plastered with mud, and featured steps, connected to a bitumen-lined drainage channel. A second well (Layer VI, early 3rd millennium BCE) also had a drainage channel leading to it.</p>]]></description>
        <styleUrl>#style_Early_Bronze</styleUrl>
        <ExtendedData>
          <Data name="Site_Name"><value>Tepe Gawra</value></Data>
          <Data name="Hebrew_Name"><value>טפה גאורה</value></Data>
          <Data name="Era"><value>05. Early Bronze Age (EB) (-3300 to -2200 BCE)</value></Data>
          <Data name="Installation_Type"><value>Deep Well</value></Data>
          <Data name="Region"><value>Mesopotamia</value></Data>
          <Data name="Location_Precision"><value>Tier 4: International Comparative Site (&lt; 100m - 1km)</value></Data>
          <Data name="Dates"><value>-3300 to -2200 BCE</value></Data>
          <Data name="Chapter_Section"><value>2.5.4</value></Data>
          <Data name="Dissertation_Pages"><value>57</value></Data>
          <Data name="Description"><value>Two wells were found. The older well (Layer VIIIb, Late Uruk/EB) was 2.8m in diameter, excavated to 24m, plastered with mud, and featured steps, connected to a bitumen-lined drainage channel. A second well (Layer VI, early 3rd millennium BCE) also had a drainage channel leading to it.</value></Data>
        </ExtendedData>
        <Point>
          <coordinates>43.2083,36.5567,0</coordinates>
        </Point>
      </Placemark>
    </Folder>
    <Folder>
      <name>06. Middle Bronze Age (MB) (-2200 to -1550 BCE)</name>
      <description>תקופת הברונזה התיכונה (MB I-II) - 16 sites</description>
      <Placemark>
        <name>Bozrah (Busra) (בוצרה (סוריה))</name>
        <description><![CDATA[<h3>Bozrah (Busra) (בוצרה (סוריה))</h3>
<p><b>Period:</b> 06. Middle Bronze Age (MB) (-2200 to -1550 BCE)</p>
<p><b>Installation Type:</b> Deep Well</p>
<p><b>Location Precision:</b> Tier 4: International Comparative Site (&lt; 100m - 1km)</p>
<p><b>Region:</b> Syria</p>
<p><b>Dissertation Reference:</b> §2.6.13 (Pages 89)</p>
<hr/>
<p><b>Archaeological Description (06. Middle Bronze Age):</b></p>
<p>A well in the northern part of the tel, dated to the Middle Bronze Age, which was abandoned along with a house and garden it supplied with water.</p>]]></description>
        <styleUrl>#style_Middle_Bronze</styleUrl>
        <ExtendedData>
          <Data name="Site_Name"><value>Bozrah (Busra)</value></Data>
          <Data name="Hebrew_Name"><value>בוצרה (סוריה)</value></Data>
          <Data name="Era"><value>06. Middle Bronze Age (MB) (-2200 to -1550 BCE)</value></Data>
          <Data name="Installation_Type"><value>Deep Well</value></Data>
          <Data name="Region"><value>Syria</value></Data>
          <Data name="Location_Precision"><value>Tier 4: International Comparative Site (&lt; 100m - 1km)</value></Data>
          <Data name="Dates"><value>-2200 to -1550 BCE</value></Data>
          <Data name="Chapter_Section"><value>2.6.13</value></Data>
          <Data name="Dissertation_Pages"><value>89</value></Data>
          <Data name="Description"><value>A well in the northern part of the tel, dated to the Middle Bronze Age, which was abandoned along with a house and garden it supplied with water.</value></Data>
        </ExtendedData>
        <Point>
          <coordinates>36.475,32.516,0</coordinates>
        </Point>
      </Placemark>
      <Placemark>
        <name>Ebla (אבלה (סוריה))</name>
        <description><![CDATA[<h3>Ebla (אבלה (סוריה))</h3>
<p><b>Period:</b> 06. Middle Bronze Age (MB) (-2200 to -1550 BCE)</p>
<p><b>Installation Type:</b> Deep Well</p>
<p><b>Location Precision:</b> Tier 4: International Comparative Site (&lt; 100m - 1km)</p>
<p><b>Region:</b> Syria</p>
<p><b>Dissertation Reference:</b> §2.6.12 (Pages 88, 89)</p>
<hr/>
<p><b>Archaeological Description (06. Middle Bronze Age):</b></p>
<p>A very deep well in the lower city, connecting to a dome-roofed underground chamber, containing artifacts dated to around 2000 BCE.</p>]]></description>
        <styleUrl>#style_Middle_Bronze</styleUrl>
        <ExtendedData>
          <Data name="Site_Name"><value>Ebla</value></Data>
          <Data name="Hebrew_Name"><value>אבלה (סוריה)</value></Data>
          <Data name="Era"><value>06. Middle Bronze Age (MB) (-2200 to -1550 BCE)</value></Data>
          <Data name="Installation_Type"><value>Deep Well</value></Data>
          <Data name="Region"><value>Syria</value></Data>
          <Data name="Location_Precision"><value>Tier 4: International Comparative Site (&lt; 100m - 1km)</value></Data>
          <Data name="Dates"><value>-2200 to -1550 BCE</value></Data>
          <Data name="Chapter_Section"><value>2.6.12</value></Data>
          <Data name="Dissertation_Pages"><value>88, 89</value></Data>
          <Data name="Description"><value>A very deep well in the lower city, connecting to a dome-roofed underground chamber, containing artifacts dated to around 2000 BCE.</value></Data>
        </ExtendedData>
        <Point>
          <coordinates>36.809,35.793,0</coordinates>
        </Point>
      </Placemark>
      <Placemark>
        <name>Jericho (יריחו)</name>
        <description><![CDATA[<h3>Jericho (יריחו)</h3>
<p><b>Period:</b> 06. Middle Bronze Age (MB) (-2200 to -1550 BCE)</p>
<p><b>Installation Type:</b> Spring Cave Capture</p>
<p><b>Location Precision:</b> Tier 1: High Precision (Pinpoint Well/Installation &lt; 50m)</p>
<p><b>Region:</b> Jordan Valley</p>
<p><b>Dissertation Reference:</b> §2.6.3 (Pages 75)</p>
<hr/>
<p><b>Archaeological Description (06. Middle Bronze Age):</b></p>
<p>During the Middle Bronze Age, the city of Jericho was fortified, and Elisha&apos;s Spring (Ein es-Sultan) was intentionally included within its city walls to provide a secure water source.</p>]]></description>
        <styleUrl>#style_Middle_Bronze</styleUrl>
        <ExtendedData>
          <Data name="Site_Name"><value>Jericho</value></Data>
          <Data name="Hebrew_Name"><value>יריחו</value></Data>
          <Data name="Era"><value>06. Middle Bronze Age (MB) (-2200 to -1550 BCE)</value></Data>
          <Data name="Installation_Type"><value>Spring Cave Capture</value></Data>
          <Data name="Region"><value>Jordan Valley</value></Data>
          <Data name="Location_Precision"><value>Tier 1: High Precision (Pinpoint Well/Installation &lt; 50m)</value></Data>
          <Data name="Dates"><value>-2200 to -1550 BCE</value></Data>
          <Data name="Chapter_Section"><value>2.6.3</value></Data>
          <Data name="Dissertation_Pages"><value>75</value></Data>
          <Data name="Description"><value>During the Middle Bronze Age, the city of Jericho was fortified, and Elisha&apos;s Spring (Ein es-Sultan) was intentionally included within its city walls to provide a secure water source.</value></Data>
        </ExtendedData>
        <Point>
          <coordinates>35.4442,31.8706,0</coordinates>
        </Point>
      </Placemark>
      <Placemark>
        <name>Jerusalem (City of David) (ירושלים (עיר דוד))</name>
        <description><![CDATA[<h3>Jerusalem (City of David) (ירושלים (עיר דוד))</h3>
<p><b>Period:</b> 06. Middle Bronze Age (MB) (-2200 to -1550 BCE)</p>
<p><b>Installation Type:</b> Spring Cave Capture</p>
<p><b>Location Precision:</b> Tier 1: High Precision (Pinpoint Well/Installation &lt; 50m)</p>
<p><b>Region:</b> Judean Hills</p>
<p><b>Dissertation Reference:</b> §2.6.4 (Pages 76, 77, 78, 79, 80, 81)</p>
<hr/>
<p><b>Archaeological Description (06. Middle Bronze Age):</b></p>
<p>The Gihon Spring was the primary water source for Jerusalem from the Chalcolithic period, and its abundant flow was seven times greater than the city&apos;s needs during the Middle Bronze Age. Channel I, a plastered channel partly cut into rock and partly built, is considered the oldest water system in the area, possibly dating to the Middle Bronze Age or earlier, used for irrigating agricultural plots in the Kidron Valley. The central water system of Jerusalem, including Warren&apos;s Shaft (tunnel part), the Great Tower, a pool, and Channels II and III, was carved and built during Middle Bronze Age II to provide the city with an internal water source, especially during sieges.</p>]]></description>
        <styleUrl>#style_Middle_Bronze</styleUrl>
        <ExtendedData>
          <Data name="Site_Name"><value>Jerusalem (City of David)</value></Data>
          <Data name="Hebrew_Name"><value>ירושלים (עיר דוד)</value></Data>
          <Data name="Era"><value>06. Middle Bronze Age (MB) (-2200 to -1550 BCE)</value></Data>
          <Data name="Installation_Type"><value>Spring Cave Capture</value></Data>
          <Data name="Region"><value>Judean Hills</value></Data>
          <Data name="Location_Precision"><value>Tier 1: High Precision (Pinpoint Well/Installation &lt; 50m)</value></Data>
          <Data name="Dates"><value>-2200 to -1550 BCE</value></Data>
          <Data name="Chapter_Section"><value>2.6.4</value></Data>
          <Data name="Dissertation_Pages"><value>76, 77, 78, 79, 80, 81</value></Data>
          <Data name="Description"><value>The Gihon Spring was the primary water source for Jerusalem from the Chalcolithic period, and its abundant flow was seven times greater than the city&apos;s needs during the Middle Bronze Age. Channel I, a plastered channel partly cut into rock and partly built, is considered the oldest water system in the area, possibly dating to the Middle Bronze Age or earlier, used for irrigating agricultural plots in the Kidron Valley. The central water system of Jerusalem, including Warren&apos;s Shaft (tunnel part), the Great Tower, a pool, and Channels II and III, was carved and built during Middle Bronze Age II to provide the city with an internal water source, especially during sieges.</value></Data>
        </ExtendedData>
        <Point>
          <coordinates>35.23584,31.77406,0</coordinates>
        </Point>
      </Placemark>
      <Placemark>
        <name>Mari (מארי)</name>
        <description><![CDATA[<h3>Mari (מארי)</h3>
<p><b>Period:</b> 06. Middle Bronze Age (MB) (-2200 to -1550 BCE)</p>
<p><b>Installation Type:</b> Aqueduct Channel</p>
<p><b>Location Precision:</b> Tier 4: International Comparative Site (&lt; 100m - 1km)</p>
<p><b>Region:</b> Mesopotamia</p>
<p><b>Dissertation Reference:</b> §2.6.25 (Pages 94)</p>
<hr/>
<p><b>Archaeological Description (06. Middle Bronze Age):</b></p>
<p>Textual evidence from King Yahdun-Lim (18th century BCE) describes the construction of canals to bring water to Mari, potentially representing an early urban aqueduct, though no archaeological evidence has been found.</p>]]></description>
        <styleUrl>#style_Middle_Bronze</styleUrl>
        <ExtendedData>
          <Data name="Site_Name"><value>Mari</value></Data>
          <Data name="Hebrew_Name"><value>מארי</value></Data>
          <Data name="Era"><value>06. Middle Bronze Age (MB) (-2200 to -1550 BCE)</value></Data>
          <Data name="Installation_Type"><value>Aqueduct Channel</value></Data>
          <Data name="Region"><value>Mesopotamia</value></Data>
          <Data name="Location_Precision"><value>Tier 4: International Comparative Site (&lt; 100m - 1km)</value></Data>
          <Data name="Dates"><value>-2200 to -1550 BCE</value></Data>
          <Data name="Chapter_Section"><value>2.6.25</value></Data>
          <Data name="Dissertation_Pages"><value>94</value></Data>
          <Data name="Description"><value>Textual evidence from King Yahdun-Lim (18th century BCE) describes the construction of canals to bring water to Mari, potentially representing an early urban aqueduct, though no archaeological evidence has been found.</value></Data>
        </ExtendedData>
        <Point>
          <coordinates>40.8897,34.5497,0</coordinates>
        </Point>
      </Placemark>
      <Placemark>
        <name>Qatna (קטנה)</name>
        <description><![CDATA[<h3>Qatna (קטנה)</h3>
<p><b>Period:</b> 06. Middle Bronze Age (MB) (-2200 to -1550 BCE)</p>
<p><b>Installation Type:</b> Spring Cave Capture</p>
<p><b>Location Precision:</b> Tier 4: International Comparative Site (&lt; 100m - 1km)</p>
<p><b>Region:</b> Syria</p>
<p><b>Dissertation Reference:</b> §2.6.5 (Pages 81)</p>
<hr/>
<p><b>Archaeological Description (06. Middle Bronze Age):</b></p>
<p>During Middle Bronze Age II, a spring was enclosed within the walls of the kingdom city of Qatna, while a stream outside the rampart may have filled a moat for defense.</p>]]></description>
        <styleUrl>#style_Middle_Bronze</styleUrl>
        <ExtendedData>
          <Data name="Site_Name"><value>Qatna</value></Data>
          <Data name="Hebrew_Name"><value>קטנה</value></Data>
          <Data name="Era"><value>06. Middle Bronze Age (MB) (-2200 to -1550 BCE)</value></Data>
          <Data name="Installation_Type"><value>Spring Cave Capture</value></Data>
          <Data name="Region"><value>Syria</value></Data>
          <Data name="Location_Precision"><value>Tier 4: International Comparative Site (&lt; 100m - 1km)</value></Data>
          <Data name="Dates"><value>-2200 to -1550 BCE</value></Data>
          <Data name="Chapter_Section"><value>2.6.5</value></Data>
          <Data name="Dissertation_Pages"><value>81</value></Data>
          <Data name="Description"><value>During Middle Bronze Age II, a spring was enclosed within the walls of the kingdom city of Qatna, while a stream outside the rampart may have filled a moat for defense.</value></Data>
        </ExtendedData>
        <Point>
          <coordinates>36.8656,34.8967,0</coordinates>
        </Point>
      </Placemark>
      <Placemark>
        <name>Sha&apos;albim (שעלבים)</name>
        <description><![CDATA[<h3>Sha&apos;albim (שעלבים)</h3>
<p><b>Period:</b> 06. Middle Bronze Age (MB) (-2200 to -1550 BCE)</p>
<p><b>Installation Type:</b> Plastered Cistern</p>
<p><b>Location Precision:</b> Tier 1: High Precision (Pinpoint Well/Installation &lt; 50m)</p>
<p><b>Region:</b> Shephelah</p>
<p><b>Dissertation Reference:</b> §2.6.22 (Pages 92)</p>
<hr/>
<p><b>Archaeological Description (06. Middle Bronze Age):</b></p>
<p>A burial cave from MB IIB was originally a rock-cut, mud-plastered water cistern, approximately 3m deep and 3m in diameter, with spiral steps for access.</p>]]></description>
        <styleUrl>#style_Middle_Bronze</styleUrl>
        <ExtendedData>
          <Data name="Site_Name"><value>Sha&apos;albim</value></Data>
          <Data name="Hebrew_Name"><value>שעלבים</value></Data>
          <Data name="Era"><value>06. Middle Bronze Age (MB) (-2200 to -1550 BCE)</value></Data>
          <Data name="Installation_Type"><value>Plastered Cistern</value></Data>
          <Data name="Region"><value>Shephelah</value></Data>
          <Data name="Location_Precision"><value>Tier 1: High Precision (Pinpoint Well/Installation &lt; 50m)</value></Data>
          <Data name="Dates"><value>-2200 to -1550 BCE</value></Data>
          <Data name="Chapter_Section"><value>2.6.22</value></Data>
          <Data name="Dissertation_Pages"><value>92</value></Data>
          <Data name="Description"><value>A burial cave from MB IIB was originally a rock-cut, mud-plastered water cistern, approximately 3m deep and 3m in diameter, with spiral steps for access.</value></Data>
        </ExtendedData>
        <Point>
          <coordinates>34.98519,31.86333,0</coordinates>
        </Point>
      </Placemark>
      <Placemark>
        <name>Tel Dan (תל דן)</name>
        <description><![CDATA[<h3>Tel Dan (תל דן)</h3>
<p><b>Period:</b> 06. Middle Bronze Age (MB) (-2200 to -1550 BCE)</p>
<p><b>Installation Type:</b> Spring Cave Capture</p>
<p><b>Location Precision:</b> Tier 1: High Precision (Pinpoint Well/Installation &lt; 50m)</p>
<p><b>Region:</b> Upper Galilee</p>
<p><b>Dissertation Reference:</b> §2.6.2 (Pages 73, 74, 75)</p>
<hr/>
<p><b>Archaeological Description (06. Middle Bronze Age):</b></p>
<p>The city of Dan, enclosed by a massive rampart, incorporated the eastern springs of Dan within its fortifications during the Middle Bronze Age, serving as the primary water source. An artificial water passage (sinkhole) was likely constructed concurrently with the rampart to manage excess water.</p>]]></description>
        <styleUrl>#style_Middle_Bronze</styleUrl>
        <ExtendedData>
          <Data name="Site_Name"><value>Tel Dan</value></Data>
          <Data name="Hebrew_Name"><value>תל דן</value></Data>
          <Data name="Era"><value>06. Middle Bronze Age (MB) (-2200 to -1550 BCE)</value></Data>
          <Data name="Installation_Type"><value>Spring Cave Capture</value></Data>
          <Data name="Region"><value>Upper Galilee</value></Data>
          <Data name="Location_Precision"><value>Tier 1: High Precision (Pinpoint Well/Installation &lt; 50m)</value></Data>
          <Data name="Dates"><value>-2200 to -1550 BCE</value></Data>
          <Data name="Chapter_Section"><value>2.6.2</value></Data>
          <Data name="Dissertation_Pages"><value>73, 74, 75</value></Data>
          <Data name="Description"><value>The city of Dan, enclosed by a massive rampart, incorporated the eastern springs of Dan within its fortifications during the Middle Bronze Age, serving as the primary water source. An artificial water passage (sinkhole) was likely constructed concurrently with the rampart to manage excess water.</value></Data>
        </ExtendedData>
        <Point>
          <coordinates>35.65193,33.24836,0</coordinates>
        </Point>
      </Placemark>
      <Placemark>
        <name>Tel Gerisa (תל גריסה)</name>
        <description><![CDATA[<h3>Tel Gerisa (תל גריסה)</h3>
<p><b>Period:</b> 06. Middle Bronze Age (MB) (-2200 to -1550 BCE)</p>
<p><b>Installation Type:</b> Water Tunnel Shaft</p>
<p><b>Location Precision:</b> Tier 1: High Precision (Pinpoint Well/Installation &lt; 50m)</p>
<p><b>Region:</b> Coastal Plain</p>
<p><b>Dissertation Reference:</b> §2.6.6 (Pages 82, 83)</p>
<hr/>
<p><b>Archaeological Description (06. Middle Bronze Age):</b></p>
<p>A water system consisting of an elliptical vertical shaft with steps, cut into the kurkar rock, was constructed during Middle Bronze Age IIA within the fortified city of Tel Gerisa to reach groundwater, likely for use during sieges.</p>]]></description>
        <styleUrl>#style_Middle_Bronze</styleUrl>
        <ExtendedData>
          <Data name="Site_Name"><value>Tel Gerisa</value></Data>
          <Data name="Hebrew_Name"><value>תל גריסה</value></Data>
          <Data name="Era"><value>06. Middle Bronze Age (MB) (-2200 to -1550 BCE)</value></Data>
          <Data name="Installation_Type"><value>Water Tunnel Shaft</value></Data>
          <Data name="Region"><value>Coastal Plain</value></Data>
          <Data name="Location_Precision"><value>Tier 1: High Precision (Pinpoint Well/Installation &lt; 50m)</value></Data>
          <Data name="Dates"><value>-2200 to -1550 BCE</value></Data>
          <Data name="Chapter_Section"><value>2.6.6</value></Data>
          <Data name="Dissertation_Pages"><value>82, 83</value></Data>
          <Data name="Description"><value>A water system consisting of an elliptical vertical shaft with steps, cut into the kurkar rock, was constructed during Middle Bronze Age IIA within the fortified city of Tel Gerisa to reach groundwater, likely for use during sieges.</value></Data>
        </ExtendedData>
        <Point>
          <coordinates>34.80648,32.09327,0</coordinates>
        </Point>
      </Placemark>
      <Placemark>
        <name>Tel Gezer (תל גזר)</name>
        <description><![CDATA[<h3>Tel Gezer (תל גזר)</h3>
<p><b>Period:</b> 06. Middle Bronze Age (MB) (-2200 to -1550 BCE)</p>
<p><b>Installation Type:</b> Water Tunnel Shaft</p>
<p><b>Location Precision:</b> Tier 1: High Precision (Pinpoint Well/Installation &lt; 50m)</p>
<p><b>Region:</b> Shephelah</p>
<p><b>Dissertation Reference:</b> §2.6.7, 2.6.23 (Pages 83, 84, 85, 86, 93, 94)</p>
<hr/>
<p><b>Archaeological Description (06. Middle Bronze Age):</b></p>
<p>An impressive water system was discovered within the fortifications of Tel Gezer, comprising an entrance, a sloping tunnel with steps, a collection basin, and a cave, dating to the Middle Bronze Age. A large, complex stepped water tunnel, 40m long and nearly 40m deep, leading to a natural spring/groundwater source. The author argues for its construction in the Middle Bronze Age. Numerous bottle-shaped, rock-cut, and often plastered cisterns were found, typically 4.9-7m deep, with drainage channels collecting runoff. Specific examples like 23089 and 34046 are dated to the Middle Bronze Age, with some reused into later periods.</p>]]></description>
        <styleUrl>#style_Middle_Bronze</styleUrl>
        <ExtendedData>
          <Data name="Site_Name"><value>Tel Gezer</value></Data>
          <Data name="Hebrew_Name"><value>תל גזר</value></Data>
          <Data name="Era"><value>06. Middle Bronze Age (MB) (-2200 to -1550 BCE)</value></Data>
          <Data name="Installation_Type"><value>Water Tunnel Shaft</value></Data>
          <Data name="Region"><value>Shephelah</value></Data>
          <Data name="Location_Precision"><value>Tier 1: High Precision (Pinpoint Well/Installation &lt; 50m)</value></Data>
          <Data name="Dates"><value>-2200 to -1550 BCE</value></Data>
          <Data name="Chapter_Section"><value>2.6.7, 2.6.23</value></Data>
          <Data name="Dissertation_Pages"><value>83, 84, 85, 86, 93, 94</value></Data>
          <Data name="Description"><value>An impressive water system was discovered within the fortifications of Tel Gezer, comprising an entrance, a sloping tunnel with steps, a collection basin, and a cave, dating to the Middle Bronze Age. A large, complex stepped water tunnel, 40m long and nearly 40m deep, leading to a natural spring/groundwater source. The author argues for its construction in the Middle Bronze Age. Numerous bottle-shaped, rock-cut, and often plastered cisterns were found, typically 4.9-7m deep, with drainage channels collecting runoff. Specific examples like 23089 and 34046 are dated to the Middle Bronze Age, with some reused into later periods.</value></Data>
        </ExtendedData>
        <Point>
          <coordinates>34.91857,31.85882,0</coordinates>
        </Point>
      </Placemark>
      <Placemark>
        <name>Tel Haror (תל הרור)</name>
        <description><![CDATA[<h3>Tel Haror (תל הרור)</h3>
<p><b>Period:</b> 06. Middle Bronze Age (MB) (-2200 to -1550 BCE)</p>
<p><b>Installation Type:</b> Deep Well</p>
<p><b>Location Precision:</b> Tier 1: High Precision (Pinpoint Well/Installation &lt; 50m)</p>
<p><b>Region:</b> Northern Negev</p>
<p><b>Dissertation Reference:</b> §2.6.11 (Pages 88)</p>
<hr/>
<p><b>Archaeological Description (06. Middle Bronze Age):</b></p>
<p>A 2m diameter, 11.5m deep well, lined with kurkar stones and rock-cut, located within the Middle Bronze Age city, intended to supply water during sieges. Dated by MB II pottery.</p>]]></description>
        <styleUrl>#style_Middle_Bronze</styleUrl>
        <ExtendedData>
          <Data name="Site_Name"><value>Tel Haror</value></Data>
          <Data name="Hebrew_Name"><value>תל הרור</value></Data>
          <Data name="Era"><value>06. Middle Bronze Age (MB) (-2200 to -1550 BCE)</value></Data>
          <Data name="Installation_Type"><value>Deep Well</value></Data>
          <Data name="Region"><value>Northern Negev</value></Data>
          <Data name="Location_Precision"><value>Tier 1: High Precision (Pinpoint Well/Installation &lt; 50m)</value></Data>
          <Data name="Dates"><value>-2200 to -1550 BCE</value></Data>
          <Data name="Chapter_Section"><value>2.6.11</value></Data>
          <Data name="Dissertation_Pages"><value>88</value></Data>
          <Data name="Description"><value>A 2m diameter, 11.5m deep well, lined with kurkar stones and rock-cut, located within the Middle Bronze Age city, intended to supply water during sieges. Dated by MB II pottery.</value></Data>
        </ExtendedData>
        <Point>
          <coordinates>34.60649,31.38362,0</coordinates>
        </Point>
      </Placemark>
      <Placemark>
        <name>Tel Hazor (תל חצור)</name>
        <description><![CDATA[<h3>Tel Hazor (תל חצור)</h3>
<p><b>Period:</b> 06. Middle Bronze Age (MB) (-2200 to -1550 BCE)</p>
<p><b>Installation Type:</b> Water Tunnel Shaft</p>
<p><b>Location Precision:</b> Tier 1: High Precision (Pinpoint Well/Installation &lt; 50m)</p>
<p><b>Region:</b> Upper Galilee</p>
<p><b>Dissertation Reference:</b> §2.6.8, 2.6.21 (Pages 87, 91, 92)</p>
<hr/>
<p><b>Archaeological Description (06. Middle Bronze Age):</b></p>
<p>A large depression in the lower city is suggested to be the top of a shaft dug to groundwater, used during the Middle Bronze and Late Bronze Ages. Six bottle-shaped, rock-cut cisterns (e.g., 9024, 9027, 6243) were found, dated to MB II by pottery, with some continuing into LB. They featured narrow necks, expanding bodies, and sometimes plaster, designed to collect rainwater runoff.</p>]]></description>
        <styleUrl>#style_Middle_Bronze</styleUrl>
        <ExtendedData>
          <Data name="Site_Name"><value>Tel Hazor</value></Data>
          <Data name="Hebrew_Name"><value>תל חצור</value></Data>
          <Data name="Era"><value>06. Middle Bronze Age (MB) (-2200 to -1550 BCE)</value></Data>
          <Data name="Installation_Type"><value>Water Tunnel Shaft</value></Data>
          <Data name="Region"><value>Upper Galilee</value></Data>
          <Data name="Location_Precision"><value>Tier 1: High Precision (Pinpoint Well/Installation &lt; 50m)</value></Data>
          <Data name="Dates"><value>-2200 to -1550 BCE</value></Data>
          <Data name="Chapter_Section"><value>2.6.8, 2.6.21</value></Data>
          <Data name="Dissertation_Pages"><value>87, 91, 92</value></Data>
          <Data name="Description"><value>A large depression in the lower city is suggested to be the top of a shaft dug to groundwater, used during the Middle Bronze and Late Bronze Ages. Six bottle-shaped, rock-cut cisterns (e.g., 9024, 9027, 6243) were found, dated to MB II by pottery, with some continuing into LB. They featured narrow necks, expanding bodies, and sometimes plaster, designed to collect rainwater runoff.</value></Data>
        </ExtendedData>
        <Point>
          <coordinates>35.56806,33.01764,0</coordinates>
        </Point>
      </Placemark>
      <Placemark>
        <name>Tel Kabri (תל כברי)</name>
        <description><![CDATA[<h3>Tel Kabri (תל כברי)</h3>
<p><b>Period:</b> 06. Middle Bronze Age (MB) (-2200 to -1550 BCE)</p>
<p><b>Installation Type:</b> Spring Cave Capture</p>
<p><b>Location Precision:</b> Tier 1: High Precision (Pinpoint Well/Installation &lt; 50m)</p>
<p><b>Region:</b> Western Galilee</p>
<p><b>Dissertation Reference:</b> §2.6.1 (Pages 73)</p>
<hr/>
<p><b>Archaeological Description (06. Middle Bronze Age):</b></p>
<p>A large planned city from MB II (c. 1800 BCE) was built around the abundant Ein Shefa spring, which was enclosed within the city&apos;s rampart. Excess water was likely drained through a channel in the western gate.</p>]]></description>
        <styleUrl>#style_Middle_Bronze</styleUrl>
        <ExtendedData>
          <Data name="Site_Name"><value>Tel Kabri</value></Data>
          <Data name="Hebrew_Name"><value>תל כברי</value></Data>
          <Data name="Era"><value>06. Middle Bronze Age (MB) (-2200 to -1550 BCE)</value></Data>
          <Data name="Installation_Type"><value>Spring Cave Capture</value></Data>
          <Data name="Region"><value>Western Galilee</value></Data>
          <Data name="Location_Precision"><value>Tier 1: High Precision (Pinpoint Well/Installation &lt; 50m)</value></Data>
          <Data name="Dates"><value>-2200 to -1550 BCE</value></Data>
          <Data name="Chapter_Section"><value>2.6.1</value></Data>
          <Data name="Dissertation_Pages"><value>73</value></Data>
          <Data name="Description"><value>A large planned city from MB II (c. 1800 BCE) was built around the abundant Ein Shefa spring, which was enclosed within the city&apos;s rampart. Excess water was likely drained through a channel in the western gate.</value></Data>
        </ExtendedData>
        <Point>
          <coordinates>35.13976,33.00851,0</coordinates>
        </Point>
      </Placemark>
      <Placemark>
        <name>Tel Lachish (תל לכיש)</name>
        <description><![CDATA[<h3>Tel Lachish (תל לכיש)</h3>
<p><b>Period:</b> 06. Middle Bronze Age (MB) (-2200 to -1550 BCE)</p>
<p><b>Installation Type:</b> Deep Well</p>
<p><b>Location Precision:</b> Tier 1: High Precision (Pinpoint Well/Installation &lt; 50m)</p>
<p><b>Region:</b> Shephelah</p>
<p><b>Dissertation Reference:</b> §2.6.10 (Pages 88)</p>
<hr/>
<p><b>Archaeological Description (06. Middle Bronze Age):</b></p>
<p>A 44m deep, 2.4m diameter cylindrical well, stone-lined and rock-cut, located within the city&apos;s Middle Bronze Age fortifications and used until the Iron Age.</p>]]></description>
        <styleUrl>#style_Middle_Bronze</styleUrl>
        <ExtendedData>
          <Data name="Site_Name"><value>Tel Lachish</value></Data>
          <Data name="Hebrew_Name"><value>תל לכיש</value></Data>
          <Data name="Era"><value>06. Middle Bronze Age (MB) (-2200 to -1550 BCE)</value></Data>
          <Data name="Installation_Type"><value>Deep Well</value></Data>
          <Data name="Region"><value>Shephelah</value></Data>
          <Data name="Location_Precision"><value>Tier 1: High Precision (Pinpoint Well/Installation &lt; 50m)</value></Data>
          <Data name="Dates"><value>-2200 to -1550 BCE</value></Data>
          <Data name="Chapter_Section"><value>2.6.10</value></Data>
          <Data name="Dissertation_Pages"><value>88</value></Data>
          <Data name="Description"><value>A 44m deep, 2.4m diameter cylindrical well, stone-lined and rock-cut, located within the city&apos;s Middle Bronze Age fortifications and used until the Iron Age.</value></Data>
        </ExtendedData>
        <Point>
          <coordinates>34.8478,31.56667,0</coordinates>
        </Point>
      </Placemark>
      <Placemark>
        <name>Tel Megiddo (תל מגידו)</name>
        <description><![CDATA[<h3>Tel Megiddo (תל מגידו)</h3>
<p><b>Period:</b> 06. Middle Bronze Age (MB) (-2200 to -1550 BCE)</p>
<p><b>Installation Type:</b> Water Tunnel Shaft</p>
<p><b>Location Precision:</b> Tier 1: High Precision (Pinpoint Well/Installation &lt; 50m)</p>
<p><b>Region:</b> Jezreel Valley</p>
<p><b>Dissertation Reference:</b> §2.6.8 (Pages 87)</p>
<hr/>
<p><b>Archaeological Description (06. Middle Bronze Age):</b></p>
<p>A large depression in the northern part of the tel is hypothesized to be an early water system (MB, LB, possibly EB) reaching groundwater, potentially connected to Ein el-Qubi.</p>]]></description>
        <styleUrl>#style_Middle_Bronze</styleUrl>
        <ExtendedData>
          <Data name="Site_Name"><value>Tel Megiddo</value></Data>
          <Data name="Hebrew_Name"><value>תל מגידו</value></Data>
          <Data name="Era"><value>06. Middle Bronze Age (MB) (-2200 to -1550 BCE)</value></Data>
          <Data name="Installation_Type"><value>Water Tunnel Shaft</value></Data>
          <Data name="Region"><value>Jezreel Valley</value></Data>
          <Data name="Location_Precision"><value>Tier 1: High Precision (Pinpoint Well/Installation &lt; 50m)</value></Data>
          <Data name="Dates"><value>-2200 to -1550 BCE</value></Data>
          <Data name="Chapter_Section"><value>2.6.8</value></Data>
          <Data name="Dissertation_Pages"><value>87</value></Data>
          <Data name="Description"><value>A large depression in the northern part of the tel is hypothesized to be an early water system (MB, LB, possibly EB) reaching groundwater, potentially connected to Ein el-Qubi.</value></Data>
        </ExtendedData>
        <Point>
          <coordinates>35.18275,32.5847,0</coordinates>
        </Point>
      </Placemark>
      <Placemark>
        <name>Tel Nami (תל נאמי)</name>
        <description><![CDATA[<h3>Tel Nami (תל נאמי)</h3>
<p><b>Period:</b> 06. Middle Bronze Age (MB) (-2200 to -1550 BCE)</p>
<p><b>Installation Type:</b> Deep Well</p>
<p><b>Location Precision:</b> Tier 1: High Precision (Pinpoint Well/Installation &lt; 50m)</p>
<p><b>Region:</b> Coastal Plain</p>
<p><b>Dissertation Reference:</b> §2.6.9 (Pages 87)</p>
<hr/>
<p><b>Archaeological Description (06. Middle Bronze Age):</b></p>
<p>An unfortified settlement featured a rectangular/oval well, 2.3m deep, lined with fieldstones, dated to MB IIA. Its bottom is 1.2m below current sea level, indicating a lower sea level in the MB period.</p>]]></description>
        <styleUrl>#style_Middle_Bronze</styleUrl>
        <ExtendedData>
          <Data name="Site_Name"><value>Tel Nami</value></Data>
          <Data name="Hebrew_Name"><value>תל נאמי</value></Data>
          <Data name="Era"><value>06. Middle Bronze Age (MB) (-2200 to -1550 BCE)</value></Data>
          <Data name="Installation_Type"><value>Deep Well</value></Data>
          <Data name="Region"><value>Coastal Plain</value></Data>
          <Data name="Location_Precision"><value>Tier 1: High Precision (Pinpoint Well/Installation &lt; 50m)</value></Data>
          <Data name="Dates"><value>-2200 to -1550 BCE</value></Data>
          <Data name="Chapter_Section"><value>2.6.9</value></Data>
          <Data name="Dissertation_Pages"><value>87</value></Data>
          <Data name="Description"><value>An unfortified settlement featured a rectangular/oval well, 2.3m deep, lined with fieldstones, dated to MB IIA. Its bottom is 1.2m below current sea level, indicating a lower sea level in the MB period.</value></Data>
        </ExtendedData>
        <Point>
          <coordinates>34.9245,32.66045,0</coordinates>
        </Point>
      </Placemark>
    </Folder>
    <Folder>
      <name>07. Late Bronze Age (LB) (-1550 to -1200 BCE)</name>
      <description>תקופת הברונזה המאוחרת (LB I-II) - 10 sites</description>
      <Placemark>
        <name>Athens (Acropolis) (אתונה (יוון))</name>
        <description><![CDATA[<h3>Athens (Acropolis) (אתונה (יוון))</h3>
<p><b>Period:</b> 07. Late Bronze Age (LB) (-1550 to -1200 BCE)</p>
<p><b>Installation Type:</b> Spring Cave Capture</p>
<p><b>Location Precision:</b> Tier 4: International Comparative Site (&lt; 100m - 1km)</p>
<p><b>Region:</b> Greece</p>
<p><b>Dissertation Reference:</b> §2.7.3.a (Pages 99)</p>
<hr/>
<p><b>Archaeological Description (07. Late Bronze Age):</b></p>
<p>A cave leading to an underground corridor with a spring at its base, accessed by eight flights of stairs from the Acropolis. The entrance was sealed during sieges. Pottery dates the end of its use to the second half of the 13th century BCE.</p>]]></description>
        <styleUrl>#style_Late_Bronze</styleUrl>
        <ExtendedData>
          <Data name="Site_Name"><value>Athens (Acropolis)</value></Data>
          <Data name="Hebrew_Name"><value>אתונה (יוון)</value></Data>
          <Data name="Era"><value>07. Late Bronze Age (LB) (-1550 to -1200 BCE)</value></Data>
          <Data name="Installation_Type"><value>Spring Cave Capture</value></Data>
          <Data name="Region"><value>Greece</value></Data>
          <Data name="Location_Precision"><value>Tier 4: International Comparative Site (&lt; 100m - 1km)</value></Data>
          <Data name="Dates"><value>-1550 to -1200 BCE</value></Data>
          <Data name="Chapter_Section"><value>2.7.3.a</value></Data>
          <Data name="Dissertation_Pages"><value>99</value></Data>
          <Data name="Description"><value>A cave leading to an underground corridor with a spring at its base, accessed by eight flights of stairs from the Acropolis. The entrance was sealed during sieges. Pottery dates the end of its use to the second half of the 13th century BCE.</value></Data>
        </ExtendedData>
        <Point>
          <coordinates>23.7257,37.9715,0</coordinates>
        </Point>
      </Placemark>
      <Placemark>
        <name>Mezer (מצר)</name>
        <description><![CDATA[<h3>Mezer (מצר)</h3>
<p><b>Period:</b> 07. Late Bronze Age (LB) (-1550 to -1200 BCE)</p>
<p><b>Installation Type:</b> Water Tunnel Shaft</p>
<p><b>Location Precision:</b> Tier 1: High Precision (Pinpoint Well/Installation &lt; 50m)</p>
<p><b>Region:</b> Sinai / Egypt</p>
<p><b>Dissertation Reference:</b> §2.7.4 (Pages 100, 101)</p>
<hr/>
<p><b>Archaeological Description (07. Late Bronze Age):</b></p>
<p>A deep water shaft, 52m deep, with a staircase descending along its side, dug to reach groundwater. The excavation was documented in two texts and took 100 days with 120 workers. The bottom was moist, suggesting groundwater was reached.</p>]]></description>
        <styleUrl>#style_Late_Bronze</styleUrl>
        <ExtendedData>
          <Data name="Site_Name"><value>Mezer</value></Data>
          <Data name="Hebrew_Name"><value>מצר</value></Data>
          <Data name="Era"><value>07. Late Bronze Age (LB) (-1550 to -1200 BCE)</value></Data>
          <Data name="Installation_Type"><value>Water Tunnel Shaft</value></Data>
          <Data name="Region"><value>Sinai / Egypt</value></Data>
          <Data name="Location_Precision"><value>Tier 1: High Precision (Pinpoint Well/Installation &lt; 50m)</value></Data>
          <Data name="Dates"><value>-1550 to -1200 BCE</value></Data>
          <Data name="Chapter_Section"><value>2.7.4</value></Data>
          <Data name="Dissertation_Pages"><value>100, 101</value></Data>
          <Data name="Description"><value>A deep water shaft, 52m deep, with a staircase descending along its side, dug to reach groundwater. The excavation was documented in two texts and took 100 days with 120 workers. The bottom was moist, suggesting groundwater was reached.</value></Data>
        </ExtendedData>
        <Point>
          <coordinates>35.03584,32.47469,0</coordinates>
        </Point>
      </Placemark>
      <Placemark>
        <name>Mycenae (מיקנה (יוון))</name>
        <description><![CDATA[<h3>Mycenae (מיקנה (יוון))</h3>
<p><b>Period:</b> 07. Late Bronze Age (LB) (-1550 to -1200 BCE)</p>
<p><b>Installation Type:</b> Ancient City Water System</p>
<p><b>Location Precision:</b> Tier 4: International Comparative Site (&lt; 100m - 1km)</p>
<p><b>Region:</b> Greece</p>
<p><b>Dissertation Reference:</b> §2.7.3.b (Pages 99, 100)</p>
<hr/>
<p><b>Archaeological Description (07. Late Bronze Age):</b></p>
<p>An underground system with hidden clay pipes transporting water from the Perseia spring (360m away) to an internal reservoir within the city walls, accessed by a stepped passage. Dated to the 13th century BCE. Additionally, two wells were found within the city walls, and two external springs served settlements outside the walls.</p>]]></description>
        <styleUrl>#style_Late_Bronze</styleUrl>
        <ExtendedData>
          <Data name="Site_Name"><value>Mycenae</value></Data>
          <Data name="Hebrew_Name"><value>מיקנה (יוון)</value></Data>
          <Data name="Era"><value>07. Late Bronze Age (LB) (-1550 to -1200 BCE)</value></Data>
          <Data name="Installation_Type"><value>Ancient City Water System</value></Data>
          <Data name="Region"><value>Greece</value></Data>
          <Data name="Location_Precision"><value>Tier 4: International Comparative Site (&lt; 100m - 1km)</value></Data>
          <Data name="Dates"><value>-1550 to -1200 BCE</value></Data>
          <Data name="Chapter_Section"><value>2.7.3.b</value></Data>
          <Data name="Dissertation_Pages"><value>99, 100</value></Data>
          <Data name="Description"><value>An underground system with hidden clay pipes transporting water from the Perseia spring (360m away) to an internal reservoir within the city walls, accessed by a stepped passage. Dated to the 13th century BCE. Additionally, two wells were found within the city walls, and two external springs served settlements outside the walls.</value></Data>
        </ExtendedData>
        <Point>
          <coordinates>22.7567,37.7307,0</coordinates>
        </Point>
      </Placemark>
      <Placemark>
        <name>Tel Ashdod (תל אשדוד)</name>
        <description><![CDATA[<h3>Tel Ashdod (תל אשדוד)</h3>
<p><b>Period:</b> 07. Late Bronze Age (LB) (-1550 to -1200 BCE)</p>
<p><b>Installation Type:</b> Water Reservoir</p>
<p><b>Location Precision:</b> Tier 1: High Precision (Pinpoint Well/Installation &lt; 50m)</p>
<p><b>Region:</b> Coastal Plain</p>
<p><b>Dissertation Reference:</b> §2.7.8 (Pages 103, 104)</p>
<hr/>
<p><b>Archaeological Description (07. Late Bronze Age):</b></p>
<p>A plastered pool (4162) measuring 3.2x1.5m, found in Area G within a governor&apos;s house or palace (Strata XIV-XVII, Late Bronze Age II). It had two phases, with a brick layer beneath the plaster floor, and a drainage channel leading to a stone-lined drainage pit. Water likely collected from roofs or was manually brought from a well.</p>]]></description>
        <styleUrl>#style_Late_Bronze</styleUrl>
        <ExtendedData>
          <Data name="Site_Name"><value>Tel Ashdod</value></Data>
          <Data name="Hebrew_Name"><value>תל אשדוד</value></Data>
          <Data name="Era"><value>07. Late Bronze Age (LB) (-1550 to -1200 BCE)</value></Data>
          <Data name="Installation_Type"><value>Water Reservoir</value></Data>
          <Data name="Region"><value>Coastal Plain</value></Data>
          <Data name="Location_Precision"><value>Tier 1: High Precision (Pinpoint Well/Installation &lt; 50m)</value></Data>
          <Data name="Dates"><value>-1550 to -1200 BCE</value></Data>
          <Data name="Chapter_Section"><value>2.7.8</value></Data>
          <Data name="Dissertation_Pages"><value>103, 104</value></Data>
          <Data name="Description"><value>A plastered pool (4162) measuring 3.2x1.5m, found in Area G within a governor&apos;s house or palace (Strata XIV-XVII, Late Bronze Age II). It had two phases, with a brick layer beneath the plaster floor, and a drainage channel leading to a stone-lined drainage pit. Water likely collected from roofs or was manually brought from a well.</value></Data>
        </ExtendedData>
        <Point>
          <coordinates>34.659,31.75693,0</coordinates>
        </Point>
      </Placemark>
      <Placemark>
        <name>Tel Beit Shemesh (תל בית שמש)</name>
        <description><![CDATA[<h3>Tel Beit Shemesh (תל בית שמש)</h3>
<p><b>Period:</b> 07. Late Bronze Age (LB) (-1550 to -1200 BCE)</p>
<p><b>Installation Type:</b> Plastered Cistern</p>
<p><b>Location Precision:</b> Tier 1: High Precision (Pinpoint Well/Installation &lt; 50m)</p>
<p><b>Region:</b> Shephelah</p>
<p><b>Dissertation Reference:</b> §2.7.7 (Pages 103)</p>
<hr/>
<p><b>Archaeological Description (07. Late Bronze Age):</b></p>
<p>Numerous rock-cut, plastered cisterns (at least 24) were found, dating to Stratum IV (Late Bronze Age). They had narrow necks built up with fieldstones and a sump at the bottom. The widespread use of plaster is highlighted.</p>]]></description>
        <styleUrl>#style_Late_Bronze</styleUrl>
        <ExtendedData>
          <Data name="Site_Name"><value>Tel Beit Shemesh</value></Data>
          <Data name="Hebrew_Name"><value>תל בית שמש</value></Data>
          <Data name="Era"><value>07. Late Bronze Age (LB) (-1550 to -1200 BCE)</value></Data>
          <Data name="Installation_Type"><value>Plastered Cistern</value></Data>
          <Data name="Region"><value>Shephelah</value></Data>
          <Data name="Location_Precision"><value>Tier 1: High Precision (Pinpoint Well/Installation &lt; 50m)</value></Data>
          <Data name="Dates"><value>-1550 to -1200 BCE</value></Data>
          <Data name="Chapter_Section"><value>2.7.7</value></Data>
          <Data name="Dissertation_Pages"><value>103</value></Data>
          <Data name="Description"><value>Numerous rock-cut, plastered cisterns (at least 24) were found, dating to Stratum IV (Late Bronze Age). They had narrow necks built up with fieldstones and a sump at the bottom. The widespread use of plaster is highlighted.</value></Data>
        </ExtendedData>
        <Point>
          <coordinates>34.97173,31.74972,0</coordinates>
        </Point>
      </Placemark>
      <Placemark>
        <name>Tel Beth Shean (תל בית שאן)</name>
        <description><![CDATA[<h3>Tel Beth Shean (תל בית שאן)</h3>
<p><b>Period:</b> 07. Late Bronze Age (LB) (-1550 to -1200 BCE)</p>
<p><b>Installation Type:</b> Deep Well</p>
<p><b>Location Precision:</b> Tier 1: High Precision (Pinpoint Well/Installation &lt; 50m)</p>
<p><b>Region:</b> Jordan Valley</p>
<p><b>Dissertation Reference:</b> §2.7.1 (Pages 98)</p>
<hr/>
<p><b>Archaeological Description (07. Late Bronze Age):</b></p>
<p>A deep well, 13m deep and 0.86m in diameter, found in the southeastern part of Tel Beit She&apos;an. Its walls were built of bricks for 11.9m, with the rest being earlier fill. Dated to Stratum IXa (14th century BCE).</p>]]></description>
        <styleUrl>#style_Late_Bronze</styleUrl>
        <ExtendedData>
          <Data name="Site_Name"><value>Tel Beth Shean</value></Data>
          <Data name="Hebrew_Name"><value>תל בית שאן</value></Data>
          <Data name="Era"><value>07. Late Bronze Age (LB) (-1550 to -1200 BCE)</value></Data>
          <Data name="Installation_Type"><value>Deep Well</value></Data>
          <Data name="Region"><value>Jordan Valley</value></Data>
          <Data name="Location_Precision"><value>Tier 1: High Precision (Pinpoint Well/Installation &lt; 50m)</value></Data>
          <Data name="Dates"><value>-1550 to -1200 BCE</value></Data>
          <Data name="Chapter_Section"><value>2.7.1</value></Data>
          <Data name="Dissertation_Pages"><value>98</value></Data>
          <Data name="Description"><value>A deep well, 13m deep and 0.86m in diameter, found in the southeastern part of Tel Beit She&apos;an. Its walls were built of bricks for 11.9m, with the rest being earlier fill. Dated to Stratum IXa (14th century BCE).</value></Data>
        </ExtendedData>
        <Point>
          <coordinates>35.50446,32.50535,0</coordinates>
        </Point>
      </Placemark>
      <Placemark>
        <name>Tel Gamma (תל ג&apos;מה)</name>
        <description><![CDATA[<h3>Tel Gamma (תל ג&apos;מה)</h3>
<p><b>Period:</b> 07. Late Bronze Age (LB) (-1550 to -1200 BCE)</p>
<p><b>Installation Type:</b> Deep Well</p>
<p><b>Location Precision:</b> Tier 1: High Precision (Pinpoint Well/Installation &lt; 50m)</p>
<p><b>Region:</b> Negev</p>
<p><b>Dissertation Reference:</b> §2.7.2 (Pages 98)</p>
<hr/>
<p><b>Archaeological Description (07. Late Bronze Age):</b></p>
<p>A sealed well, evidenced by large stones with rope marks and a depression that fills with water, located 400m southwest of Nahal Besor, at the foot of the acropolis. Possibly dates to the initial phase of the lower city in the Late Bronze Age.</p>]]></description>
        <styleUrl>#style_Late_Bronze</styleUrl>
        <ExtendedData>
          <Data name="Site_Name"><value>Tel Gamma</value></Data>
          <Data name="Hebrew_Name"><value>תל ג&apos;מה</value></Data>
          <Data name="Era"><value>07. Late Bronze Age (LB) (-1550 to -1200 BCE)</value></Data>
          <Data name="Installation_Type"><value>Deep Well</value></Data>
          <Data name="Region"><value>Negev</value></Data>
          <Data name="Location_Precision"><value>Tier 1: High Precision (Pinpoint Well/Installation &lt; 50m)</value></Data>
          <Data name="Dates"><value>-1550 to -1200 BCE</value></Data>
          <Data name="Chapter_Section"><value>2.7.2</value></Data>
          <Data name="Dissertation_Pages"><value>98</value></Data>
          <Data name="Description"><value>A sealed well, evidenced by large stones with rope marks and a depression that fills with water, located 400m southwest of Nahal Besor, at the foot of the acropolis. Possibly dates to the initial phase of the lower city in the Late Bronze Age.</value></Data>
        </ExtendedData>
        <Point>
          <coordinates>34.44125,31.38813,0</coordinates>
        </Point>
      </Placemark>
      <Placemark>
        <name>Tel Hazor (תל חצור)</name>
        <description><![CDATA[<h3>Tel Hazor (תל חצור)</h3>
<p><b>Period:</b> 07. Late Bronze Age (LB) (-1550 to -1200 BCE)</p>
<p><b>Installation Type:</b> Water Reservoir</p>
<p><b>Location Precision:</b> Tier 1: High Precision (Pinpoint Well/Installation &lt; 50m)</p>
<p><b>Region:</b> Upper Galilee</p>
<p><b>Dissertation Reference:</b> §2.7.5 (Pages 101, 102)</p>
<hr/>
<p><b>Archaeological Description (07. Late Bronze Age):</b></p>
<p>A large underground water reservoir (No. 357) in the Upper City, within the Late Bronze Age palace area (Stratum XIV). It features a built entrance corridor with a corbelled arch and a rock-cut section extending 30m to a depth of 8.5m, ending in a cruciform shape. It was plastered and had carved steps, with a capacity of about 150 cubic meters. Initially, it might have been a burial cave (Stratum XV) before being converted to a reservoir. A bottle-shaped cistern, dated to the Late Bronze Age, found in the western part of the Iron Age water system entrance. Its neck was destroyed during the Iron Age construction, but it contained many intact Late Bronze Age vessels.</p>]]></description>
        <styleUrl>#style_Late_Bronze</styleUrl>
        <ExtendedData>
          <Data name="Site_Name"><value>Tel Hazor</value></Data>
          <Data name="Hebrew_Name"><value>תל חצור</value></Data>
          <Data name="Era"><value>07. Late Bronze Age (LB) (-1550 to -1200 BCE)</value></Data>
          <Data name="Installation_Type"><value>Water Reservoir</value></Data>
          <Data name="Region"><value>Upper Galilee</value></Data>
          <Data name="Location_Precision"><value>Tier 1: High Precision (Pinpoint Well/Installation &lt; 50m)</value></Data>
          <Data name="Dates"><value>-1550 to -1200 BCE</value></Data>
          <Data name="Chapter_Section"><value>2.7.5</value></Data>
          <Data name="Dissertation_Pages"><value>101, 102</value></Data>
          <Data name="Description"><value>A large underground water reservoir (No. 357) in the Upper City, within the Late Bronze Age palace area (Stratum XIV). It features a built entrance corridor with a corbelled arch and a rock-cut section extending 30m to a depth of 8.5m, ending in a cruciform shape. It was plastered and had carved steps, with a capacity of about 150 cubic meters. Initially, it might have been a burial cave (Stratum XV) before being converted to a reservoir. A bottle-shaped cistern, dated to the Late Bronze Age, found in the western part of the Iron Age water system entrance. Its neck was destroyed during the Iron Age construction, but it contained many intact Late Bronze Age vessels.</value></Data>
        </ExtendedData>
        <Point>
          <coordinates>35.56806,33.01764,0</coordinates>
        </Point>
      </Placemark>
      <Placemark>
        <name>Tel Taanach (תל תענך)</name>
        <description><![CDATA[<h3>Tel Taanach (תל תענך)</h3>
<p><b>Period:</b> 07. Late Bronze Age (LB) (-1550 to -1200 BCE)</p>
<p><b>Installation Type:</b> Water Reservoir</p>
<p><b>Location Precision:</b> Tier 1: High Precision (Pinpoint Well/Installation &lt; 50m)</p>
<p><b>Region:</b> Jezreel Valley</p>
<p><b>Dissertation Reference:</b> §2.7.6 (Pages 102, 103)</p>
<hr/>
<p><b>Archaeological Description (07. Late Bronze Age):</b></p>
<p>A square shaft (1.45m side, 7.4m preserved height) initially intended as a stepped well to groundwater, but excavation was halted. The entire system, including the shaft, was plastered to serve as a reservoir. Dated to Late Bronze Age I, possibly after Thutmose III&apos;s campaign (1468 BCE).</p>]]></description>
        <styleUrl>#style_Late_Bronze</styleUrl>
        <ExtendedData>
          <Data name="Site_Name"><value>Tel Taanach</value></Data>
          <Data name="Hebrew_Name"><value>תל תענך</value></Data>
          <Data name="Era"><value>07. Late Bronze Age (LB) (-1550 to -1200 BCE)</value></Data>
          <Data name="Installation_Type"><value>Water Reservoir</value></Data>
          <Data name="Region"><value>Jezreel Valley</value></Data>
          <Data name="Location_Precision"><value>Tier 1: High Precision (Pinpoint Well/Installation &lt; 50m)</value></Data>
          <Data name="Dates"><value>-1550 to -1200 BCE</value></Data>
          <Data name="Chapter_Section"><value>2.7.6</value></Data>
          <Data name="Dissertation_Pages"><value>102, 103</value></Data>
          <Data name="Description"><value>A square shaft (1.45m side, 7.4m preserved height) initially intended as a stepped well to groundwater, but excavation was halted. The entire system, including the shaft, was plastered to serve as a reservoir. Dated to Late Bronze Age I, possibly after Thutmose III&apos;s campaign (1468 BCE).</value></Data>
        </ExtendedData>
        <Point>
          <coordinates>35.22005,32.52158,0</coordinates>
        </Point>
      </Placemark>
      <Placemark>
        <name>Tiryns (טירינס (יוון))</name>
        <description><![CDATA[<h3>Tiryns (טירינס (יוון))</h3>
<p><b>Period:</b> 07. Late Bronze Age (LB) (-1550 to -1200 BCE)</p>
<p><b>Installation Type:</b> Spring Cave Capture</p>
<p><b>Location Precision:</b> Tier 4: International Comparative Site (&lt; 100m - 1km)</p>
<p><b>Region:</b> Greece</p>
<p><b>Dissertation Reference:</b> §2.7.3.c (Pages 100)</p>
<hr/>
<p><b>Archaeological Description (07. Late Bronze Age):</b></p>
<p>Two steep underground passages (30m long, 10m within walls) led through the 10m thick walls to two subterranean cisterns fed by springs. The passages, covered by corbelled arches, ended in small basins where water seeped from rock fissures.</p>]]></description>
        <styleUrl>#style_Late_Bronze</styleUrl>
        <ExtendedData>
          <Data name="Site_Name"><value>Tiryns</value></Data>
          <Data name="Hebrew_Name"><value>טירינס (יוון)</value></Data>
          <Data name="Era"><value>07. Late Bronze Age (LB) (-1550 to -1200 BCE)</value></Data>
          <Data name="Installation_Type"><value>Spring Cave Capture</value></Data>
          <Data name="Region"><value>Greece</value></Data>
          <Data name="Location_Precision"><value>Tier 4: International Comparative Site (&lt; 100m - 1km)</value></Data>
          <Data name="Dates"><value>-1550 to -1200 BCE</value></Data>
          <Data name="Chapter_Section"><value>2.7.3.c</value></Data>
          <Data name="Dissertation_Pages"><value>100</value></Data>
          <Data name="Description"><value>Two steep underground passages (30m long, 10m within walls) led through the 10m thick walls to two subterranean cisterns fed by springs. The passages, covered by corbelled arches, ended in small basins where water seeped from rock fissures.</value></Data>
        </ExtendedData>
        <Point>
          <coordinates>22.7997,37.6056,0</coordinates>
        </Point>
      </Placemark>
    </Folder>
    <Folder>
      <name>08. Iron Age I (-1200 to -1000 BCE)</name>
      <description>תקופת הברזל 1 (Iron I) - 10 sites</description>
      <Placemark>
        <name>Ai (et-Tell) (העי (א-תל))</name>
        <description><![CDATA[<h3>Ai (et-Tell) (העי (א-תל))</h3>
<p><b>Period:</b> 08. Iron Age I (-1200 to -1000 BCE)</p>
<p><b>Installation Type:</b> Plastered Cistern</p>
<p><b>Location Precision:</b> Tier 1: High Precision (Pinpoint Well/Installation &lt; 50m)</p>
<p><b>Region:</b> Judean Hills</p>
<p><b>Dissertation Reference:</b> §2.8.8 (Pages 113)</p>
<hr/>
<p><b>Archaeological Description (08. Iron Age I):</b></p>
<p>Bell-shaped cisterns cut into the soft chalk rock, located beneath or near houses. One cistern was connected to two others, possibly for sedimentation, and was sealed when the house was abandoned around 3000 years ago (Iron Age I).</p>]]></description>
        <styleUrl>#style_Iron_Age_I</styleUrl>
        <ExtendedData>
          <Data name="Site_Name"><value>Ai (et-Tell)</value></Data>
          <Data name="Hebrew_Name"><value>העי (א-תל)</value></Data>
          <Data name="Era"><value>08. Iron Age I (-1200 to -1000 BCE)</value></Data>
          <Data name="Installation_Type"><value>Plastered Cistern</value></Data>
          <Data name="Region"><value>Judean Hills</value></Data>
          <Data name="Location_Precision"><value>Tier 1: High Precision (Pinpoint Well/Installation &lt; 50m)</value></Data>
          <Data name="Dates"><value>-1200 to -1000 BCE</value></Data>
          <Data name="Chapter_Section"><value>2.8.8</value></Data>
          <Data name="Dissertation_Pages"><value>113</value></Data>
          <Data name="Description"><value>Bell-shaped cisterns cut into the soft chalk rock, located beneath or near houses. One cistern was connected to two others, possibly for sedimentation, and was sealed when the house was abandoned around 3000 years ago (Iron Age I).</value></Data>
        </ExtendedData>
        <Point>
          <coordinates>35.2611,31.9167,0</coordinates>
        </Point>
      </Placemark>
      <Placemark>
        <name>Khirbet Raddana (חורבת רדנה)</name>
        <description><![CDATA[<h3>Khirbet Raddana (חורבת רדנה)</h3>
<p><b>Period:</b> 08. Iron Age I (-1200 to -1000 BCE)</p>
<p><b>Installation Type:</b> Plastered Cistern</p>
<p><b>Location Precision:</b> Tier 1: High Precision (Pinpoint Well/Installation &lt; 50m)</p>
<p><b>Region:</b> Judean Hills</p>
<p><b>Dissertation Reference:</b> §2.8.8 (Pages 113)</p>
<hr/>
<p><b>Archaeological Description (08. Iron Age I):</b></p>
<p>Bell-shaped cisterns cut into the soft chalk rock, located beneath or near houses. These cisterns were crucial due to the distant and small local spring, providing sufficient water for the Iron Age I inhabitants.</p>]]></description>
        <styleUrl>#style_Iron_Age_I</styleUrl>
        <ExtendedData>
          <Data name="Site_Name"><value>Khirbet Raddana</value></Data>
          <Data name="Hebrew_Name"><value>חורבת רדנה</value></Data>
          <Data name="Era"><value>08. Iron Age I (-1200 to -1000 BCE)</value></Data>
          <Data name="Installation_Type"><value>Plastered Cistern</value></Data>
          <Data name="Region"><value>Judean Hills</value></Data>
          <Data name="Location_Precision"><value>Tier 1: High Precision (Pinpoint Well/Installation &lt; 50m)</value></Data>
          <Data name="Dates"><value>-1200 to -1000 BCE</value></Data>
          <Data name="Chapter_Section"><value>2.8.8</value></Data>
          <Data name="Dissertation_Pages"><value>113</value></Data>
          <Data name="Description"><value>Bell-shaped cisterns cut into the soft chalk rock, located beneath or near houses. These cisterns were crucial due to the distant and small local spring, providing sufficient water for the Iron Age I inhabitants.</value></Data>
        </ExtendedData>
        <Point>
          <coordinates>35.2083,31.9167,0</coordinates>
        </Point>
      </Placemark>
      <Placemark>
        <name>Tel Beersheba (תל באר שבע)</name>
        <description><![CDATA[<h3>Tel Beersheba (תל באר שבע)</h3>
<p><b>Period:</b> 08. Iron Age I (-1200 to -1000 BCE)</p>
<p><b>Installation Type:</b> Deep Well</p>
<p><b>Location Precision:</b> Tier 1: High Precision (Pinpoint Well/Installation &lt; 50m)</p>
<p><b>Region:</b> Negev</p>
<p><b>Dissertation Reference:</b> §2.8.4 (Pages 109, 110, 111)</p>
<hr/>
<p><b>Archaeological Description (08. Iron Age I):</b></p>
<p>An ancient well located on the southeastern side of the tel. Its upper part is associated with the early layers (VI-IX) of Tel Beersheba, dating to Iron Age I (11th century BCE). The well is very deep, reaching 69m, and was likely connected to the earliest settlement.</p>]]></description>
        <styleUrl>#style_Iron_Age_I</styleUrl>
        <ExtendedData>
          <Data name="Site_Name"><value>Tel Beersheba</value></Data>
          <Data name="Hebrew_Name"><value>תל באר שבע</value></Data>
          <Data name="Era"><value>08. Iron Age I (-1200 to -1000 BCE)</value></Data>
          <Data name="Installation_Type"><value>Deep Well</value></Data>
          <Data name="Region"><value>Negev</value></Data>
          <Data name="Location_Precision"><value>Tier 1: High Precision (Pinpoint Well/Installation &lt; 50m)</value></Data>
          <Data name="Dates"><value>-1200 to -1000 BCE</value></Data>
          <Data name="Chapter_Section"><value>2.8.4</value></Data>
          <Data name="Dissertation_Pages"><value>109, 110, 111</value></Data>
          <Data name="Description"><value>An ancient well located on the southeastern side of the tel. Its upper part is associated with the early layers (VI-IX) of Tel Beersheba, dating to Iron Age I (11th century BCE). The well is very deep, reaching 69m, and was likely connected to the earliest settlement.</value></Data>
        </ExtendedData>
        <Point>
          <coordinates>34.83643,31.24566,0</coordinates>
        </Point>
      </Placemark>
      <Placemark>
        <name>Tel Beit Shemesh (תל בית שמש)</name>
        <description><![CDATA[<h3>Tel Beit Shemesh (תל בית שמש)</h3>
<p><b>Period:</b> 08. Iron Age I (-1200 to -1000 BCE)</p>
<p><b>Installation Type:</b> Deep Well</p>
<p><b>Location Precision:</b> Tier 1: High Precision (Pinpoint Well/Installation &lt; 50m)</p>
<p><b>Region:</b> Shephelah</p>
<p><b>Dissertation Reference:</b> §2.8.3 (Pages 109)</p>
<hr/>
<p><b>Archaeological Description (08. Iron Age I):</b></p>
<p>A large well, 3.3m in diameter, discovered north of the city gate. Its upper part is built with large stones. Mackenzie attributed it to the Philistine fortified city, dating its use to Iron Age I.</p>]]></description>
        <styleUrl>#style_Iron_Age_I</styleUrl>
        <ExtendedData>
          <Data name="Site_Name"><value>Tel Beit Shemesh</value></Data>
          <Data name="Hebrew_Name"><value>תל בית שמש</value></Data>
          <Data name="Era"><value>08. Iron Age I (-1200 to -1000 BCE)</value></Data>
          <Data name="Installation_Type"><value>Deep Well</value></Data>
          <Data name="Region"><value>Shephelah</value></Data>
          <Data name="Location_Precision"><value>Tier 1: High Precision (Pinpoint Well/Installation &lt; 50m)</value></Data>
          <Data name="Dates"><value>-1200 to -1000 BCE</value></Data>
          <Data name="Chapter_Section"><value>2.8.3</value></Data>
          <Data name="Dissertation_Pages"><value>109</value></Data>
          <Data name="Description"><value>A large well, 3.3m in diameter, discovered north of the city gate. Its upper part is built with large stones. Mackenzie attributed it to the Philistine fortified city, dating its use to Iron Age I.</value></Data>
        </ExtendedData>
        <Point>
          <coordinates>34.97173,31.74972,0</coordinates>
        </Point>
      </Placemark>
      <Placemark>
        <name>Tel Dor (תל דור)</name>
        <description><![CDATA[<h3>Tel Dor (תל דור)</h3>
<p><b>Period:</b> 08. Iron Age I (-1200 to -1000 BCE)</p>
<p><b>Installation Type:</b> Deep Well</p>
<p><b>Location Precision:</b> Tier 1: High Precision (Pinpoint Well/Installation &lt; 50m)</p>
<p><b>Region:</b> Coastal Plain</p>
<p><b>Dissertation Reference:</b> §2.8.1 (Pages 107, 108)</p>
<hr/>
<p><b>Archaeological Description (08. Iron Age I):</b></p>
<p>A rectangular well cut into kurkar rock, reaching the shallow water table. It underwent three construction phases, with pottery dating its use from the late 13th to early 11th century BCE (Iron Age I). It was built with ashlar stones and protected from sea waves.</p>]]></description>
        <styleUrl>#style_Iron_Age_I</styleUrl>
        <ExtendedData>
          <Data name="Site_Name"><value>Tel Dor</value></Data>
          <Data name="Hebrew_Name"><value>תל דור</value></Data>
          <Data name="Era"><value>08. Iron Age I (-1200 to -1000 BCE)</value></Data>
          <Data name="Installation_Type"><value>Deep Well</value></Data>
          <Data name="Region"><value>Coastal Plain</value></Data>
          <Data name="Location_Precision"><value>Tier 1: High Precision (Pinpoint Well/Installation &lt; 50m)</value></Data>
          <Data name="Dates"><value>-1200 to -1000 BCE</value></Data>
          <Data name="Chapter_Section"><value>2.8.1</value></Data>
          <Data name="Dissertation_Pages"><value>107, 108</value></Data>
          <Data name="Description"><value>A rectangular well cut into kurkar rock, reaching the shallow water table. It underwent three construction phases, with pottery dating its use from the late 13th to early 11th century BCE (Iron Age I). It was built with ashlar stones and protected from sea waves.</value></Data>
        </ExtendedData>
        <Point>
          <coordinates>34.9225,32.61807,0</coordinates>
        </Point>
      </Placemark>
      <Placemark>
        <name>Tel Gerisa (תל גריסה)</name>
        <description><![CDATA[<h3>Tel Gerisa (תל גריסה)</h3>
<p><b>Period:</b> 08. Iron Age I (-1200 to -1000 BCE)</p>
<p><b>Installation Type:</b> Deep Well</p>
<p><b>Location Precision:</b> Tier 1: High Precision (Pinpoint Well/Installation &lt; 50m)</p>
<p><b>Region:</b> Coastal Plain</p>
<p><b>Dissertation Reference:</b> §2.8.2 (Pages 108, 109)</p>
<hr/>
<p><b>Archaeological Description (08. Iron Age I):</b></p>
<p>An Iron Age I well built into an older Middle Bronze Age water system. It is a rectangular vertical shaft, constructed with large, roughly hewn stones, and its use is attributed to the Philistine settlement from the 11th century BCE.</p>]]></description>
        <styleUrl>#style_Iron_Age_I</styleUrl>
        <ExtendedData>
          <Data name="Site_Name"><value>Tel Gerisa</value></Data>
          <Data name="Hebrew_Name"><value>תל גריסה</value></Data>
          <Data name="Era"><value>08. Iron Age I (-1200 to -1000 BCE)</value></Data>
          <Data name="Installation_Type"><value>Deep Well</value></Data>
          <Data name="Region"><value>Coastal Plain</value></Data>
          <Data name="Location_Precision"><value>Tier 1: High Precision (Pinpoint Well/Installation &lt; 50m)</value></Data>
          <Data name="Dates"><value>-1200 to -1000 BCE</value></Data>
          <Data name="Chapter_Section"><value>2.8.2</value></Data>
          <Data name="Dissertation_Pages"><value>108, 109</value></Data>
          <Data name="Description"><value>An Iron Age I well built into an older Middle Bronze Age water system. It is a rectangular vertical shaft, constructed with large, roughly hewn stones, and its use is attributed to the Philistine settlement from the 11th century BCE.</value></Data>
        </ExtendedData>
        <Point>
          <coordinates>34.80648,32.09327,0</coordinates>
        </Point>
      </Placemark>
      <Placemark>
        <name>Tel Hazor (תל חצור)</name>
        <description><![CDATA[<h3>Tel Hazor (תל חצור)</h3>
<p><b>Period:</b> 08. Iron Age I (-1200 to -1000 BCE)</p>
<p><b>Installation Type:</b> Aqueduct Channel</p>
<p><b>Location Precision:</b> Tier 1: High Precision (Pinpoint Well/Installation &lt; 50m)</p>
<p><b>Region:</b> Upper Galilee</p>
<p><b>Dissertation Reference:</b> §2.8.11 (Pages 114)</p>
<hr/>
<p><b>Archaeological Description (08. Iron Age I):</b></p>
<p>Two rock-cut aqueducts (northern and southern) were found west and southwest of the tel. They are unplastered and their early date is suggested by sherds in their fill, possibly dating to the Iron Age or even Early Bronze Age II.</p>]]></description>
        <styleUrl>#style_Iron_Age_I</styleUrl>
        <ExtendedData>
          <Data name="Site_Name"><value>Tel Hazor</value></Data>
          <Data name="Hebrew_Name"><value>תל חצור</value></Data>
          <Data name="Era"><value>08. Iron Age I (-1200 to -1000 BCE)</value></Data>
          <Data name="Installation_Type"><value>Aqueduct Channel</value></Data>
          <Data name="Region"><value>Upper Galilee</value></Data>
          <Data name="Location_Precision"><value>Tier 1: High Precision (Pinpoint Well/Installation &lt; 50m)</value></Data>
          <Data name="Dates"><value>-1200 to -1000 BCE</value></Data>
          <Data name="Chapter_Section"><value>2.8.11</value></Data>
          <Data name="Dissertation_Pages"><value>114</value></Data>
          <Data name="Description"><value>Two rock-cut aqueducts (northern and southern) were found west and southwest of the tel. They are unplastered and their early date is suggested by sherds in their fill, possibly dating to the Iron Age or even Early Bronze Age II.</value></Data>
        </ExtendedData>
        <Point>
          <coordinates>35.56806,33.01764,0</coordinates>
        </Point>
      </Placemark>
      <Placemark>
        <name>Tel Shiloh (תל שילה)</name>
        <description><![CDATA[<h3>Tel Shiloh (תל שילה)</h3>
<p><b>Period:</b> 08. Iron Age I (-1200 to -1000 BCE)</p>
<p><b>Installation Type:</b> Plastered Cistern</p>
<p><b>Location Precision:</b> Tier 1: High Precision (Pinpoint Well/Installation &lt; 50m)</p>
<p><b>Region:</b> Samaria</p>
<p><b>Dissertation Reference:</b> §2.8.7 (Pages 113)</p>
<hr/>
<p><b>Archaeological Description (08. Iron Age I):</b></p>
<p>A rock-cut and plastered cistern (Cistern 1320) found in the courtyard of an Iron Age I house (Layer V and IV).</p>]]></description>
        <styleUrl>#style_Iron_Age_I</styleUrl>
        <ExtendedData>
          <Data name="Site_Name"><value>Tel Shiloh</value></Data>
          <Data name="Hebrew_Name"><value>תל שילה</value></Data>
          <Data name="Era"><value>08. Iron Age I (-1200 to -1000 BCE)</value></Data>
          <Data name="Installation_Type"><value>Plastered Cistern</value></Data>
          <Data name="Region"><value>Samaria</value></Data>
          <Data name="Location_Precision"><value>Tier 1: High Precision (Pinpoint Well/Installation &lt; 50m)</value></Data>
          <Data name="Dates"><value>-1200 to -1000 BCE</value></Data>
          <Data name="Chapter_Section"><value>2.8.7</value></Data>
          <Data name="Dissertation_Pages"><value>113</value></Data>
          <Data name="Description"><value>A rock-cut and plastered cistern (Cistern 1320) found in the courtyard of an Iron Age I house (Layer V and IV).</value></Data>
        </ExtendedData>
        <Point>
          <coordinates>35.29103,32.0554,0</coordinates>
        </Point>
      </Placemark>
      <Placemark>
        <name>Tel Taanach (תל תענך)</name>
        <description><![CDATA[<h3>Tel Taanach (תל תענך)</h3>
<p><b>Period:</b> 08. Iron Age I (-1200 to -1000 BCE)</p>
<p><b>Installation Type:</b> Plastered Cistern</p>
<p><b>Location Precision:</b> Tier 1: High Precision (Pinpoint Well/Installation &lt; 50m)</p>
<p><b>Region:</b> Jezreel Valley</p>
<p><b>Dissertation Reference:</b> §2.8.6 (Pages 113)</p>
<hr/>
<p><b>Archaeological Description (08. Iron Age I):</b></p>
<p>A cistern located beneath a courtyard of a building dated to the late 12th century BCE. It is 13.3m deep, with a built neck of 7m, and was fed by a plastered drainage channel from the courtyard.</p>]]></description>
        <styleUrl>#style_Iron_Age_I</styleUrl>
        <ExtendedData>
          <Data name="Site_Name"><value>Tel Taanach</value></Data>
          <Data name="Hebrew_Name"><value>תל תענך</value></Data>
          <Data name="Era"><value>08. Iron Age I (-1200 to -1000 BCE)</value></Data>
          <Data name="Installation_Type"><value>Plastered Cistern</value></Data>
          <Data name="Region"><value>Jezreel Valley</value></Data>
          <Data name="Location_Precision"><value>Tier 1: High Precision (Pinpoint Well/Installation &lt; 50m)</value></Data>
          <Data name="Dates"><value>-1200 to -1000 BCE</value></Data>
          <Data name="Chapter_Section"><value>2.8.6</value></Data>
          <Data name="Dissertation_Pages"><value>113</value></Data>
          <Data name="Description"><value>A cistern located beneath a courtyard of a building dated to the late 12th century BCE. It is 13.3m deep, with a built neck of 7m, and was fed by a plastered drainage channel from the courtyard.</value></Data>
        </ExtendedData>
        <Point>
          <coordinates>35.22005,32.52158,0</coordinates>
        </Point>
      </Placemark>
      <Placemark>
        <name>Tell es-Sa&apos;idiyeh (תל א-סעידיה)</name>
        <description><![CDATA[<h3>Tell es-Sa&apos;idiyeh (תל א-סעידיה)</h3>
<p><b>Period:</b> 08. Iron Age I (-1200 to -1000 BCE)</p>
<p><b>Installation Type:</b> Spring Cave Capture</p>
<p><b>Location Precision:</b> Tier 1: High Precision (Pinpoint Well/Installation &lt; 50m)</p>
<p><b>Region:</b> Jordan Valley</p>
<p><b>Dissertation Reference:</b> §2.8.5 (Pages 111, 112)</p>
<hr/>
<p><b>Archaeological Description (08. Iron Age I):</b></p>
<p>A monumental stepped water system with 95 preserved steps, leading down to a hidden spring. It was covered to conceal it from enemies. The system includes a small semi-circular pool and a plastered underground channel, dating its initial use to the mid-12th century BCE (Iron Age I).</p>]]></description>
        <styleUrl>#style_Iron_Age_I</styleUrl>
        <ExtendedData>
          <Data name="Site_Name"><value>Tell es-Sa&apos;idiyeh</value></Data>
          <Data name="Hebrew_Name"><value>תל א-סעידיה</value></Data>
          <Data name="Era"><value>08. Iron Age I (-1200 to -1000 BCE)</value></Data>
          <Data name="Installation_Type"><value>Spring Cave Capture</value></Data>
          <Data name="Region"><value>Jordan Valley</value></Data>
          <Data name="Location_Precision"><value>Tier 1: High Precision (Pinpoint Well/Installation &lt; 50m)</value></Data>
          <Data name="Dates"><value>-1200 to -1000 BCE</value></Data>
          <Data name="Chapter_Section"><value>2.8.5</value></Data>
          <Data name="Dissertation_Pages"><value>111, 112</value></Data>
          <Data name="Description"><value>A monumental stepped water system with 95 preserved steps, leading down to a hidden spring. It was covered to conceal it from enemies. The system includes a small semi-circular pool and a plastered underground channel, dating its initial use to the mid-12th century BCE (Iron Age I).</value></Data>
        </ExtendedData>
        <Point>
          <coordinates>35.5806,32.2989,0</coordinates>
        </Point>
      </Placemark>
    </Folder>
    <Folder>
      <name>09. Iron Age II (-1000 to -586 BCE)</name>
      <description>תקופת הברזל 2 (Iron IIA-IIC) - 73 sites</description>
      <Placemark>
        <name>Ai (et-Tell) (העי (א-תל))</name>
        <description><![CDATA[<h3>Ai (et-Tell) (העי (א-תל))</h3>
<p><b>Period:</b> 09. Iron Age II (-1000 to -586 BCE)</p>
<p><b>Installation Type:</b> Plastered Cistern</p>
<p><b>Location Precision:</b> Tier 1: High Precision (Pinpoint Well/Installation &lt; 50m)</p>
<p><b>Region:</b> Judean Hills</p>
<p><b>Dissertation Reference:</b> § (Pages 191)</p>
<hr/>
<p><b>Archaeological Description (09. Iron Age II):</b></p>
<p>Cisterns or pools were found at Ai (et-Tell), dated to the Iron Age II period.</p>]]></description>
        <styleUrl>#style_Iron_Age_II</styleUrl>
        <ExtendedData>
          <Data name="Site_Name"><value>Ai (et-Tell)</value></Data>
          <Data name="Hebrew_Name"><value>העי (א-תל)</value></Data>
          <Data name="Era"><value>09. Iron Age II (-1000 to -586 BCE)</value></Data>
          <Data name="Installation_Type"><value>Plastered Cistern</value></Data>
          <Data name="Region"><value>Judean Hills</value></Data>
          <Data name="Location_Precision"><value>Tier 1: High Precision (Pinpoint Well/Installation &lt; 50m)</value></Data>
          <Data name="Dates"><value>-1000 to -586 BCE</value></Data>
          <Data name="Chapter_Section"><value></value></Data>
          <Data name="Dissertation_Pages"><value>191</value></Data>
          <Data name="Description"><value>Cisterns or pools were found at Ai (et-Tell), dated to the Iron Age II period.</value></Data>
        </ExtendedData>
        <Point>
          <coordinates>35.2611,31.9167,0</coordinates>
        </Point>
      </Placemark>
      <Placemark>
        <name>Amman (Rabbath Ammon) (עמאן (רבת עמון))</name>
        <description><![CDATA[<h3>Amman (Rabbath Ammon) (עמאן (רבת עמון))</h3>
<p><b>Period:</b> 09. Iron Age II (-1000 to -586 BCE)</p>
<p><b>Installation Type:</b> Water Reservoir</p>
<p><b>Location Precision:</b> Tier 4: International Comparative Site (&lt; 100m - 1km)</p>
<p><b>Region:</b> Jordan</p>
<p><b>Dissertation Reference:</b> §2.9.12, Summary (186) (Pages 152, 186, 191)</p>
<hr/>
<p><b>Archaeological Description (09. Iron Age II):</b></p>
<p>A large rock-cut cruciform water reservoir, similar to those at Beit Shemesh and Beersheba, located north of the acropolis. It has an estimated capacity of 1264 cubic meters and features an external opening for water entry and a stepped tunnel for drawing water, dated to Iron Age II. Listed as one of 17 sites in Iron Age II with a monumental water system, specifically mentioning a cruciform-shaped reservoir designed to maximize storage volume and prevent roof collapse. A reservoir with an external feeding system was identified at Amman during the Iron Age II.</p>]]></description>
        <styleUrl>#style_Iron_Age_II</styleUrl>
        <ExtendedData>
          <Data name="Site_Name"><value>Amman (Rabbath Ammon)</value></Data>
          <Data name="Hebrew_Name"><value>עמאן (רבת עמון)</value></Data>
          <Data name="Era"><value>09. Iron Age II (-1000 to -586 BCE)</value></Data>
          <Data name="Installation_Type"><value>Water Reservoir</value></Data>
          <Data name="Region"><value>Jordan</value></Data>
          <Data name="Location_Precision"><value>Tier 4: International Comparative Site (&lt; 100m - 1km)</value></Data>
          <Data name="Dates"><value>-1000 to -586 BCE</value></Data>
          <Data name="Chapter_Section"><value>2.9.12, Summary (186)</value></Data>
          <Data name="Dissertation_Pages"><value>152, 186, 191</value></Data>
          <Data name="Description"><value>A large rock-cut cruciform water reservoir, similar to those at Beit Shemesh and Beersheba, located north of the acropolis. It has an estimated capacity of 1264 cubic meters and features an external opening for water entry and a stepped tunnel for drawing water, dated to Iron Age II. Listed as one of 17 sites in Iron Age II with a monumental water system, specifically mentioning a cruciform-shaped reservoir designed to maximize storage volume and prevent roof collapse. A reservoir with an external feeding system was identified at Amman during the Iron Age II.</value></Data>
        </ExtendedData>
        <Point>
          <coordinates>35.936,31.954,0</coordinates>
        </Point>
      </Placemark>
      <Placemark>
        <name>Arbailu (Erbil) (ארבילו (אירביל))</name>
        <description><![CDATA[<h3>Arbailu (Erbil) (ארבילו (אירביל))</h3>
<p><b>Period:</b> 09. Iron Age II (-1000 to -586 BCE)</p>
<p><b>Installation Type:</b> Aqueduct Channel</p>
<p><b>Location Precision:</b> Tier 4: International Comparative Site (&lt; 100m - 1km)</p>
<p><b>Region:</b> Mesopotamia</p>
<p><b>Dissertation Reference:</b> §2.9.47 (Pages 181, 182, 191)</p>
<hr/>
<p><b>Archaeological Description (09. Iron Age II):</b></p>
<p>Sennacherib built an aqueduct to Arbela, starting from the Chai fortress about 20km away. It began with a subterranean tunnel, 1.2m high and 1.12m wide, lined with ashlar stones and featuring shafts every 42m, bringing water from three rivers and springs to the city center. An aqueduct bringing water from a distance outside the city was found at Erbil, dating to the Iron Age II.</p>]]></description>
        <styleUrl>#style_Iron_Age_II</styleUrl>
        <ExtendedData>
          <Data name="Site_Name"><value>Arbailu (Erbil)</value></Data>
          <Data name="Hebrew_Name"><value>ארבילו (אירביל)</value></Data>
          <Data name="Era"><value>09. Iron Age II (-1000 to -586 BCE)</value></Data>
          <Data name="Installation_Type"><value>Aqueduct Channel</value></Data>
          <Data name="Region"><value>Mesopotamia</value></Data>
          <Data name="Location_Precision"><value>Tier 4: International Comparative Site (&lt; 100m - 1km)</value></Data>
          <Data name="Dates"><value>-1000 to -586 BCE</value></Data>
          <Data name="Chapter_Section"><value>2.9.47</value></Data>
          <Data name="Dissertation_Pages"><value>181, 182, 191</value></Data>
          <Data name="Description"><value>Sennacherib built an aqueduct to Arbela, starting from the Chai fortress about 20km away. It began with a subterranean tunnel, 1.2m high and 1.12m wide, lined with ashlar stones and featuring shafts every 42m, bringing water from three rivers and springs to the city center. An aqueduct bringing water from a distance outside the city was found at Erbil, dating to the Iron Age II.</value></Data>
        </ExtendedData>
        <Point>
          <coordinates>44.0094,36.1911,0</coordinates>
        </Point>
      </Placemark>
      <Placemark>
        <name>Athens (Acropolis) (אתונה (יוון))</name>
        <description><![CDATA[<h3>Athens (Acropolis) (אתונה (יוון))</h3>
<p><b>Period:</b> 09. Iron Age II (-1000 to -586 BCE)</p>
<p><b>Installation Type:</b> Water Tunnel Shaft</p>
<p><b>Location Precision:</b> Tier 4: International Comparative Site (&lt; 100m - 1km)</p>
<p><b>Region:</b> Greece</p>
<p><b>Dissertation Reference:</b> § (Pages 191)</p>
<hr/>
<p><b>Archaeological Description (09. Iron Age II):</b></p>
<p>A water system, cut to a spring or groundwater within the fortified city, was found at Athens, dating to the Iron Age II.</p>]]></description>
        <styleUrl>#style_Iron_Age_II</styleUrl>
        <ExtendedData>
          <Data name="Site_Name"><value>Athens (Acropolis)</value></Data>
          <Data name="Hebrew_Name"><value>אתונה (יוון)</value></Data>
          <Data name="Era"><value>09. Iron Age II (-1000 to -586 BCE)</value></Data>
          <Data name="Installation_Type"><value>Water Tunnel Shaft</value></Data>
          <Data name="Region"><value>Greece</value></Data>
          <Data name="Location_Precision"><value>Tier 4: International Comparative Site (&lt; 100m - 1km)</value></Data>
          <Data name="Dates"><value>-1000 to -586 BCE</value></Data>
          <Data name="Chapter_Section"><value></value></Data>
          <Data name="Dissertation_Pages"><value>191</value></Data>
          <Data name="Description"><value>A water system, cut to a spring or groundwater within the fortified city, was found at Athens, dating to the Iron Age II.</value></Data>
        </ExtendedData>
        <Point>
          <coordinates>23.7257,37.9715,0</coordinates>
        </Point>
      </Placemark>
      <Placemark>
        <name>Baal-Meon (בעלמען)</name>
        <description><![CDATA[<h3>Baal-Meon (בעלמען)</h3>
<p><b>Period:</b> 09. Iron Age II (-1000 to -586 BCE)</p>
<p><b>Installation Type:</b> Water Reservoir</p>
<p><b>Location Precision:</b> Tier 4: International Comparative Site (&lt; 100m - 1km)</p>
<p><b>Region:</b> Jordan</p>
<p><b>Dissertation Reference:</b> §2.9.49 (Pages 183, 184)</p>
<hr/>
<p><b>Archaeological Description (09. Iron Age II):</b></p>
<p>The Mesha Stele records King Mesha of Moab building the city of Baal-Meon and constructing a water reservoir (&apos;ashuah&apos;) or capturing a spring, possibly utilizing Israelite captives for their hydrological knowledge and labor.</p>]]></description>
        <styleUrl>#style_Iron_Age_II</styleUrl>
        <ExtendedData>
          <Data name="Site_Name"><value>Baal-Meon</value></Data>
          <Data name="Hebrew_Name"><value>בעלמען</value></Data>
          <Data name="Era"><value>09. Iron Age II (-1000 to -586 BCE)</value></Data>
          <Data name="Installation_Type"><value>Water Reservoir</value></Data>
          <Data name="Region"><value>Jordan</value></Data>
          <Data name="Location_Precision"><value>Tier 4: International Comparative Site (&lt; 100m - 1km)</value></Data>
          <Data name="Dates"><value>-1000 to -586 BCE</value></Data>
          <Data name="Chapter_Section"><value>2.9.49</value></Data>
          <Data name="Dissertation_Pages"><value>183, 184</value></Data>
          <Data name="Description"><value>The Mesha Stele records King Mesha of Moab building the city of Baal-Meon and constructing a water reservoir (&apos;ashuah&apos;) or capturing a spring, possibly utilizing Israelite captives for their hydrological knowledge and labor.</value></Data>
        </ExtendedData>
        <Point>
          <coordinates>35.7485,31.6845,0</coordinates>
        </Point>
      </Placemark>
      <Placemark>
        <name>Bor Hamat (בור חמת)</name>
        <description><![CDATA[<h3>Bor Hamat (בור חמת)</h3>
<p><b>Period:</b> 09. Iron Age II (-1000 to -586 BCE)</p>
<p><b>Installation Type:</b> Deep Well</p>
<p><b>Location Precision:</b> Tier 1: High Precision (Pinpoint Well/Installation &lt; 50m)</p>
<p><b>Region:</b> Negev</p>
<p><b>Dissertation Reference:</b> §2.9.36 (Pages 171)</p>
<hr/>
<p><b>Archaeological Description (09. Iron Age II):</b></p>
<p>One open cistern, part of the Iron Age II water supply in the Negev Highlands, with a volume of approximately 1250 cubic meters.</p>]]></description>
        <styleUrl>#style_Iron_Age_II</styleUrl>
        <ExtendedData>
          <Data name="Site_Name"><value>Bor Hamat</value></Data>
          <Data name="Hebrew_Name"><value>בור חמת</value></Data>
          <Data name="Era"><value>09. Iron Age II (-1000 to -586 BCE)</value></Data>
          <Data name="Installation_Type"><value>Deep Well</value></Data>
          <Data name="Region"><value>Negev</value></Data>
          <Data name="Location_Precision"><value>Tier 1: High Precision (Pinpoint Well/Installation &lt; 50m)</value></Data>
          <Data name="Dates"><value>-1000 to -586 BCE</value></Data>
          <Data name="Chapter_Section"><value>2.9.36</value></Data>
          <Data name="Dissertation_Pages"><value>171</value></Data>
          <Data name="Description"><value>One open cistern, part of the Iron Age II water supply in the Negev Highlands, with a volume of approximately 1250 cubic meters.</value></Data>
        </ExtendedData>
        <Point>
          <coordinates>34.72927,30.62167,0</coordinates>
        </Point>
      </Placemark>
      <Placemark>
        <name>Buqei&apos;a (Judean Desert) (בקעת הורקניה (בוקיעה))</name>
        <description><![CDATA[<h3>Buqei&apos;a (Judean Desert) (בקעת הורקניה (בוקיעה))</h3>
<p><b>Period:</b> 09. Iron Age II (-1000 to -586 BCE)</p>
<p><b>Installation Type:</b> Plastered Cistern</p>
<p><b>Location Precision:</b> Tier 1: High Precision (Pinpoint Well/Installation &lt; 50m)</p>
<p><b>Region:</b> Negev</p>
<p><b>Dissertation Reference:</b> § (Pages 191)</p>
<hr/>
<p><b>Archaeological Description (09. Iron Age II):</b></p>
<p>Cisterns or pools were found at Buqei&apos;a, dated to the Iron Age II period.</p>]]></description>
        <styleUrl>#style_Iron_Age_II</styleUrl>
        <ExtendedData>
          <Data name="Site_Name"><value>Buqei&apos;a (Judean Desert)</value></Data>
          <Data name="Hebrew_Name"><value>בקעת הורקניה (בוקיעה)</value></Data>
          <Data name="Era"><value>09. Iron Age II (-1000 to -586 BCE)</value></Data>
          <Data name="Installation_Type"><value>Plastered Cistern</value></Data>
          <Data name="Region"><value>Negev</value></Data>
          <Data name="Location_Precision"><value>Tier 1: High Precision (Pinpoint Well/Installation &lt; 50m)</value></Data>
          <Data name="Dates"><value>-1000 to -586 BCE</value></Data>
          <Data name="Chapter_Section"><value></value></Data>
          <Data name="Dissertation_Pages"><value>191</value></Data>
          <Data name="Description"><value>Cisterns or pools were found at Buqei&apos;a, dated to the Iron Age II period.</value></Data>
        </ExtendedData>
        <Point>
          <coordinates>35.4,31.75,0</coordinates>
        </Point>
      </Placemark>
      <Placemark>
        <name>Gibeon (el-Jib) (גבעון (אל-ג&apos;יב))</name>
        <description><![CDATA[<h3>Gibeon (el-Jib) (גבעון (אל-ג&apos;יב))</h3>
<p><b>Period:</b> 09. Iron Age II (-1000 to -586 BCE)</p>
<p><b>Installation Type:</b> Water Tunnel Shaft</p>
<p><b>Location Precision:</b> Tier 1: High Precision (Pinpoint Well/Installation &lt; 50m)</p>
<p><b>Region:</b> Judean Hills</p>
<p><b>Dissertation Reference:</b> §2.9.5, 2.9.51, Summary (186) (Pages 128, 129, 130, 131, 185, 186, 187, 191)</p>
<hr/>
<p><b>Archaeological Description (09. Iron Age II):</b></p>
<p>A system comprising a horizontal tunnel from a spring to a collection chamber, and a 52m long stepped tunnel ascending into the fortified city, dated by the author to the 10th or 9th century BCE (early Iron Age II). A large circular stepped shaft, 11.3m in diameter and 24m deep, cut into rock with a spiral staircase, designed to access groundwater. The author dates its construction to the 7th century BCE (late Iron Age II). Mentioned as a site with an underground water system where a pulley could have been used, similar to the one depicted in an Assyrian relief, suggesting a sophisticated water supply during sieges. Listed as one of 17 sites in Iron Age II Israel with two monumental water systems, likely involving tunnels or shafts to access groundwater within the fortified city. A water system, cut to a spring or groundwater within the fortified city, was found at Gibeon, dating to the Iron Age II.</p>]]></description>
        <styleUrl>#style_Iron_Age_II</styleUrl>
        <ExtendedData>
          <Data name="Site_Name"><value>Gibeon (el-Jib)</value></Data>
          <Data name="Hebrew_Name"><value>גבעון (אל-ג&apos;יב)</value></Data>
          <Data name="Era"><value>09. Iron Age II (-1000 to -586 BCE)</value></Data>
          <Data name="Installation_Type"><value>Water Tunnel Shaft</value></Data>
          <Data name="Region"><value>Judean Hills</value></Data>
          <Data name="Location_Precision"><value>Tier 1: High Precision (Pinpoint Well/Installation &lt; 50m)</value></Data>
          <Data name="Dates"><value>-1000 to -586 BCE</value></Data>
          <Data name="Chapter_Section"><value>2.9.5, 2.9.51, Summary (186)</value></Data>
          <Data name="Dissertation_Pages"><value>128, 129, 130, 131, 185, 186, 187, 191</value></Data>
          <Data name="Description"><value>A system comprising a horizontal tunnel from a spring to a collection chamber, and a 52m long stepped tunnel ascending into the fortified city, dated by the author to the 10th or 9th century BCE (early Iron Age II). A large circular stepped shaft, 11.3m in diameter and 24m deep, cut into rock with a spiral staircase, designed to access groundwater. The author dates its construction to the 7th century BCE (late Iron Age II). Mentioned as a site with an underground water system where a pulley could have been used, similar to the one depicted in an Assyrian relief, suggesting a sophisticated water supply during sieges. Listed as one of 17 sites in Iron Age II Israel with two monumental water systems, likely involving tunnels or shafts to access groundwater within the fortified city. A water system, cut to a spring or groundwater within the fortified city, was found at Gibeon, dating to the Iron Age II.</value></Data>
        </ExtendedData>
        <Point>
          <coordinates>35.18404,31.8489,0</coordinates>
        </Point>
      </Placemark>
      <Placemark>
        <name>Heshbon (חשבון)</name>
        <description><![CDATA[<h3>Heshbon (חשבון)</h3>
<p><b>Period:</b> 09. Iron Age II (-1000 to -586 BCE)</p>
<p><b>Installation Type:</b> Water Reservoir</p>
<p><b>Location Precision:</b> Tier 4: International Comparative Site (&lt; 100m - 1km)</p>
<p><b>Region:</b> Jordan</p>
<p><b>Dissertation Reference:</b> §2.9.13, Summary (186) (Pages 152, 153, 186, 191)</p>
<hr/>
<p><b>Archaeological Description (09. Iron Age II):</b></p>
<p>A large rock-cut water pool, 17x17m and 7m deep, with an estimated capacity of 2000 cubic meters, discovered in stratum 17 (9th-8th centuries BCE). It was fed by runoff channels and possibly supplemented by water from the &apos;Ein Hisban spring. Listed as one of 17 sites in Iron Age II with a monumental water system, likely involving a tunnel or shaft to access groundwater within the fortified city. A reservoir or pool was found at Tel Heshbon, dated to the Iron Age II period.</p>]]></description>
        <styleUrl>#style_Iron_Age_II</styleUrl>
        <ExtendedData>
          <Data name="Site_Name"><value>Heshbon</value></Data>
          <Data name="Hebrew_Name"><value>חשבון</value></Data>
          <Data name="Era"><value>09. Iron Age II (-1000 to -586 BCE)</value></Data>
          <Data name="Installation_Type"><value>Water Reservoir</value></Data>
          <Data name="Region"><value>Jordan</value></Data>
          <Data name="Location_Precision"><value>Tier 4: International Comparative Site (&lt; 100m - 1km)</value></Data>
          <Data name="Dates"><value>-1000 to -586 BCE</value></Data>
          <Data name="Chapter_Section"><value>2.9.13, Summary (186)</value></Data>
          <Data name="Dissertation_Pages"><value>152, 153, 186, 191</value></Data>
          <Data name="Description"><value>A large rock-cut water pool, 17x17m and 7m deep, with an estimated capacity of 2000 cubic meters, discovered in stratum 17 (9th-8th centuries BCE). It was fed by runoff channels and possibly supplemented by water from the &apos;Ein Hisban spring. Listed as one of 17 sites in Iron Age II with a monumental water system, likely involving a tunnel or shaft to access groundwater within the fortified city. A reservoir or pool was found at Tel Heshbon, dated to the Iron Age II period.</value></Data>
        </ExtendedData>
        <Point>
          <coordinates>35.767,31.767,0</coordinates>
        </Point>
      </Placemark>
      <Placemark>
        <name>Horbat Radum (חורבת רדום)</name>
        <description><![CDATA[<h3>Horbat Radum (חורבת רדום)</h3>
<p><b>Period:</b> 09. Iron Age II (-1000 to -586 BCE)</p>
<p><b>Installation Type:</b> Plastered Cistern</p>
<p><b>Location Precision:</b> Tier 1: High Precision (Pinpoint Well/Installation &lt; 50m)</p>
<p><b>Region:</b> Negev</p>
<p><b>Dissertation Reference:</b> §2.9.35 (Pages 170, 191)</p>
<hr/>
<p><b>Archaeological Description (09. Iron Age II):</b></p>
<p>Two depressions, approximately 2m in diameter, were found outside the northern wall of this late Iron Age II fortress. These are identified as likely blocked cisterns that served the fortification. Cisterns or pools were found at Radum, dated to the Iron Age II period.</p>]]></description>
        <styleUrl>#style_Iron_Age_II</styleUrl>
        <ExtendedData>
          <Data name="Site_Name"><value>Horbat Radum</value></Data>
          <Data name="Hebrew_Name"><value>חורבת רדום</value></Data>
          <Data name="Era"><value>09. Iron Age II (-1000 to -586 BCE)</value></Data>
          <Data name="Installation_Type"><value>Plastered Cistern</value></Data>
          <Data name="Region"><value>Negev</value></Data>
          <Data name="Location_Precision"><value>Tier 1: High Precision (Pinpoint Well/Installation &lt; 50m)</value></Data>
          <Data name="Dates"><value>-1000 to -586 BCE</value></Data>
          <Data name="Chapter_Section"><value>2.9.35</value></Data>
          <Data name="Dissertation_Pages"><value>170, 191</value></Data>
          <Data name="Description"><value>Two depressions, approximately 2m in diameter, were found outside the northern wall of this late Iron Age II fortress. These are identified as likely blocked cisterns that served the fortification. Cisterns or pools were found at Radum, dated to the Iron Age II period.</value></Data>
        </ExtendedData>
        <Point>
          <coordinates>35.16639,31.18975,0</coordinates>
        </Point>
      </Placemark>
      <Placemark>
        <name>Horbat Rosh Zayit (חורבת ראש זית)</name>
        <description><![CDATA[<h3>Horbat Rosh Zayit (חורבת ראש זית)</h3>
<p><b>Period:</b> 09. Iron Age II (-1000 to -586 BCE)</p>
<p><b>Installation Type:</b> Plastered Cistern</p>
<p><b>Location Precision:</b> Tier 1: High Precision (Pinpoint Well/Installation &lt; 50m)</p>
<p><b>Region:</b> Lower Galilee</p>
<p><b>Dissertation Reference:</b> §2.9.19 (Pages 160, 191)</p>
<hr/>
<p><b>Archaeological Description (09. Iron Age II):</b></p>
<p>A rock-cut cistern found within the fortress, designed to collect rainwater runoff from the fortress area, dating to the 10th-9th centuries BCE. Cisterns or pools were found at Tel Ras ez-Zeit, dated to the Iron Age II period.</p>]]></description>
        <styleUrl>#style_Iron_Age_II</styleUrl>
        <ExtendedData>
          <Data name="Site_Name"><value>Horbat Rosh Zayit</value></Data>
          <Data name="Hebrew_Name"><value>חורבת ראש זית</value></Data>
          <Data name="Era"><value>09. Iron Age II (-1000 to -586 BCE)</value></Data>
          <Data name="Installation_Type"><value>Plastered Cistern</value></Data>
          <Data name="Region"><value>Lower Galilee</value></Data>
          <Data name="Location_Precision"><value>Tier 1: High Precision (Pinpoint Well/Installation &lt; 50m)</value></Data>
          <Data name="Dates"><value>-1000 to -586 BCE</value></Data>
          <Data name="Chapter_Section"><value>2.9.19</value></Data>
          <Data name="Dissertation_Pages"><value>160, 191</value></Data>
          <Data name="Description"><value>A rock-cut cistern found within the fortress, designed to collect rainwater runoff from the fortress area, dating to the 10th-9th centuries BCE. Cisterns or pools were found at Tel Ras ez-Zeit, dated to the Iron Age II period.</value></Data>
        </ExtendedData>
        <Point>
          <coordinates>35.22864,32.87866,0</coordinates>
        </Point>
      </Placemark>
      <Placemark>
        <name>Horbat Shilha (חורבת שילחה)</name>
        <description><![CDATA[<h3>Horbat Shilha (חורבת שילחה)</h3>
<p><b>Period:</b> 09. Iron Age II (-1000 to -586 BCE)</p>
<p><b>Installation Type:</b> Plastered Cistern</p>
<p><b>Location Precision:</b> Tier 1: High Precision (Pinpoint Well/Installation &lt; 50m)</p>
<p><b>Region:</b> Judean Hills</p>
<p><b>Dissertation Reference:</b> §2.9.24 (Pages 164, 191)</p>
<hr/>
<p><b>Archaeological Description (09. Iron Age II):</b></p>
<p>A bell-shaped, rock-cut cistern (Locus 21) with a 0.85m opening and 1.8m diameter at 1.25m depth, located within a four-room house. Runoff was collected via earth channels. Plaster presence is not reported, but typical for such cisterns. Cisterns or pools were found at Shilha, dated to the Iron Age II period.</p>]]></description>
        <styleUrl>#style_Iron_Age_II</styleUrl>
        <ExtendedData>
          <Data name="Site_Name"><value>Horbat Shilha</value></Data>
          <Data name="Hebrew_Name"><value>חורבת שילחה</value></Data>
          <Data name="Era"><value>09. Iron Age II (-1000 to -586 BCE)</value></Data>
          <Data name="Installation_Type"><value>Plastered Cistern</value></Data>
          <Data name="Region"><value>Judean Hills</value></Data>
          <Data name="Location_Precision"><value>Tier 1: High Precision (Pinpoint Well/Installation &lt; 50m)</value></Data>
          <Data name="Dates"><value>-1000 to -586 BCE</value></Data>
          <Data name="Chapter_Section"><value>2.9.24</value></Data>
          <Data name="Dissertation_Pages"><value>164, 191</value></Data>
          <Data name="Description"><value>A bell-shaped, rock-cut cistern (Locus 21) with a 0.85m opening and 1.8m diameter at 1.25m depth, located within a four-room house. Runoff was collected via earth channels. Plaster presence is not reported, but typical for such cisterns. Cisterns or pools were found at Shilha, dated to the Iron Age II period.</value></Data>
        </ExtendedData>
        <Point>
          <coordinates>35.38394,31.86153,0</coordinates>
        </Point>
      </Placemark>
      <Placemark>
        <name>Horbat Uza (חורבת עוזה)</name>
        <description><![CDATA[<h3>Horbat Uza (חורבת עוזה)</h3>
<p><b>Period:</b> 09. Iron Age II (-1000 to -586 BCE)</p>
<p><b>Installation Type:</b> Aqueduct Channel</p>
<p><b>Location Precision:</b> Tier 1: High Precision (Pinpoint Well/Installation &lt; 50m)</p>
<p><b>Region:</b> Negev</p>
<p><b>Dissertation Reference:</b> §2.9.34 (Pages 168, 169)</p>
<hr/>
<p><b>Archaeological Description (09. Iron Age II):</b></p>
<p>A covered drainage channel, constructed with stone slabs and over 20m long, was found in the gate passage of the fortress. It started in the plaza, passed under the threshold, and likely terminated in a rock-cut cistern on the slope. Two depressions outside the southern wall of the fortress are identified as likely blocked cisterns, contributing to the site&apos;s water supply during the late Iron Age II. Three large cisterns are located 300m south of the fortress in a wadi. The middle cistern is T-shaped, partially rock-cut and partially built with later barrel vaults, estimated at 400 cubic meters, and features multiple plaster layers (possibly Iron Age I and Herodian).</p>]]></description>
        <styleUrl>#style_Iron_Age_II</styleUrl>
        <ExtendedData>
          <Data name="Site_Name"><value>Horbat Uza</value></Data>
          <Data name="Hebrew_Name"><value>חורבת עוזה</value></Data>
          <Data name="Era"><value>09. Iron Age II (-1000 to -586 BCE)</value></Data>
          <Data name="Installation_Type"><value>Aqueduct Channel</value></Data>
          <Data name="Region"><value>Negev</value></Data>
          <Data name="Location_Precision"><value>Tier 1: High Precision (Pinpoint Well/Installation &lt; 50m)</value></Data>
          <Data name="Dates"><value>-1000 to -586 BCE</value></Data>
          <Data name="Chapter_Section"><value>2.9.34</value></Data>
          <Data name="Dissertation_Pages"><value>168, 169</value></Data>
          <Data name="Description"><value>A covered drainage channel, constructed with stone slabs and over 20m long, was found in the gate passage of the fortress. It started in the plaza, passed under the threshold, and likely terminated in a rock-cut cistern on the slope. Two depressions outside the southern wall of the fortress are identified as likely blocked cisterns, contributing to the site&apos;s water supply during the late Iron Age II. Three large cisterns are located 300m south of the fortress in a wadi. The middle cistern is T-shaped, partially rock-cut and partially built with later barrel vaults, estimated at 400 cubic meters, and features multiple plaster layers (possibly Iron Age I and Herodian).</value></Data>
        </ExtendedData>
        <Point>
          <coordinates>35.16567,31.20919,0</coordinates>
        </Point>
      </Placemark>
      <Placemark>
        <name>Ibleam (Khirbet Bel&apos;ameh) (יבלעם (ח&apos;רבת בלעמה))</name>
        <description><![CDATA[<h3>Ibleam (Khirbet Bel&apos;ameh) (יבלעם (ח&apos;רבת בלעמה))</h3>
<p><b>Period:</b> 09. Iron Age II (-1000 to -586 BCE)</p>
<p><b>Installation Type:</b> Water Tunnel Shaft</p>
<p><b>Location Precision:</b> Tier 1: High Precision (Pinpoint Well/Installation &lt; 50m)</p>
<p><b>Region:</b> Samaria</p>
<p><b>Dissertation Reference:</b> §2.9.4, Summary (186) (Pages 127, 128, 186, 191)</p>
<hr/>
<p><b>Archaeological Description (09. Iron Age II):</b></p>
<p>A rock-cut tunnel, approximately 100m long with steps, leading from the Bir Sinjil spring into the ancient tel, characteristic of Iron Age II water systems. Listed as one of 17 sites in Iron Age II Israel with a monumental water system, likely involving a tunnel or shaft to access groundwater within the fortified city. A water system, cut to a spring or groundwater within the fortified city, was found at Ibleam, dating to the Iron Age II.</p>]]></description>
        <styleUrl>#style_Iron_Age_II</styleUrl>
        <ExtendedData>
          <Data name="Site_Name"><value>Ibleam (Khirbet Bel&apos;ameh)</value></Data>
          <Data name="Hebrew_Name"><value>יבלעם (ח&apos;רבת בלעמה)</value></Data>
          <Data name="Era"><value>09. Iron Age II (-1000 to -586 BCE)</value></Data>
          <Data name="Installation_Type"><value>Water Tunnel Shaft</value></Data>
          <Data name="Region"><value>Samaria</value></Data>
          <Data name="Location_Precision"><value>Tier 1: High Precision (Pinpoint Well/Installation &lt; 50m)</value></Data>
          <Data name="Dates"><value>-1000 to -586 BCE</value></Data>
          <Data name="Chapter_Section"><value>2.9.4, Summary (186)</value></Data>
          <Data name="Dissertation_Pages"><value>127, 128, 186, 191</value></Data>
          <Data name="Description"><value>A rock-cut tunnel, approximately 100m long with steps, leading from the Bir Sinjil spring into the ancient tel, characteristic of Iron Age II water systems. Listed as one of 17 sites in Iron Age II Israel with a monumental water system, likely involving a tunnel or shaft to access groundwater within the fortified city. A water system, cut to a spring or groundwater within the fortified city, was found at Ibleam, dating to the Iron Age II.</value></Data>
        </ExtendedData>
        <Point>
          <coordinates>35.29243,32.44584,0</coordinates>
        </Point>
      </Placemark>
      <Placemark>
        <name>Jerusalem (City of David) (ירושלים (עיר דוד))</name>
        <description><![CDATA[<h3>Jerusalem (City of David) (ירושלים (עיר דוד))</h3>
<p><b>Period:</b> 09. Iron Age II (-1000 to -586 BCE)</p>
<p><b>Installation Type:</b> Aqueduct Channel</p>
<p><b>Location Precision:</b> Tier 1: High Precision (Pinpoint Well/Installation &lt; 50m)</p>
<p><b>Region:</b> Judean Hills</p>
<p><b>Dissertation Reference:</b> §2.9.6, Summary (186) (Pages 131, 132, 133, 134, 135, 136, 137, 138, 139, 140, 141, 142, 143, 144, 145, 186, 191)</p>
<hr/>
<p><b>Archaeological Description (09. Iron Age II):</b></p>
<p>Hezekiah&apos;s Tunnel, a 533m long rock-cut channel, diverted water from the Gihon Spring to the Pool of Siloam within the city walls, constructed in the late 8th century BCE (late Iron Age II) during King Hezekiah&apos;s reign. A large pool (15x15m during the First Temple period) located at the southern end of Hezekiah&apos;s Tunnel, serving as the primary reservoir for the diverted Gihon Spring waters within the city. Hezekiah&apos;s Tunnel, a 530m long rock-cut tunnel, was constructed in the 8th century BCE (Iron II) to divert water from the Gihon Spring to the Pool of Siloam inside the city walls, a complex engineering feat involving two teams digging from opposite ends. Warren&apos;s Shaft, a natural vertical karstic shaft (13m deep), was accidentally discovered in the 8th century BCE during preparations for Hezekiah&apos;s Tunnel, leading to attempts to connect it to the Gihon Spring and integrate it into the water system. Channel IV, an overflow channel originating near the Pool of Siloam and extending to the Kidron Valley, is considered by some scholars to be an original part of Hezekiah&apos;s Tunnel, dating its construction to the 8th century BCE. Various pools mentioned in biblical texts (e.g., Upper Pool, Lower Pool, Old Pool, Pool of Siloam) likely collected runoff water, serving as secondary water sources for the city, primarily for non-drinking uses during the Iron Age. The &apos;Hasmonean Water Channel,&apos; a rock-cut channel near the Temple Mount, collected runoff water for cisterns. Although named Hasmonean, some scholars propose it dates to the First Temple period (Iron Age). Bir Ayub, identified with biblical Ein Rogel, is a 38m deep well fed by a small cave and fissures. Its water was primarily used for irrigating fields and gardens, and its biblical mentions indicate its use during the Iron Age. Listed as one of 17 sites in Iron Age II Israel with a monumental water system, likely involving a tunnel or shaft to access groundwater within the fortified city. An aqueduct system within the city, likely feeding a reservoir or pool, was present in Jerusalem during the Iron Age II. A reservoir or pool, likely fed by an aqueduct or tunnel, was present in Jerusalem during the Iron Age II.</p>]]></description>
        <styleUrl>#style_Iron_Age_II</styleUrl>
        <ExtendedData>
          <Data name="Site_Name"><value>Jerusalem (City of David)</value></Data>
          <Data name="Hebrew_Name"><value>ירושלים (עיר דוד)</value></Data>
          <Data name="Era"><value>09. Iron Age II (-1000 to -586 BCE)</value></Data>
          <Data name="Installation_Type"><value>Aqueduct Channel</value></Data>
          <Data name="Region"><value>Judean Hills</value></Data>
          <Data name="Location_Precision"><value>Tier 1: High Precision (Pinpoint Well/Installation &lt; 50m)</value></Data>
          <Data name="Dates"><value>-1000 to -586 BCE</value></Data>
          <Data name="Chapter_Section"><value>2.9.6, Summary (186)</value></Data>
          <Data name="Dissertation_Pages"><value>131, 132, 133, 134, 135, 136, 137, 138, 139, 140, 141, 142, 143, 144, 145, 186, 191</value></Data>
          <Data name="Description"><value>Hezekiah&apos;s Tunnel, a 533m long rock-cut channel, diverted water from the Gihon Spring to the Pool of Siloam within the city walls, constructed in the late 8th century BCE (late Iron Age II) during King Hezekiah&apos;s reign. A large pool (15x15m during the First Temple period) located at the southern end of Hezekiah&apos;s Tunnel, serving as the primary reservoir for the diverted Gihon Spring waters within the city. Hezekiah&apos;s Tunnel, a 530m long rock-cut tunnel, was constructed in the 8th century BCE (Iron II) to divert water from the Gihon Spring to the Pool of Siloam inside the city walls, a complex engineering feat involving two teams digging from opposite ends. Warren&apos;s Shaft, a natural vertical karstic shaft (13m deep), was accidentally discovered in the 8th century BCE during preparations for Hezekiah&apos;s Tunnel, leading to attempts to connect it to the Gihon Spring and integrate it into the water system. Channel IV, an overflow channel originating near the Pool of Siloam and extending to the Kidron Valley, is considered by some scholars to be an original part of Hezekiah&apos;s Tunnel, dating its construction to the 8th century BCE. Various pools mentioned in biblical texts (e.g., Upper Pool, Lower Pool, Old Pool, Pool of Siloam) likely collected runoff water, serving as secondary water sources for the city, primarily for non-drinking uses during the Iron Age. The &apos;Hasmonean Water Channel,&apos; a rock-cut channel near the Temple Mount, collected runoff water for cisterns. Although named Hasmonean, some scholars propose it dates to the First Temple period (Iron Age). Bir Ayub, identified with biblical Ein Rogel, is a 38m deep well fed by a small cave and fissures. Its water was primarily used for irrigating fields and gardens, and its biblical mentions indicate its use during the Iron Age. Listed as one of 17 sites in Iron Age II Israel with a monumental water system, likely involving a tunnel or shaft to access groundwater within the fortified city. An aqueduct system within the city, likely feeding a reservoir or pool, was present in Jerusalem during the Iron Age II. A reservoir or pool, likely fed by an aqueduct or tunnel, was present in Jerusalem during the Iron Age II.</value></Data>
        </ExtendedData>
        <Point>
          <coordinates>35.23584,31.77406,0</coordinates>
        </Point>
      </Placemark>
      <Placemark>
        <name>Jit (ג&apos;ית)</name>
        <description><![CDATA[<h3>Jit (ג&apos;ית)</h3>
<p><b>Period:</b> 09. Iron Age II (-1000 to -586 BCE)</p>
<p><b>Installation Type:</b> Spring Cave Capture</p>
<p><b>Location Precision:</b> Tier 1: High Precision (Pinpoint Well/Installation &lt; 50m)</p>
<p><b>Region:</b> Samaria</p>
<p><b>Dissertation Reference:</b> §2.9.38 (Pages 173, 174)</p>
<hr/>
<p><b>Archaeological Description (09. Iron Age II):</b></p>
<p>An ancient, rock-cut pool known as &apos;El-Ein&apos; (the spring), consisting of three parts with a total depth of 13.73m. Its water source is a spring, fed by a 1.5m high tunnel from a hard limestone layer, making it a central water facility.</p>]]></description>
        <styleUrl>#style_Iron_Age_II</styleUrl>
        <ExtendedData>
          <Data name="Site_Name"><value>Jit</value></Data>
          <Data name="Hebrew_Name"><value>ג&apos;ית</value></Data>
          <Data name="Era"><value>09. Iron Age II (-1000 to -586 BCE)</value></Data>
          <Data name="Installation_Type"><value>Spring Cave Capture</value></Data>
          <Data name="Region"><value>Samaria</value></Data>
          <Data name="Location_Precision"><value>Tier 1: High Precision (Pinpoint Well/Installation &lt; 50m)</value></Data>
          <Data name="Dates"><value>-1000 to -586 BCE</value></Data>
          <Data name="Chapter_Section"><value>2.9.38</value></Data>
          <Data name="Dissertation_Pages"><value>173, 174</value></Data>
          <Data name="Description"><value>An ancient, rock-cut pool known as &apos;El-Ein&apos; (the spring), consisting of three parts with a total depth of 13.73m. Its water source is a spring, fed by a 1.5m high tunnel from a hard limestone layer, making it a central water facility.</value></Data>
        </ExtendedData>
        <Point>
          <coordinates>35.1632,32.2285,0</coordinates>
        </Point>
      </Placemark>
      <Placemark>
        <name>Kadesh Barnea (Ein el-Gudeirat) (קדש ברנע (עין אל-קודייראת))</name>
        <description><![CDATA[<h3>Kadesh Barnea (Ein el-Gudeirat) (קדש ברנע (עין אל-קודייראת))</h3>
<p><b>Period:</b> 09. Iron Age II (-1000 to -586 BCE)</p>
<p><b>Installation Type:</b> Water Reservoir</p>
<p><b>Location Precision:</b> Tier 1: High Precision (Pinpoint Well/Installation &lt; 50m)</p>
<p><b>Region:</b> Negev</p>
<p><b>Dissertation Reference:</b> §2.9.18, Summary (186) (Pages 159, 186, 191)</p>
<hr/>
<p><b>Archaeological Description (09. Iron Age II):</b></p>
<p>A water system in the Middle Fortress (8th-7th centuries BCE) consisting of a stone-built, plastered reservoir (approx. 140 cubic meters) with 25 steps leading to its bottom, fed by a plastered channel from the main spring, Ein Qudeirat. Listed as one of 17 sites in Iron Age II Israel with a monumental water system, likely involving a tunnel or shaft to access groundwater within the fortified city. A reservoir with an external feeding system was identified at Kadesh Barnea during the Iron Age II.</p>]]></description>
        <styleUrl>#style_Iron_Age_II</styleUrl>
        <ExtendedData>
          <Data name="Site_Name"><value>Kadesh Barnea (Ein el-Gudeirat)</value></Data>
          <Data name="Hebrew_Name"><value>קדש ברנע (עין אל-קודייראת)</value></Data>
          <Data name="Era"><value>09. Iron Age II (-1000 to -586 BCE)</value></Data>
          <Data name="Installation_Type"><value>Water Reservoir</value></Data>
          <Data name="Region"><value>Negev</value></Data>
          <Data name="Location_Precision"><value>Tier 1: High Precision (Pinpoint Well/Installation &lt; 50m)</value></Data>
          <Data name="Dates"><value>-1000 to -586 BCE</value></Data>
          <Data name="Chapter_Section"><value>2.9.18, Summary (186)</value></Data>
          <Data name="Dissertation_Pages"><value>159, 186, 191</value></Data>
          <Data name="Description"><value>A water system in the Middle Fortress (8th-7th centuries BCE) consisting of a stone-built, plastered reservoir (approx. 140 cubic meters) with 25 steps leading to its bottom, fed by a plastered channel from the main spring, Ein Qudeirat. Listed as one of 17 sites in Iron Age II Israel with a monumental water system, likely involving a tunnel or shaft to access groundwater within the fortified city. A reservoir with an external feeding system was identified at Kadesh Barnea during the Iron Age II.</value></Data>
        </ExtendedData>
        <Point>
          <coordinates>34.4235,30.6558,0</coordinates>
        </Point>
      </Placemark>
      <Placemark>
        <name>Kerem es-Samra (Kerem el-Ajez) (כרם א-סמרא (כרם אל עג&apos;ז))</name>
        <description><![CDATA[<h3>Kerem es-Samra (Kerem el-Ajez) (כרם א-סמרא (כרם אל עג&apos;ז))</h3>
<p><b>Period:</b> 09. Iron Age II (-1000 to -586 BCE)</p>
<p><b>Installation Type:</b> Water Reservoir</p>
<p><b>Location Precision:</b> Tier 1: High Precision (Pinpoint Well/Installation &lt; 50m)</p>
<p><b>Region:</b> Judean Desert</p>
<p><b>Dissertation Reference:</b> §2.9.30 (Pages 167)</p>
<hr/>
<p><b>Archaeological Description (09. Iron Age II):</b></p>
<p>A large pool measuring 22x18m, located in the southwest of the fortress, with collapsed walls. It served as a water reservoir for the Iron Age II fortress.</p>]]></description>
        <styleUrl>#style_Iron_Age_II</styleUrl>
        <ExtendedData>
          <Data name="Site_Name"><value>Kerem es-Samra (Kerem el-Ajez)</value></Data>
          <Data name="Hebrew_Name"><value>כרם א-סמרא (כרם אל עג&apos;ז)</value></Data>
          <Data name="Era"><value>09. Iron Age II (-1000 to -586 BCE)</value></Data>
          <Data name="Installation_Type"><value>Water Reservoir</value></Data>
          <Data name="Region"><value>Judean Desert</value></Data>
          <Data name="Location_Precision"><value>Tier 1: High Precision (Pinpoint Well/Installation &lt; 50m)</value></Data>
          <Data name="Dates"><value>-1000 to -586 BCE</value></Data>
          <Data name="Chapter_Section"><value>2.9.30</value></Data>
          <Data name="Dissertation_Pages"><value>167</value></Data>
          <Data name="Description"><value>A large pool measuring 22x18m, located in the southwest of the fortress, with collapsed walls. It served as a water reservoir for the Iron Age II fortress.</value></Data>
        </ExtendedData>
        <Point>
          <coordinates>35.39106,31.71662,0</coordinates>
        </Point>
      </Placemark>
      <Placemark>
        <name>Khirbet Abu et-Twein (חורבת אבו א-טווין)</name>
        <description><![CDATA[<h3>Khirbet Abu et-Twein (חורבת אבו א-טווין)</h3>
<p><b>Period:</b> 09. Iron Age II (-1000 to -586 BCE)</p>
<p><b>Installation Type:</b> Plastered Cistern</p>
<p><b>Location Precision:</b> Tier 1: High Precision (Pinpoint Well/Installation &lt; 50m)</p>
<p><b>Region:</b> Negev</p>
<p><b>Dissertation Reference:</b> §2.9.29 (Pages 165, 166, 191)</p>
<hr/>
<p><b>Archaeological Description (09. Iron Age II):</b></p>
<p>Cisterns or pools were found at Ibn Tuwayn, dated to the Iron Age II period. A large rock-cut cistern, located 5m outside the SW corner of the fortress, dated to the 9th-7th century BCE. It has a heart-shaped plan, measuring 11.95x7.7m with a current depth of 1.7m (estimated original 4m), and an estimated volume of 250 cubic meters. It features a square opening and two layers of plaster, collecting runoff from the fortress and surrounding areas, possibly supplemented by a nearby spring.</p>]]></description>
        <styleUrl>#style_Iron_Age_II</styleUrl>
        <ExtendedData>
          <Data name="Site_Name"><value>Khirbet Abu et-Twein</value></Data>
          <Data name="Hebrew_Name"><value>חורבת אבו א-טווין</value></Data>
          <Data name="Era"><value>09. Iron Age II (-1000 to -586 BCE)</value></Data>
          <Data name="Installation_Type"><value>Plastered Cistern</value></Data>
          <Data name="Region"><value>Negev</value></Data>
          <Data name="Location_Precision"><value>Tier 1: High Precision (Pinpoint Well/Installation &lt; 50m)</value></Data>
          <Data name="Dates"><value>-1000 to -586 BCE</value></Data>
          <Data name="Chapter_Section"><value>2.9.29</value></Data>
          <Data name="Dissertation_Pages"><value>165, 166, 191</value></Data>
          <Data name="Description"><value>Cisterns or pools were found at Ibn Tuwayn, dated to the Iron Age II period. A large rock-cut cistern, located 5m outside the SW corner of the fortress, dated to the 9th-7th century BCE. It has a heart-shaped plan, measuring 11.95x7.7m with a current depth of 1.7m (estimated original 4m), and an estimated volume of 250 cubic meters. It features a square opening and two layers of plaster, collecting runoff from the fortress and surrounding areas, possibly supplemented by a nearby spring.</value></Data>
        </ExtendedData>
        <Point>
          <coordinates>35.1058,31.6492,0</coordinates>
        </Point>
      </Placemark>
      <Placemark>
        <name>Khirbet Abu Tabaq (Kerem Atrad) (ח&apos;רבת אבו טבק (כרם עטרד))</name>
        <description><![CDATA[<h3>Khirbet Abu Tabaq (Kerem Atrad) (ח&apos;רבת אבו טבק (כרם עטרד))</h3>
<p><b>Period:</b> 09. Iron Age II (-1000 to -586 BCE)</p>
<p><b>Installation Type:</b> Spring Cave Capture</p>
<p><b>Location Precision:</b> Tier 1: High Precision (Pinpoint Well/Installation &lt; 50m)</p>
<p><b>Region:</b> Judean Desert</p>
<p><b>Dissertation Reference:</b> §2.9.30 (Pages 166, 167)</p>
<hr/>
<p><b>Archaeological Description (09. Iron Age II):</b></p>
<p>The Abu Tabaq Cave, located at the foot of the fortress, served as a reservoir. It is 35m long, 7m wide, and 5m high, with a built entrance and steps leading inside. A rock-cut cistern, 18m from the Abu Tabaq Cave, approximately 6m deep with a 1m diameter opening. It is located beneath the fortress, suggesting a shaft for drawing water from within the fortification.</p>]]></description>
        <styleUrl>#style_Iron_Age_II</styleUrl>
        <ExtendedData>
          <Data name="Site_Name"><value>Khirbet Abu Tabaq (Kerem Atrad)</value></Data>
          <Data name="Hebrew_Name"><value>ח&apos;רבת אבו טבק (כרם עטרד)</value></Data>
          <Data name="Era"><value>09. Iron Age II (-1000 to -586 BCE)</value></Data>
          <Data name="Installation_Type"><value>Spring Cave Capture</value></Data>
          <Data name="Region"><value>Judean Desert</value></Data>
          <Data name="Location_Precision"><value>Tier 1: High Precision (Pinpoint Well/Installation &lt; 50m)</value></Data>
          <Data name="Dates"><value>-1000 to -586 BCE</value></Data>
          <Data name="Chapter_Section"><value>2.9.30</value></Data>
          <Data name="Dissertation_Pages"><value>166, 167</value></Data>
          <Data name="Description"><value>The Abu Tabaq Cave, located at the foot of the fortress, served as a reservoir. It is 35m long, 7m wide, and 5m high, with a built entrance and steps leading inside. A rock-cut cistern, 18m from the Abu Tabaq Cave, approximately 6m deep with a 1m diameter opening. It is located beneath the fortress, suggesting a shaft for drawing water from within the fortification.</value></Data>
        </ExtendedData>
        <Point>
          <coordinates>35.40537,31.74133,0</coordinates>
        </Point>
      </Placemark>
      <Placemark>
        <name>Khirbet Bint-Barr (חורבת בנת בר)</name>
        <description><![CDATA[<h3>Khirbet Bint-Barr (חורבת בנת בר)</h3>
<p><b>Period:</b> 09. Iron Age II (-1000 to -586 BCE)</p>
<p><b>Installation Type:</b> Plastered Cistern</p>
<p><b>Location Precision:</b> Tier 1: High Precision (Pinpoint Well/Installation &lt; 50m)</p>
<p><b>Region:</b> Negev</p>
<p><b>Dissertation Reference:</b> §2.9.21 (Pages 162, 191)</p>
<hr/>
<p><b>Archaeological Description (09. Iron Age II):</b></p>
<p>Cisterns or pools were found at Bannat Bar, dated to the Iron Age II period. A rectangular plastered cistern (approx. 4x3m, 3.5m deep, 40 cubic meters) with Iron Age plaster, and two bell-shaped cisterns (one 3.5m diameter/depth, 23 cubic meters; another 6m diameter, 3m deep, 56 cubic meters) were identified, dating to the 8th century BCE.</p>]]></description>
        <styleUrl>#style_Iron_Age_II</styleUrl>
        <ExtendedData>
          <Data name="Site_Name"><value>Khirbet Bint-Barr</value></Data>
          <Data name="Hebrew_Name"><value>חורבת בנת בר</value></Data>
          <Data name="Era"><value>09. Iron Age II (-1000 to -586 BCE)</value></Data>
          <Data name="Installation_Type"><value>Plastered Cistern</value></Data>
          <Data name="Region"><value>Negev</value></Data>
          <Data name="Location_Precision"><value>Tier 1: High Precision (Pinpoint Well/Installation &lt; 50m)</value></Data>
          <Data name="Dates"><value>-1000 to -586 BCE</value></Data>
          <Data name="Chapter_Section"><value>2.9.21</value></Data>
          <Data name="Dissertation_Pages"><value>162, 191</value></Data>
          <Data name="Description"><value>Cisterns or pools were found at Bannat Bar, dated to the Iron Age II period. A rectangular plastered cistern (approx. 4x3m, 3.5m deep, 40 cubic meters) with Iron Age plaster, and two bell-shaped cisterns (one 3.5m diameter/depth, 23 cubic meters; another 6m diameter, 3m deep, 56 cubic meters) were identified, dating to the 8th century BCE.</value></Data>
        </ExtendedData>
        <Point>
          <coordinates>35.05254,32.06171,0</coordinates>
        </Point>
      </Placemark>
      <Placemark>
        <name>Khirbet Deir es-Sidd (חורבת דיר א-סיד)</name>
        <description><![CDATA[<h3>Khirbet Deir es-Sidd (חורבת דיר א-סיד)</h3>
<p><b>Period:</b> 09. Iron Age II (-1000 to -586 BCE)</p>
<p><b>Installation Type:</b> Plastered Cistern</p>
<p><b>Location Precision:</b> Tier 1: High Precision (Pinpoint Well/Installation &lt; 50m)</p>
<p><b>Region:</b> Judean Hills</p>
<p><b>Dissertation Reference:</b> §2.9.25 (Pages 164, 191)</p>
<hr/>
<p><b>Archaeological Description (09. Iron Age II):</b></p>
<p>Rock-cut cisterns with channels leading to them were found on the steep slopes of this extensive settlement. These cisterns were used during the Iron Age II and continued into the Second Temple period. Cisterns or pools were found at Deir es-Sid, dated to the Iron Age II period.</p>]]></description>
        <styleUrl>#style_Iron_Age_II</styleUrl>
        <ExtendedData>
          <Data name="Site_Name"><value>Khirbet Deir es-Sidd</value></Data>
          <Data name="Hebrew_Name"><value>חורבת דיר א-סיד</value></Data>
          <Data name="Era"><value>09. Iron Age II (-1000 to -586 BCE)</value></Data>
          <Data name="Installation_Type"><value>Plastered Cistern</value></Data>
          <Data name="Region"><value>Judean Hills</value></Data>
          <Data name="Location_Precision"><value>Tier 1: High Precision (Pinpoint Well/Installation &lt; 50m)</value></Data>
          <Data name="Dates"><value>-1000 to -586 BCE</value></Data>
          <Data name="Chapter_Section"><value>2.9.25</value></Data>
          <Data name="Dissertation_Pages"><value>164, 191</value></Data>
          <Data name="Description"><value>Rock-cut cisterns with channels leading to them were found on the steep slopes of this extensive settlement. These cisterns were used during the Iron Age II and continued into the Second Temple period. Cisterns or pools were found at Deir es-Sid, dated to the Iron Age II period.</value></Data>
        </ExtendedData>
        <Point>
          <coordinates>35.13769,31.62889,0</coordinates>
        </Point>
      </Placemark>
      <Placemark>
        <name>Khirbet el-Khuwwakh (Etam) (ח&apos;רבת אל-ח&apos;וואח (עיטם))</name>
        <description><![CDATA[<h3>Khirbet el-Khuwwakh (Etam) (ח&apos;רבת אל-ח&apos;וואח (עיטם))</h3>
<p><b>Period:</b> 09. Iron Age II (-1000 to -586 BCE)</p>
<p><b>Installation Type:</b> Water Reservoir</p>
<p><b>Location Precision:</b> Tier 1: High Precision (Pinpoint Well/Installation &lt; 50m)</p>
<p><b>Region:</b> Judean Hills</p>
<p><b>Dissertation Reference:</b> §2.9.11, Summary (186) (Pages 151, 186, 191)</p>
<hr/>
<p><b>Archaeological Description (09. Iron Age II):</b></p>
<p>A reservoir with an external feeding system was identified at Ayyats during the Iron Age II. A large natural karstic cave, 42m long, 4m wide, and 2m high, with an estimated capacity of 300 cubic meters. It was plastered with two layers of plaster dating to Iron Age II, indicating its use as a water reservoir, with an entrance for drawing water and another for collecting runoff or spring water. Listed as one of 17 sites in Iron Age II Israel with a monumental water system, likely involving a tunnel or shaft to access groundwater within the fortified city.</p>]]></description>
        <styleUrl>#style_Iron_Age_II</styleUrl>
        <ExtendedData>
          <Data name="Site_Name"><value>Khirbet el-Khuwwakh (Etam)</value></Data>
          <Data name="Hebrew_Name"><value>ח&apos;רבת אל-ח&apos;וואח (עיטם)</value></Data>
          <Data name="Era"><value>09. Iron Age II (-1000 to -586 BCE)</value></Data>
          <Data name="Installation_Type"><value>Water Reservoir</value></Data>
          <Data name="Region"><value>Judean Hills</value></Data>
          <Data name="Location_Precision"><value>Tier 1: High Precision (Pinpoint Well/Installation &lt; 50m)</value></Data>
          <Data name="Dates"><value>-1000 to -586 BCE</value></Data>
          <Data name="Chapter_Section"><value>2.9.11, Summary (186)</value></Data>
          <Data name="Dissertation_Pages"><value>151, 186, 191</value></Data>
          <Data name="Description"><value>A reservoir with an external feeding system was identified at Ayyats during the Iron Age II. A large natural karstic cave, 42m long, 4m wide, and 2m high, with an estimated capacity of 300 cubic meters. It was plastered with two layers of plaster dating to Iron Age II, indicating its use as a water reservoir, with an entrance for drawing water and another for collecting runoff or spring water. Listed as one of 17 sites in Iron Age II Israel with a monumental water system, likely involving a tunnel or shaft to access groundwater within the fortified city.</value></Data>
        </ExtendedData>
        <Point>
          <coordinates>35.18303,31.6884,0</coordinates>
        </Point>
      </Placemark>
      <Placemark>
        <name>Khirbet el-Mekari (ח&apos;רבת אל-מקארי)</name>
        <description><![CDATA[<h3>Khirbet el-Mekari (ח&apos;רבת אל-מקארי)</h3>
<p><b>Period:</b> 09. Iron Age II (-1000 to -586 BCE)</p>
<p><b>Installation Type:</b> Plastered Cistern</p>
<p><b>Location Precision:</b> Tier 1: High Precision (Pinpoint Well/Installation &lt; 50m)</p>
<p><b>Region:</b> Judean Desert</p>
<p><b>Dissertation Reference:</b> §2.9.30 (Pages 167)</p>
<hr/>
<p><b>Archaeological Description (09. Iron Age II):</b></p>
<p>Two adjacent rock-cut cisterns at Ma&apos;aghir et-Tabaqa, 200m NW of the fortress. They measure 13x8m and 15x8m, with depths of 3-4m, and likely served the Iron Age II settlement.</p>]]></description>
        <styleUrl>#style_Iron_Age_II</styleUrl>
        <ExtendedData>
          <Data name="Site_Name"><value>Khirbet el-Mekari</value></Data>
          <Data name="Hebrew_Name"><value>ח&apos;רבת אל-מקארי</value></Data>
          <Data name="Era"><value>09. Iron Age II (-1000 to -586 BCE)</value></Data>
          <Data name="Installation_Type"><value>Plastered Cistern</value></Data>
          <Data name="Region"><value>Judean Desert</value></Data>
          <Data name="Location_Precision"><value>Tier 1: High Precision (Pinpoint Well/Installation &lt; 50m)</value></Data>
          <Data name="Dates"><value>-1000 to -586 BCE</value></Data>
          <Data name="Chapter_Section"><value>2.9.30</value></Data>
          <Data name="Dissertation_Pages"><value>167</value></Data>
          <Data name="Description"><value>Two adjacent rock-cut cisterns at Ma&apos;aghir et-Tabaqa, 200m NW of the fortress. They measure 13x8m and 15x8m, with depths of 3-4m, and likely served the Iron Age II settlement.</value></Data>
        </ExtendedData>
        <Point>
          <coordinates>35.38258,31.70102,0</coordinates>
        </Point>
      </Placemark>
      <Placemark>
        <name>Khirbet Halukim (חורבת חלוקים)</name>
        <description><![CDATA[<h3>Khirbet Halukim (חורבת חלוקים)</h3>
<p><b>Period:</b> 09. Iron Age II (-1000 to -586 BCE)</p>
<p><b>Installation Type:</b> Deep Well</p>
<p><b>Location Precision:</b> Tier 1: High Precision (Pinpoint Well/Installation &lt; 50m)</p>
<p><b>Region:</b> Negev</p>
<p><b>Dissertation Reference:</b> §2.9.36 (Pages 171)</p>
<hr/>
<p><b>Archaeological Description (09. Iron Age II):</b></p>
<p>Two open cisterns, part of the Iron Age II water supply in the Negev Highlands. One cistern has a volume of approximately 300 cubic meters.</p>]]></description>
        <styleUrl>#style_Iron_Age_II</styleUrl>
        <ExtendedData>
          <Data name="Site_Name"><value>Khirbet Halukim</value></Data>
          <Data name="Hebrew_Name"><value>חורבת חלוקים</value></Data>
          <Data name="Era"><value>09. Iron Age II (-1000 to -586 BCE)</value></Data>
          <Data name="Installation_Type"><value>Deep Well</value></Data>
          <Data name="Region"><value>Negev</value></Data>
          <Data name="Location_Precision"><value>Tier 1: High Precision (Pinpoint Well/Installation &lt; 50m)</value></Data>
          <Data name="Dates"><value>-1000 to -586 BCE</value></Data>
          <Data name="Chapter_Section"><value>2.9.36</value></Data>
          <Data name="Dissertation_Pages"><value>171</value></Data>
          <Data name="Description"><value>Two open cisterns, part of the Iron Age II water supply in the Negev Highlands. One cistern has a volume of approximately 300 cubic meters.</value></Data>
        </ExtendedData>
        <Point>
          <coordinates>34.8005,30.9004,0</coordinates>
        </Point>
      </Placemark>
      <Placemark>
        <name>Khirbet Marjameh (חורבת מרג&apos;מה)</name>
        <description><![CDATA[<h3>Khirbet Marjameh (חורבת מרג&apos;מה)</h3>
<p><b>Period:</b> 09. Iron Age II (-1000 to -586 BCE)</p>
<p><b>Installation Type:</b> Plastered Cistern</p>
<p><b>Location Precision:</b> Tier 1: High Precision (Pinpoint Well/Installation &lt; 50m)</p>
<p><b>Region:</b> Samaria</p>
<p><b>Dissertation Reference:</b> §2.9.22 (Pages 162, 191)</p>
<hr/>
<p><b>Archaeological Description (09. Iron Age II):</b></p>
<p>A rock-cut cistern opening was found near the 8th-century BCE fortifications, though its size and plaster type are unknown. The primary water source for the city was the large Ein Samia spring nearby. Cisterns or pools were found at Qala&apos; Marjama, dated to the Iron Age II period.</p>]]></description>
        <styleUrl>#style_Iron_Age_II</styleUrl>
        <ExtendedData>
          <Data name="Site_Name"><value>Khirbet Marjameh</value></Data>
          <Data name="Hebrew_Name"><value>חורבת מרג&apos;מה</value></Data>
          <Data name="Era"><value>09. Iron Age II (-1000 to -586 BCE)</value></Data>
          <Data name="Installation_Type"><value>Plastered Cistern</value></Data>
          <Data name="Region"><value>Samaria</value></Data>
          <Data name="Location_Precision"><value>Tier 1: High Precision (Pinpoint Well/Installation &lt; 50m)</value></Data>
          <Data name="Dates"><value>-1000 to -586 BCE</value></Data>
          <Data name="Chapter_Section"><value>2.9.22</value></Data>
          <Data name="Dissertation_Pages"><value>162, 191</value></Data>
          <Data name="Description"><value>A rock-cut cistern opening was found near the 8th-century BCE fortifications, though its size and plaster type are unknown. The primary water source for the city was the large Ein Samia spring nearby. Cisterns or pools were found at Qala&apos; Marjama, dated to the Iron Age II period.</value></Data>
        </ExtendedData>
        <Point>
          <coordinates>35.3425,32.0158,0</coordinates>
        </Point>
      </Placemark>
      <Placemark>
        <name>Khirbet Meshura (חורבת משורה)</name>
        <description><![CDATA[<h3>Khirbet Meshura (חורבת משורה)</h3>
<p><b>Period:</b> 09. Iron Age II (-1000 to -586 BCE)</p>
<p><b>Installation Type:</b> Plastered Cistern</p>
<p><b>Location Precision:</b> Tier 1: High Precision (Pinpoint Well/Installation &lt; 50m)</p>
<p><b>Region:</b> Negev</p>
<p><b>Dissertation Reference:</b> §2.9.36 (Pages 171)</p>
<hr/>
<p><b>Archaeological Description (09. Iron Age II):</b></p>
<p>Three rock-cut cisterns, part of the Iron Age II water supply in the Negev Highlands, designed to store water.</p>]]></description>
        <styleUrl>#style_Iron_Age_II</styleUrl>
        <ExtendedData>
          <Data name="Site_Name"><value>Khirbet Meshura</value></Data>
          <Data name="Hebrew_Name"><value>חורבת משורה</value></Data>
          <Data name="Era"><value>09. Iron Age II (-1000 to -586 BCE)</value></Data>
          <Data name="Installation_Type"><value>Plastered Cistern</value></Data>
          <Data name="Region"><value>Negev</value></Data>
          <Data name="Location_Precision"><value>Tier 1: High Precision (Pinpoint Well/Installation &lt; 50m)</value></Data>
          <Data name="Dates"><value>-1000 to -586 BCE</value></Data>
          <Data name="Chapter_Section"><value>2.9.36</value></Data>
          <Data name="Dissertation_Pages"><value>171</value></Data>
          <Data name="Description"><value>Three rock-cut cisterns, part of the Iron Age II water supply in the Negev Highlands, designed to store water.</value></Data>
        </ExtendedData>
        <Point>
          <coordinates>34.7525,30.9458,0</coordinates>
        </Point>
      </Placemark>
      <Placemark>
        <name>Khirbet Raddana (חורבת רדנה)</name>
        <description><![CDATA[<h3>Khirbet Raddana (חורבת רדנה)</h3>
<p><b>Period:</b> 09. Iron Age II (-1000 to -586 BCE)</p>
<p><b>Installation Type:</b> Plastered Cistern</p>
<p><b>Location Precision:</b> Tier 1: High Precision (Pinpoint Well/Installation &lt; 50m)</p>
<p><b>Region:</b> Judean Hills</p>
<p><b>Dissertation Reference:</b> § (Pages 191)</p>
<hr/>
<p><b>Archaeological Description (09. Iron Age II):</b></p>
<p>Cisterns or pools were found at Khirbet Raddana, dated to the Iron Age II period.</p>]]></description>
        <styleUrl>#style_Iron_Age_II</styleUrl>
        <ExtendedData>
          <Data name="Site_Name"><value>Khirbet Raddana</value></Data>
          <Data name="Hebrew_Name"><value>חורבת רדנה</value></Data>
          <Data name="Era"><value>09. Iron Age II (-1000 to -586 BCE)</value></Data>
          <Data name="Installation_Type"><value>Plastered Cistern</value></Data>
          <Data name="Region"><value>Judean Hills</value></Data>
          <Data name="Location_Precision"><value>Tier 1: High Precision (Pinpoint Well/Installation &lt; 50m)</value></Data>
          <Data name="Dates"><value>-1000 to -586 BCE</value></Data>
          <Data name="Chapter_Section"><value></value></Data>
          <Data name="Dissertation_Pages"><value>191</value></Data>
          <Data name="Description"><value>Cisterns or pools were found at Khirbet Raddana, dated to the Iron Age II period.</value></Data>
        </ExtendedData>
        <Point>
          <coordinates>35.2083,31.9167,0</coordinates>
        </Point>
      </Placemark>
      <Placemark>
        <name>Khirbet Rahba (חורבת רחבה)</name>
        <description><![CDATA[<h3>Khirbet Rahba (חורבת רחבה)</h3>
<p><b>Period:</b> 09. Iron Age II (-1000 to -586 BCE)</p>
<p><b>Installation Type:</b> Deep Well</p>
<p><b>Location Precision:</b> Tier 1: High Precision (Pinpoint Well/Installation &lt; 50m)</p>
<p><b>Region:</b> Negev</p>
<p><b>Dissertation Reference:</b> §2.9.36 (Pages 171)</p>
<hr/>
<p><b>Archaeological Description (09. Iron Age II):</b></p>
<p>One open cistern, part of the Iron Age II water supply in the Negev Highlands, designed to collect runoff water. Two rock-cut cisterns, part of the Iron Age II water supply in the Negev Highlands, designed to store water.</p>]]></description>
        <styleUrl>#style_Iron_Age_II</styleUrl>
        <ExtendedData>
          <Data name="Site_Name"><value>Khirbet Rahba</value></Data>
          <Data name="Hebrew_Name"><value>חורבת רחבה</value></Data>
          <Data name="Era"><value>09. Iron Age II (-1000 to -586 BCE)</value></Data>
          <Data name="Installation_Type"><value>Deep Well</value></Data>
          <Data name="Region"><value>Negev</value></Data>
          <Data name="Location_Precision"><value>Tier 1: High Precision (Pinpoint Well/Installation &lt; 50m)</value></Data>
          <Data name="Dates"><value>-1000 to -586 BCE</value></Data>
          <Data name="Chapter_Section"><value>2.9.36</value></Data>
          <Data name="Dissertation_Pages"><value>171</value></Data>
          <Data name="Description"><value>One open cistern, part of the Iron Age II water supply in the Negev Highlands, designed to collect runoff water. Two rock-cut cisterns, part of the Iron Age II water supply in the Negev Highlands, designed to store water.</value></Data>
        </ExtendedData>
        <Point>
          <coordinates>34.9015,31.0195,0</coordinates>
        </Point>
      </Placemark>
      <Placemark>
        <name>Khirbet Ramat Boker (חורבת רמת בוקר)</name>
        <description><![CDATA[<h3>Khirbet Ramat Boker (חורבת רמת בוקר)</h3>
<p><b>Period:</b> 09. Iron Age II (-1000 to -586 BCE)</p>
<p><b>Installation Type:</b> Deep Well</p>
<p><b>Location Precision:</b> Tier 1: High Precision (Pinpoint Well/Installation &lt; 50m)</p>
<p><b>Region:</b> Negev</p>
<p><b>Dissertation Reference:</b> §2.9.36 (Pages 171)</p>
<hr/>
<p><b>Archaeological Description (09. Iron Age II):</b></p>
<p>One open cistern, part of the Iron Age II water supply in the Negev Highlands, designed to collect runoff water.</p>]]></description>
        <styleUrl>#style_Iron_Age_II</styleUrl>
        <ExtendedData>
          <Data name="Site_Name"><value>Khirbet Ramat Boker</value></Data>
          <Data name="Hebrew_Name"><value>חורבת רמת בוקר</value></Data>
          <Data name="Era"><value>09. Iron Age II (-1000 to -586 BCE)</value></Data>
          <Data name="Installation_Type"><value>Deep Well</value></Data>
          <Data name="Region"><value>Negev</value></Data>
          <Data name="Location_Precision"><value>Tier 1: High Precision (Pinpoint Well/Installation &lt; 50m)</value></Data>
          <Data name="Dates"><value>-1000 to -586 BCE</value></Data>
          <Data name="Chapter_Section"><value>2.9.36</value></Data>
          <Data name="Dissertation_Pages"><value>171</value></Data>
          <Data name="Description"><value>One open cistern, part of the Iron Age II water supply in the Negev Highlands, designed to collect runoff water.</value></Data>
        </ExtendedData>
        <Point>
          <coordinates>34.7953,30.9292,0</coordinates>
        </Point>
      </Placemark>
      <Placemark>
        <name>Khirbet Ratama (חורבת רתמה)</name>
        <description><![CDATA[<h3>Khirbet Ratama (חורבת רתמה)</h3>
<p><b>Period:</b> 09. Iron Age II (-1000 to -586 BCE)</p>
<p><b>Installation Type:</b> Deep Well</p>
<p><b>Location Precision:</b> Tier 1: High Precision (Pinpoint Well/Installation &lt; 50m)</p>
<p><b>Region:</b> Negev</p>
<p><b>Dissertation Reference:</b> §2.9.36 (Pages 171)</p>
<hr/>
<p><b>Archaeological Description (09. Iron Age II):</b></p>
<p>One open cistern, part of the Iron Age II water supply in the Negev Highlands, designed to collect runoff water.</p>]]></description>
        <styleUrl>#style_Iron_Age_II</styleUrl>
        <ExtendedData>
          <Data name="Site_Name"><value>Khirbet Ratama</value></Data>
          <Data name="Hebrew_Name"><value>חורבת רתמה</value></Data>
          <Data name="Era"><value>09. Iron Age II (-1000 to -586 BCE)</value></Data>
          <Data name="Installation_Type"><value>Deep Well</value></Data>
          <Data name="Region"><value>Negev</value></Data>
          <Data name="Location_Precision"><value>Tier 1: High Precision (Pinpoint Well/Installation &lt; 50m)</value></Data>
          <Data name="Dates"><value>-1000 to -586 BCE</value></Data>
          <Data name="Chapter_Section"><value>2.9.36</value></Data>
          <Data name="Dissertation_Pages"><value>171</value></Data>
          <Data name="Description"><value>One open cistern, part of the Iron Age II water supply in the Negev Highlands, designed to collect runoff water.</value></Data>
        </ExtendedData>
        <Point>
          <coordinates>34.72801,30.87235,0</coordinates>
        </Point>
      </Placemark>
      <Placemark>
        <name>Khirbet Tov (חורבת טוב)</name>
        <description><![CDATA[<h3>Khirbet Tov (חורבת טוב)</h3>
<p><b>Period:</b> 09. Iron Age II (-1000 to -586 BCE)</p>
<p><b>Installation Type:</b> Ancient City Water System</p>
<p><b>Location Precision:</b> Tier 1: High Precision (Pinpoint Well/Installation &lt; 50m)</p>
<p><b>Region:</b> Negev</p>
<p><b>Dissertation Reference:</b> §2.9.16, Summary (186) (Pages 158, 186, 187, 191)</p>
<hr/>
<p><b>Archaeological Description (09. Iron Age II):</b></p>
<p>A fortress from the 7th century BCE with a water system comprising a well (3.9m diameter and depth) located 46m from the fortress, and a channel passing through the fortress wall, likely for collecting runoff and possibly supplemented by the well. An unlocated water reservoir within the fortress is hypothesized. Listed as one of 17 sites in Iron Age II Israel with a monumental water system, likely involving a tunnel or shaft to access groundwater within the fortified city. Wells were found at Khirbet Tov, which are dated with high probability to the Iron Age II period. A reservoir with an external feeding system was possibly identified at Khirbet Tov during the Iron Age II, though its identification is noted with some uncertainty.</p>]]></description>
        <styleUrl>#style_Iron_Age_II</styleUrl>
        <ExtendedData>
          <Data name="Site_Name"><value>Khirbet Tov</value></Data>
          <Data name="Hebrew_Name"><value>חורבת טוב</value></Data>
          <Data name="Era"><value>09. Iron Age II (-1000 to -586 BCE)</value></Data>
          <Data name="Installation_Type"><value>Ancient City Water System</value></Data>
          <Data name="Region"><value>Negev</value></Data>
          <Data name="Location_Precision"><value>Tier 1: High Precision (Pinpoint Well/Installation &lt; 50m)</value></Data>
          <Data name="Dates"><value>-1000 to -586 BCE</value></Data>
          <Data name="Chapter_Section"><value>2.9.16, Summary (186)</value></Data>
          <Data name="Dissertation_Pages"><value>158, 186, 187, 191</value></Data>
          <Data name="Description"><value>A fortress from the 7th century BCE with a water system comprising a well (3.9m diameter and depth) located 46m from the fortress, and a channel passing through the fortress wall, likely for collecting runoff and possibly supplemented by the well. An unlocated water reservoir within the fortress is hypothesized. Listed as one of 17 sites in Iron Age II Israel with a monumental water system, likely involving a tunnel or shaft to access groundwater within the fortified city. Wells were found at Khirbet Tov, which are dated with high probability to the Iron Age II period. A reservoir with an external feeding system was possibly identified at Khirbet Tov during the Iron Age II, though its identification is noted with some uncertainty.</value></Data>
        </ExtendedData>
        <Point>
          <coordinates>35.08892,31.00039,0</coordinates>
        </Point>
      </Placemark>
      <Placemark>
        <name>Midas City (מידאס סיטי (פריגיה))</name>
        <description><![CDATA[<h3>Midas City (מידאס סיטי (פריגיה))</h3>
<p><b>Period:</b> 09. Iron Age II (-1000 to -586 BCE)</p>
<p><b>Installation Type:</b> Water Tunnel Shaft</p>
<p><b>Location Precision:</b> Tier 4: International Comparative Site (&lt; 100m - 1km)</p>
<p><b>Region:</b> Phrygia</p>
<p><b>Dissertation Reference:</b> §2.9.43 (Pages 177, 178, 191)</p>
<hr/>
<p><b>Archaeological Description (09. Iron Age II):</b></p>
<p>A fortified city with several tunnels and stepped passages cut into the rock, leading to springs below the city level. These systems, including a large cave-like chamber with ventilation shafts and a fountain, provided hidden access to water during sieges. A water system, cut to a spring or groundwater within the fortified city, was found at Midas City, dating to the Iron Age II.</p>]]></description>
        <styleUrl>#style_Iron_Age_II</styleUrl>
        <ExtendedData>
          <Data name="Site_Name"><value>Midas City</value></Data>
          <Data name="Hebrew_Name"><value>מידאס סיטי (פריגיה)</value></Data>
          <Data name="Era"><value>09. Iron Age II (-1000 to -586 BCE)</value></Data>
          <Data name="Installation_Type"><value>Water Tunnel Shaft</value></Data>
          <Data name="Region"><value>Phrygia</value></Data>
          <Data name="Location_Precision"><value>Tier 4: International Comparative Site (&lt; 100m - 1km)</value></Data>
          <Data name="Dates"><value>-1000 to -586 BCE</value></Data>
          <Data name="Chapter_Section"><value>2.9.43</value></Data>
          <Data name="Dissertation_Pages"><value>177, 178, 191</value></Data>
          <Data name="Description"><value>A fortified city with several tunnels and stepped passages cut into the rock, leading to springs below the city level. These systems, including a large cave-like chamber with ventilation shafts and a fountain, provided hidden access to water during sieges. A water system, cut to a spring or groundwater within the fortified city, was found at Midas City, dating to the Iron Age II.</value></Data>
        </ExtendedData>
        <Point>
          <coordinates>30.7133,39.2014,0</coordinates>
        </Point>
      </Placemark>
      <Placemark>
        <name>Migdal Nahal Sarapid (מגדל נחל סרפד)</name>
        <description><![CDATA[<h3>Migdal Nahal Sarapid (מגדל נחל סרפד)</h3>
<p><b>Period:</b> 09. Iron Age II (-1000 to -586 BCE)</p>
<p><b>Installation Type:</b> Deep Well</p>
<p><b>Location Precision:</b> Tier 1: High Precision (Pinpoint Well/Installation &lt; 50m)</p>
<p><b>Region:</b> Negev</p>
<p><b>Dissertation Reference:</b> §2.9.36 (Pages 171)</p>
<hr/>
<p><b>Archaeological Description (09. Iron Age II):</b></p>
<p>One open cistern, part of the Iron Age II water supply in the Negev Highlands, designed to collect runoff water.</p>]]></description>
        <styleUrl>#style_Iron_Age_II</styleUrl>
        <ExtendedData>
          <Data name="Site_Name"><value>Migdal Nahal Sarapid</value></Data>
          <Data name="Hebrew_Name"><value>מגדל נחל סרפד</value></Data>
          <Data name="Era"><value>09. Iron Age II (-1000 to -586 BCE)</value></Data>
          <Data name="Installation_Type"><value>Deep Well</value></Data>
          <Data name="Region"><value>Negev</value></Data>
          <Data name="Location_Precision"><value>Tier 1: High Precision (Pinpoint Well/Installation &lt; 50m)</value></Data>
          <Data name="Dates"><value>-1000 to -586 BCE</value></Data>
          <Data name="Chapter_Section"><value>2.9.36</value></Data>
          <Data name="Dissertation_Pages"><value>171</value></Data>
          <Data name="Description"><value>One open cistern, part of the Iron Age II water supply in the Negev Highlands, designed to collect runoff water.</value></Data>
        </ExtendedData>
        <Point>
          <coordinates>34.66943,30.68209,0</coordinates>
        </Point>
      </Placemark>
      <Placemark>
        <name>Mishor Haruach (מישור הרוח)</name>
        <description><![CDATA[<h3>Mishor Haruach (מישור הרוח)</h3>
<p><b>Period:</b> 09. Iron Age II (-1000 to -586 BCE)</p>
<p><b>Installation Type:</b> Deep Well</p>
<p><b>Location Precision:</b> Tier 1: High Precision (Pinpoint Well/Installation &lt; 50m)</p>
<p><b>Region:</b> Negev</p>
<p><b>Dissertation Reference:</b> §2.9.36 (Pages 171)</p>
<hr/>
<p><b>Archaeological Description (09. Iron Age II):</b></p>
<p>One open cistern, part of the Iron Age II water supply in the Negev Highlands, designed to collect runoff water.</p>]]></description>
        <styleUrl>#style_Iron_Age_II</styleUrl>
        <ExtendedData>
          <Data name="Site_Name"><value>Mishor Haruach</value></Data>
          <Data name="Hebrew_Name"><value>מישור הרוח</value></Data>
          <Data name="Era"><value>09. Iron Age II (-1000 to -586 BCE)</value></Data>
          <Data name="Installation_Type"><value>Deep Well</value></Data>
          <Data name="Region"><value>Negev</value></Data>
          <Data name="Location_Precision"><value>Tier 1: High Precision (Pinpoint Well/Installation &lt; 50m)</value></Data>
          <Data name="Dates"><value>-1000 to -586 BCE</value></Data>
          <Data name="Chapter_Section"><value>2.9.36</value></Data>
          <Data name="Dissertation_Pages"><value>171</value></Data>
          <Data name="Description"><value>One open cistern, part of the Iron Age II water supply in the Negev Highlands, designed to collect runoff water.</value></Data>
        </ExtendedData>
        <Point>
          <coordinates>34.7805,30.60364,0</coordinates>
        </Point>
      </Placemark>
      <Placemark>
        <name>Mitzad Har Hamat (מצודת הר חמת)</name>
        <description><![CDATA[<h3>Mitzad Har Hamat (מצודת הר חמת)</h3>
<p><b>Period:</b> 09. Iron Age II (-1000 to -586 BCE)</p>
<p><b>Installation Type:</b> Deep Well</p>
<p><b>Location Precision:</b> Tier 1: High Precision (Pinpoint Well/Installation &lt; 50m)</p>
<p><b>Region:</b> Negev</p>
<p><b>Dissertation Reference:</b> §2.9.36 (Pages 171)</p>
<hr/>
<p><b>Archaeological Description (09. Iron Age II):</b></p>
<p>One open cistern, part of the Iron Age II water supply in the Negev Highlands, designed to collect runoff water.</p>]]></description>
        <styleUrl>#style_Iron_Age_II</styleUrl>
        <ExtendedData>
          <Data name="Site_Name"><value>Mitzad Har Hamat</value></Data>
          <Data name="Hebrew_Name"><value>מצודת הר חמת</value></Data>
          <Data name="Era"><value>09. Iron Age II (-1000 to -586 BCE)</value></Data>
          <Data name="Installation_Type"><value>Deep Well</value></Data>
          <Data name="Region"><value>Negev</value></Data>
          <Data name="Location_Precision"><value>Tier 1: High Precision (Pinpoint Well/Installation &lt; 50m)</value></Data>
          <Data name="Dates"><value>-1000 to -586 BCE</value></Data>
          <Data name="Chapter_Section"><value>2.9.36</value></Data>
          <Data name="Dissertation_Pages"><value>171</value></Data>
          <Data name="Description"><value>One open cistern, part of the Iron Age II water supply in the Negev Highlands, designed to collect runoff water.</value></Data>
        </ExtendedData>
        <Point>
          <coordinates>34.7225,30.6225,0</coordinates>
        </Point>
      </Placemark>
      <Placemark>
        <name>Mitzad Har Raviv (מצד הר רביב)</name>
        <description><![CDATA[<h3>Mitzad Har Raviv (מצד הר רביב)</h3>
<p><b>Period:</b> 09. Iron Age II (-1000 to -586 BCE)</p>
<p><b>Installation Type:</b> Deep Well</p>
<p><b>Location Precision:</b> Tier 1: High Precision (Pinpoint Well/Installation &lt; 50m)</p>
<p><b>Region:</b> Negev</p>
<p><b>Dissertation Reference:</b> §2.9.36 (Pages 171)</p>
<hr/>
<p><b>Archaeological Description (09. Iron Age II):</b></p>
<p>One open cistern, part of the Iron Age II water supply in the Negev Highlands, designed to collect runoff water.</p>]]></description>
        <styleUrl>#style_Iron_Age_II</styleUrl>
        <ExtendedData>
          <Data name="Site_Name"><value>Mitzad Har Raviv</value></Data>
          <Data name="Hebrew_Name"><value>מצד הר רביב</value></Data>
          <Data name="Era"><value>09. Iron Age II (-1000 to -586 BCE)</value></Data>
          <Data name="Installation_Type"><value>Deep Well</value></Data>
          <Data name="Region"><value>Negev</value></Data>
          <Data name="Location_Precision"><value>Tier 1: High Precision (Pinpoint Well/Installation &lt; 50m)</value></Data>
          <Data name="Dates"><value>-1000 to -586 BCE</value></Data>
          <Data name="Chapter_Section"><value>2.9.36</value></Data>
          <Data name="Dissertation_Pages"><value>171</value></Data>
          <Data name="Description"><value>One open cistern, part of the Iron Age II water supply in the Negev Highlands, designed to collect runoff water.</value></Data>
        </ExtendedData>
        <Point>
          <coordinates>34.67761,30.90211,0</coordinates>
        </Point>
      </Placemark>
      <Placemark>
        <name>Mitzad Hatira (מצודת חתירה)</name>
        <description><![CDATA[<h3>Mitzad Hatira (מצודת חתירה)</h3>
<p><b>Period:</b> 09. Iron Age II (-1000 to -586 BCE)</p>
<p><b>Installation Type:</b> Deep Well</p>
<p><b>Location Precision:</b> Tier 1: High Precision (Pinpoint Well/Installation &lt; 50m)</p>
<p><b>Region:</b> Negev</p>
<p><b>Dissertation Reference:</b> §2.9.36 (Pages 171)</p>
<hr/>
<p><b>Archaeological Description (09. Iron Age II):</b></p>
<p>One open cistern, part of the Iron Age II water supply in the Negev Highlands, designed to collect runoff water.</p>]]></description>
        <styleUrl>#style_Iron_Age_II</styleUrl>
        <ExtendedData>
          <Data name="Site_Name"><value>Mitzad Hatira</value></Data>
          <Data name="Hebrew_Name"><value>מצודת חתירה</value></Data>
          <Data name="Era"><value>09. Iron Age II (-1000 to -586 BCE)</value></Data>
          <Data name="Installation_Type"><value>Deep Well</value></Data>
          <Data name="Region"><value>Negev</value></Data>
          <Data name="Location_Precision"><value>Tier 1: High Precision (Pinpoint Well/Installation &lt; 50m)</value></Data>
          <Data name="Dates"><value>-1000 to -586 BCE</value></Data>
          <Data name="Chapter_Section"><value>2.9.36</value></Data>
          <Data name="Dissertation_Pages"><value>171</value></Data>
          <Data name="Description"><value>One open cistern, part of the Iron Age II water supply in the Negev Highlands, designed to collect runoff water.</value></Data>
        </ExtendedData>
        <Point>
          <coordinates>34.94233,30.95531,0</coordinates>
        </Point>
      </Placemark>
      <Placemark>
        <name>Mitzad Nahal Akrav (מצודת נחל עקרב)</name>
        <description><![CDATA[<h3>Mitzad Nahal Akrav (מצודת נחל עקרב)</h3>
<p><b>Period:</b> 09. Iron Age II (-1000 to -586 BCE)</p>
<p><b>Installation Type:</b> Deep Well</p>
<p><b>Location Precision:</b> Tier 1: High Precision (Pinpoint Well/Installation &lt; 50m)</p>
<p><b>Region:</b> Negev</p>
<p><b>Dissertation Reference:</b> §2.9.36 (Pages 171)</p>
<hr/>
<p><b>Archaeological Description (09. Iron Age II):</b></p>
<p>One open cistern (possibly two), part of the Iron Age II water supply in the Negev Highlands, designed to collect runoff water.</p>]]></description>
        <styleUrl>#style_Iron_Age_II</styleUrl>
        <ExtendedData>
          <Data name="Site_Name"><value>Mitzad Nahal Akrav</value></Data>
          <Data name="Hebrew_Name"><value>מצודת נחל עקרב</value></Data>
          <Data name="Era"><value>09. Iron Age II (-1000 to -586 BCE)</value></Data>
          <Data name="Installation_Type"><value>Deep Well</value></Data>
          <Data name="Region"><value>Negev</value></Data>
          <Data name="Location_Precision"><value>Tier 1: High Precision (Pinpoint Well/Installation &lt; 50m)</value></Data>
          <Data name="Dates"><value>-1000 to -586 BCE</value></Data>
          <Data name="Chapter_Section"><value>2.9.36</value></Data>
          <Data name="Dissertation_Pages"><value>171</value></Data>
          <Data name="Description"><value>One open cistern (possibly two), part of the Iron Age II water supply in the Negev Highlands, designed to collect runoff water.</value></Data>
        </ExtendedData>
        <Point>
          <coordinates>34.63682,30.65745,0</coordinates>
        </Point>
      </Placemark>
      <Placemark>
        <name>Mitzad Nahal Boker (מצד נחל בוקר)</name>
        <description><![CDATA[<h3>Mitzad Nahal Boker (מצד נחל בוקר)</h3>
<p><b>Period:</b> 09. Iron Age II (-1000 to -586 BCE)</p>
<p><b>Installation Type:</b> Deep Well</p>
<p><b>Location Precision:</b> Tier 1: High Precision (Pinpoint Well/Installation &lt; 50m)</p>
<p><b>Region:</b> Negev</p>
<p><b>Dissertation Reference:</b> §2.9.36 (Pages 171)</p>
<hr/>
<p><b>Archaeological Description (09. Iron Age II):</b></p>
<p>One open cistern, part of the Iron Age II water supply in the Negev Highlands, designed to collect runoff water. Two rock-cut cisterns, part of the Iron Age II water supply in the Negev Highlands, designed to store water.</p>]]></description>
        <styleUrl>#style_Iron_Age_II</styleUrl>
        <ExtendedData>
          <Data name="Site_Name"><value>Mitzad Nahal Boker</value></Data>
          <Data name="Hebrew_Name"><value>מצד נחל בוקר</value></Data>
          <Data name="Era"><value>09. Iron Age II (-1000 to -586 BCE)</value></Data>
          <Data name="Installation_Type"><value>Deep Well</value></Data>
          <Data name="Region"><value>Negev</value></Data>
          <Data name="Location_Precision"><value>Tier 1: High Precision (Pinpoint Well/Installation &lt; 50m)</value></Data>
          <Data name="Dates"><value>-1000 to -586 BCE</value></Data>
          <Data name="Chapter_Section"><value>2.9.36</value></Data>
          <Data name="Dissertation_Pages"><value>171</value></Data>
          <Data name="Description"><value>One open cistern, part of the Iron Age II water supply in the Negev Highlands, designed to collect runoff water. Two rock-cut cisterns, part of the Iron Age II water supply in the Negev Highlands, designed to store water.</value></Data>
        </ExtendedData>
        <Point>
          <coordinates>34.8063,30.92194,0</coordinates>
        </Point>
      </Placemark>
      <Placemark>
        <name>Mitzad Nahal Ela (מצד נחל אלה)</name>
        <description><![CDATA[<h3>Mitzad Nahal Ela (מצד נחל אלה)</h3>
<p><b>Period:</b> 09. Iron Age II (-1000 to -586 BCE)</p>
<p><b>Installation Type:</b> Deep Well</p>
<p><b>Location Precision:</b> Tier 1: High Precision (Pinpoint Well/Installation &lt; 50m)</p>
<p><b>Region:</b> Negev</p>
<p><b>Dissertation Reference:</b> §2.9.36 (Pages 171)</p>
<hr/>
<p><b>Archaeological Description (09. Iron Age II):</b></p>
<p>Two open cisterns, part of the Iron Age II water supply in the Negev Highlands, designed to collect runoff water.</p>]]></description>
        <styleUrl>#style_Iron_Age_II</styleUrl>
        <ExtendedData>
          <Data name="Site_Name"><value>Mitzad Nahal Ela</value></Data>
          <Data name="Hebrew_Name"><value>מצד נחל אלה</value></Data>
          <Data name="Era"><value>09. Iron Age II (-1000 to -586 BCE)</value></Data>
          <Data name="Installation_Type"><value>Deep Well</value></Data>
          <Data name="Region"><value>Negev</value></Data>
          <Data name="Location_Precision"><value>Tier 1: High Precision (Pinpoint Well/Installation &lt; 50m)</value></Data>
          <Data name="Dates"><value>-1000 to -586 BCE</value></Data>
          <Data name="Chapter_Section"><value>2.9.36</value></Data>
          <Data name="Dissertation_Pages"><value>171</value></Data>
          <Data name="Description"><value>Two open cisterns, part of the Iron Age II water supply in the Negev Highlands, designed to collect runoff water.</value></Data>
        </ExtendedData>
        <Point>
          <coordinates>34.67651,30.72447,0</coordinates>
        </Point>
      </Placemark>
      <Placemark>
        <name>Mitzad Nahal Tzana (מצד נחל צנע)</name>
        <description><![CDATA[<h3>Mitzad Nahal Tzana (מצד נחל צנע)</h3>
<p><b>Period:</b> 09. Iron Age II (-1000 to -586 BCE)</p>
<p><b>Installation Type:</b> Deep Well</p>
<p><b>Location Precision:</b> Tier 1: High Precision (Pinpoint Well/Installation &lt; 50m)</p>
<p><b>Region:</b> Negev</p>
<p><b>Dissertation Reference:</b> §2.9.36 (Pages 171)</p>
<hr/>
<p><b>Archaeological Description (09. Iron Age II):</b></p>
<p>Four open cisterns, part of the Iron Age II water supply in the Negev Highlands, designed to collect runoff water.</p>]]></description>
        <styleUrl>#style_Iron_Age_II</styleUrl>
        <ExtendedData>
          <Data name="Site_Name"><value>Mitzad Nahal Tzana</value></Data>
          <Data name="Hebrew_Name"><value>מצד נחל צנע</value></Data>
          <Data name="Era"><value>09. Iron Age II (-1000 to -586 BCE)</value></Data>
          <Data name="Installation_Type"><value>Deep Well</value></Data>
          <Data name="Region"><value>Negev</value></Data>
          <Data name="Location_Precision"><value>Tier 1: High Precision (Pinpoint Well/Installation &lt; 50m)</value></Data>
          <Data name="Dates"><value>-1000 to -586 BCE</value></Data>
          <Data name="Chapter_Section"><value>2.9.36</value></Data>
          <Data name="Dissertation_Pages"><value>171</value></Data>
          <Data name="Description"><value>Four open cisterns, part of the Iron Age II water supply in the Negev Highlands, designed to collect runoff water.</value></Data>
        </ExtendedData>
        <Point>
          <coordinates>34.8775,30.7938,0</coordinates>
        </Point>
      </Placemark>
      <Placemark>
        <name>Mitzad Sarapid (מצד סרפד)</name>
        <description><![CDATA[<h3>Mitzad Sarapid (מצד סרפד)</h3>
<p><b>Period:</b> 09. Iron Age II (-1000 to -586 BCE)</p>
<p><b>Installation Type:</b> Deep Well</p>
<p><b>Location Precision:</b> Tier 1: High Precision (Pinpoint Well/Installation &lt; 50m)</p>
<p><b>Region:</b> Negev</p>
<p><b>Dissertation Reference:</b> §2.9.36 (Pages 171)</p>
<hr/>
<p><b>Archaeological Description (09. Iron Age II):</b></p>
<p>One open cistern, part of the Iron Age II water supply in the Negev Highlands, designed to collect runoff water. Two rock-cut cisterns, part of the Iron Age II water supply in the Negev Highlands, designed to store water.</p>]]></description>
        <styleUrl>#style_Iron_Age_II</styleUrl>
        <ExtendedData>
          <Data name="Site_Name"><value>Mitzad Sarapid</value></Data>
          <Data name="Hebrew_Name"><value>מצד סרפד</value></Data>
          <Data name="Era"><value>09. Iron Age II (-1000 to -586 BCE)</value></Data>
          <Data name="Installation_Type"><value>Deep Well</value></Data>
          <Data name="Region"><value>Negev</value></Data>
          <Data name="Location_Precision"><value>Tier 1: High Precision (Pinpoint Well/Installation &lt; 50m)</value></Data>
          <Data name="Dates"><value>-1000 to -586 BCE</value></Data>
          <Data name="Chapter_Section"><value>2.9.36</value></Data>
          <Data name="Dissertation_Pages"><value>171</value></Data>
          <Data name="Description"><value>One open cistern, part of the Iron Age II water supply in the Negev Highlands, designed to collect runoff water. Two rock-cut cisterns, part of the Iron Age II water supply in the Negev Highlands, designed to store water.</value></Data>
        </ExtendedData>
        <Point>
          <coordinates>34.67255,30.68389,0</coordinates>
        </Point>
      </Placemark>
      <Placemark>
        <name>Mycenae (מיקנה (יוון))</name>
        <description><![CDATA[<h3>Mycenae (מיקנה (יוון))</h3>
<p><b>Period:</b> 09. Iron Age II (-1000 to -586 BCE)</p>
<p><b>Installation Type:</b> Water Tunnel Shaft</p>
<p><b>Location Precision:</b> Tier 4: International Comparative Site (&lt; 100m - 1km)</p>
<p><b>Region:</b> Greece</p>
<p><b>Dissertation Reference:</b> § (Pages 191)</p>
<hr/>
<p><b>Archaeological Description (09. Iron Age II):</b></p>
<p>A water system, cut to a spring or groundwater within the fortified city, was found at Mycenae, dating to the Iron Age II.</p>]]></description>
        <styleUrl>#style_Iron_Age_II</styleUrl>
        <ExtendedData>
          <Data name="Site_Name"><value>Mycenae</value></Data>
          <Data name="Hebrew_Name"><value>מיקנה (יוון)</value></Data>
          <Data name="Era"><value>09. Iron Age II (-1000 to -586 BCE)</value></Data>
          <Data name="Installation_Type"><value>Water Tunnel Shaft</value></Data>
          <Data name="Region"><value>Greece</value></Data>
          <Data name="Location_Precision"><value>Tier 4: International Comparative Site (&lt; 100m - 1km)</value></Data>
          <Data name="Dates"><value>-1000 to -586 BCE</value></Data>
          <Data name="Chapter_Section"><value></value></Data>
          <Data name="Dissertation_Pages"><value>191</value></Data>
          <Data name="Description"><value>A water system, cut to a spring or groundwater within the fortified city, was found at Mycenae, dating to the Iron Age II.</value></Data>
        </ExtendedData>
        <Point>
          <coordinates>22.7567,37.7307,0</coordinates>
        </Point>
      </Placemark>
      <Placemark>
        <name>Nessana (נצנה)</name>
        <description><![CDATA[<h3>Nessana (נצנה)</h3>
<p><b>Period:</b> 09. Iron Age II (-1000 to -586 BCE)</p>
<p><b>Installation Type:</b> Plastered Cistern</p>
<p><b>Location Precision:</b> Tier 1: High Precision (Pinpoint Well/Installation &lt; 50m)</p>
<p><b>Region:</b> Negev</p>
<p><b>Dissertation Reference:</b> § (Pages 191)</p>
<hr/>
<p><b>Archaeological Description (09. Iron Age II):</b></p>
<p>Cisterns or pools were found at Nessana, dated to the Iron Age II period.</p>]]></description>
        <styleUrl>#style_Iron_Age_II</styleUrl>
        <ExtendedData>
          <Data name="Site_Name"><value>Nessana</value></Data>
          <Data name="Hebrew_Name"><value>נצנה</value></Data>
          <Data name="Era"><value>09. Iron Age II (-1000 to -586 BCE)</value></Data>
          <Data name="Installation_Type"><value>Plastered Cistern</value></Data>
          <Data name="Region"><value>Negev</value></Data>
          <Data name="Location_Precision"><value>Tier 1: High Precision (Pinpoint Well/Installation &lt; 50m)</value></Data>
          <Data name="Dates"><value>-1000 to -586 BCE</value></Data>
          <Data name="Chapter_Section"><value></value></Data>
          <Data name="Dissertation_Pages"><value>191</value></Data>
          <Data name="Description"><value>Cisterns or pools were found at Nessana, dated to the Iron Age II period.</value></Data>
        </ExtendedData>
        <Point>
          <coordinates>34.4172,30.8752,0</coordinates>
        </Point>
      </Placemark>
      <Placemark>
        <name>Nimrud (Kalhu) (נמרוד (כלח))</name>
        <description><![CDATA[<h3>Nimrud (Kalhu) (נמרוד (כלח))</h3>
<p><b>Period:</b> 09. Iron Age II (-1000 to -586 BCE)</p>
<p><b>Installation Type:</b> Deep Well</p>
<p><b>Location Precision:</b> Tier 4: International Comparative Site (&lt; 100m - 1km)</p>
<p><b>Region:</b> Mesopotamia</p>
<p><b>Dissertation Reference:</b> §2.9.44, 2.9.45 (Pages 178, 179, 180, 191)</p>
<hr/>
<p><b>Archaeological Description (09. Iron Age II):</b></p>
<p>Three deep wells were found in the Northwest Palace of Ashurnasirpal II (884-859 BCE). The well in room NN was 25.4m deep and lined with bricks, used for about 250 years, while others were found in courtyard AJ and room AB. An aqueduct, about 28 km long, was built by Ashurnasirpal II (884-859 BCE) to bring water from the Great Zab river to Nimrud. It included the Negub Tunnel, a rock-cut tunnel with shafts, which diverted water through a ridge, and is considered the oldest aqueduct in the world. An aqueduct bringing water from a distance outside the city was found at Nimrud, dating to the Iron Age II.</p>]]></description>
        <styleUrl>#style_Iron_Age_II</styleUrl>
        <ExtendedData>
          <Data name="Site_Name"><value>Nimrud (Kalhu)</value></Data>
          <Data name="Hebrew_Name"><value>נמרוד (כלח)</value></Data>
          <Data name="Era"><value>09. Iron Age II (-1000 to -586 BCE)</value></Data>
          <Data name="Installation_Type"><value>Deep Well</value></Data>
          <Data name="Region"><value>Mesopotamia</value></Data>
          <Data name="Location_Precision"><value>Tier 4: International Comparative Site (&lt; 100m - 1km)</value></Data>
          <Data name="Dates"><value>-1000 to -586 BCE</value></Data>
          <Data name="Chapter_Section"><value>2.9.44, 2.9.45</value></Data>
          <Data name="Dissertation_Pages"><value>178, 179, 180, 191</value></Data>
          <Data name="Description"><value>Three deep wells were found in the Northwest Palace of Ashurnasirpal II (884-859 BCE). The well in room NN was 25.4m deep and lined with bricks, used for about 250 years, while others were found in courtyard AJ and room AB. An aqueduct, about 28 km long, was built by Ashurnasirpal II (884-859 BCE) to bring water from the Great Zab river to Nimrud. It included the Negub Tunnel, a rock-cut tunnel with shafts, which diverted water through a ridge, and is considered the oldest aqueduct in the world. An aqueduct bringing water from a distance outside the city was found at Nimrud, dating to the Iron Age II.</value></Data>
        </ExtendedData>
        <Point>
          <coordinates>43.3283,36.0967,0</coordinates>
        </Point>
      </Placemark>
      <Placemark>
        <name>Nineveh (נינוה (אשור))</name>
        <description><![CDATA[<h3>Nineveh (נינוה (אשור))</h3>
<p><b>Period:</b> 09. Iron Age II (-1000 to -586 BCE)</p>
<p><b>Installation Type:</b> Aqueduct Channel</p>
<p><b>Location Precision:</b> Tier 4: International Comparative Site (&lt; 100m - 1km)</p>
<p><b>Region:</b> Mesopotamia</p>
<p><b>Dissertation Reference:</b> §2.9.46, 2.9.52 (Pages 180, 181, 185, 191)</p>
<hr/>
<p><b>Archaeological Description (09. Iron Age II):</b></p>
<p>Sennacherib (704-681 BCE) built extensive water systems for Nineveh, including the Kisiri Canal (16km) from the Khosr river, diverting 18 streams from the Bashiqah mountains, and the Hinis Canal (55km) from the Gomel river basin, which crossed rivers via bridges (like Jerwan) and mountains via tunnels. An Assyrian relief from the time of Ashurbanipal (668-631 BCE) depicts an aqueduct on pointed arches, similar to the Jerwan aqueduct built by Sennacherib, bringing water to a flourishing garden near Nineveh. An aqueduct bringing water from a distance outside the city was found at Nineveh, dating to the Iron Age II.</p>]]></description>
        <styleUrl>#style_Iron_Age_II</styleUrl>
        <ExtendedData>
          <Data name="Site_Name"><value>Nineveh</value></Data>
          <Data name="Hebrew_Name"><value>נינוה (אשור)</value></Data>
          <Data name="Era"><value>09. Iron Age II (-1000 to -586 BCE)</value></Data>
          <Data name="Installation_Type"><value>Aqueduct Channel</value></Data>
          <Data name="Region"><value>Mesopotamia</value></Data>
          <Data name="Location_Precision"><value>Tier 4: International Comparative Site (&lt; 100m - 1km)</value></Data>
          <Data name="Dates"><value>-1000 to -586 BCE</value></Data>
          <Data name="Chapter_Section"><value>2.9.46, 2.9.52</value></Data>
          <Data name="Dissertation_Pages"><value>180, 181, 185, 191</value></Data>
          <Data name="Description"><value>Sennacherib (704-681 BCE) built extensive water systems for Nineveh, including the Kisiri Canal (16km) from the Khosr river, diverting 18 streams from the Bashiqah mountains, and the Hinis Canal (55km) from the Gomel river basin, which crossed rivers via bridges (like Jerwan) and mountains via tunnels. An Assyrian relief from the time of Ashurbanipal (668-631 BCE) depicts an aqueduct on pointed arches, similar to the Jerwan aqueduct built by Sennacherib, bringing water to a flourishing garden near Nineveh. An aqueduct bringing water from a distance outside the city was found at Nineveh, dating to the Iron Age II.</value></Data>
        </ExtendedData>
        <Point>
          <coordinates>43.153,36.36,0</coordinates>
        </Point>
      </Placemark>
      <Placemark>
        <name>Qumran (קומראן)</name>
        <description><![CDATA[<h3>Qumran (קומראן)</h3>
<p><b>Period:</b> 09. Iron Age II (-1000 to -586 BCE)</p>
<p><b>Installation Type:</b> Plastered Cistern</p>
<p><b>Location Precision:</b> Tier 1: High Precision (Pinpoint Well/Installation &lt; 50m)</p>
<p><b>Region:</b> Judean Desert</p>
<p><b>Dissertation Reference:</b> §2.9.31 (Pages 167, 191)</p>
<hr/>
<p><b>Archaeological Description (09. Iron Age II):</b></p>
<p>A unique round cistern (Locus 110), 6.5m deep with a diameter of 5.05-5.3m, and a volume of 136 cubic meters. It features a 70cm thick wall with four layers of plaster and an inlet channel 0.85m below the rim, which functioned during Iron Age II. Cisterns or pools were found at Qumran, dated to the Iron Age II period.</p>]]></description>
        <styleUrl>#style_Iron_Age_II</styleUrl>
        <ExtendedData>
          <Data name="Site_Name"><value>Qumran</value></Data>
          <Data name="Hebrew_Name"><value>קומראן</value></Data>
          <Data name="Era"><value>09. Iron Age II (-1000 to -586 BCE)</value></Data>
          <Data name="Installation_Type"><value>Plastered Cistern</value></Data>
          <Data name="Region"><value>Judean Desert</value></Data>
          <Data name="Location_Precision"><value>Tier 1: High Precision (Pinpoint Well/Installation &lt; 50m)</value></Data>
          <Data name="Dates"><value>-1000 to -586 BCE</value></Data>
          <Data name="Chapter_Section"><value>2.9.31</value></Data>
          <Data name="Dissertation_Pages"><value>167, 191</value></Data>
          <Data name="Description"><value>A unique round cistern (Locus 110), 6.5m deep with a diameter of 5.05-5.3m, and a volume of 136 cubic meters. It features a 70cm thick wall with four layers of plaster and an inlet channel 0.85m below the rim, which functioned during Iron Age II. Cisterns or pools were found at Qumran, dated to the Iron Age II period.</value></Data>
        </ExtendedData>
        <Point>
          <coordinates>35.46188,31.7407,0</coordinates>
        </Point>
      </Placemark>
      <Placemark>
        <name>Samos (Eupalinos Tunnel) (מנהרת אופלינוס (סמוס))</name>
        <description><![CDATA[<h3>Samos (Eupalinos Tunnel) (מנהרת אופלינוס (סמוס))</h3>
<p><b>Period:</b> 09. Iron Age II (-1000 to -586 BCE)</p>
<p><b>Installation Type:</b> Water Tunnel Shaft</p>
<p><b>Location Precision:</b> Tier 4: International Comparative Site (&lt; 100m - 1km)</p>
<p><b>Region:</b> Greece</p>
<p><b>Dissertation Reference:</b> §2.9.48 (Pages 182, 183, 191)</p>
<hr/>
<p><b>Archaeological Description (09. Iron Age II):</b></p>
<p>The Eupalinos Tunnel, built in the 6th century BCE, is a 1040m long tunnel cut through a mountain to supply water from a spring to the city of Samos. It included an initial 890m covered aqueduct section, vertical shafts, and a complex rock-cut tunnel with a deep trench for water pipes, demonstrating advanced engineering. An aqueduct bringing water from a distance outside the city was found at Samos, dating to the Iron Age II.</p>]]></description>
        <styleUrl>#style_Iron_Age_II</styleUrl>
        <ExtendedData>
          <Data name="Site_Name"><value>Samos (Eupalinos Tunnel)</value></Data>
          <Data name="Hebrew_Name"><value>מנהרת אופלינוס (סמוס)</value></Data>
          <Data name="Era"><value>09. Iron Age II (-1000 to -586 BCE)</value></Data>
          <Data name="Installation_Type"><value>Water Tunnel Shaft</value></Data>
          <Data name="Region"><value>Greece</value></Data>
          <Data name="Location_Precision"><value>Tier 4: International Comparative Site (&lt; 100m - 1km)</value></Data>
          <Data name="Dates"><value>-1000 to -586 BCE</value></Data>
          <Data name="Chapter_Section"><value>2.9.48</value></Data>
          <Data name="Dissertation_Pages"><value>182, 183, 191</value></Data>
          <Data name="Description"><value>The Eupalinos Tunnel, built in the 6th century BCE, is a 1040m long tunnel cut through a mountain to supply water from a spring to the city of Samos. It included an initial 890m covered aqueduct section, vertical shafts, and a complex rock-cut tunnel with a deep trench for water pipes, demonstrating advanced engineering. An aqueduct bringing water from a distance outside the city was found at Samos, dating to the Iron Age II.</value></Data>
        </ExtendedData>
        <Point>
          <coordinates>26.93,37.69,0</coordinates>
        </Point>
      </Placemark>
      <Placemark>
        <name>Tel Arad (תל ערד)</name>
        <description><![CDATA[<h3>Tel Arad (תל ערד)</h3>
<p><b>Period:</b> 09. Iron Age II (-1000 to -586 BCE)</p>
<p><b>Installation Type:</b> Ancient City Water System</p>
<p><b>Location Precision:</b> Tier 1: High Precision (Pinpoint Well/Installation &lt; 50m)</p>
<p><b>Region:</b> Negev</p>
<p><b>Dissertation Reference:</b> §2.9.15, Summary (186) (Pages 155, 156, 157, 158, 186, 187, 191)</p>
<hr/>
<p><b>Archaeological Description (09. Iron Age II):</b></p>
<p>A water system for the fortress, including a deep well (25.19m deep, 4.6m diameter) outside the walls, and a covered rock-cut channel (24m long) leading under the city wall to three large plastered cisterns (approx. 250 cubic meters) inside the fortress. The system collected runoff and was supplemented by water from the well. Listed as one of 17 sites in Iron Age II Israel with a monumental water system, likely involving a tunnel or shaft to access groundwater within the fortified city. Wells were found at Tel Arad, which are dated with high probability to the Iron Age II period. A reservoir with an external feeding system was identified at Tel Arad during the Iron Age II.</p>]]></description>
        <styleUrl>#style_Iron_Age_II</styleUrl>
        <ExtendedData>
          <Data name="Site_Name"><value>Tel Arad</value></Data>
          <Data name="Hebrew_Name"><value>תל ערד</value></Data>
          <Data name="Era"><value>09. Iron Age II (-1000 to -586 BCE)</value></Data>
          <Data name="Installation_Type"><value>Ancient City Water System</value></Data>
          <Data name="Region"><value>Negev</value></Data>
          <Data name="Location_Precision"><value>Tier 1: High Precision (Pinpoint Well/Installation &lt; 50m)</value></Data>
          <Data name="Dates"><value>-1000 to -586 BCE</value></Data>
          <Data name="Chapter_Section"><value>2.9.15, Summary (186)</value></Data>
          <Data name="Dissertation_Pages"><value>155, 156, 157, 158, 186, 187, 191</value></Data>
          <Data name="Description"><value>A water system for the fortress, including a deep well (25.19m deep, 4.6m diameter) outside the walls, and a covered rock-cut channel (24m long) leading under the city wall to three large plastered cisterns (approx. 250 cubic meters) inside the fortress. The system collected runoff and was supplemented by water from the well. Listed as one of 17 sites in Iron Age II Israel with a monumental water system, likely involving a tunnel or shaft to access groundwater within the fortified city. Wells were found at Tel Arad, which are dated with high probability to the Iron Age II period. A reservoir with an external feeding system was identified at Tel Arad during the Iron Age II.</value></Data>
        </ExtendedData>
        <Point>
          <coordinates>35.12535,31.28173,0</coordinates>
        </Point>
      </Placemark>
      <Placemark>
        <name>Tel Aroer (תל ערוער)</name>
        <description><![CDATA[<h3>Tel Aroer (תל ערוער)</h3>
<p><b>Period:</b> 09. Iron Age II (-1000 to -586 BCE)</p>
<p><b>Installation Type:</b> Ancient City Water System</p>
<p><b>Location Precision:</b> Tier 1: High Precision (Pinpoint Well/Installation &lt; 50m)</p>
<p><b>Region:</b> Negev</p>
<p><b>Dissertation Reference:</b> §2.9.17, Summary (186) (Pages 159, 186, 191)</p>
<hr/>
<p><b>Archaeological Description (09. Iron Age II):</b></p>
<p>A walled settlement from the 7th century BCE with a large, unexcavated, bowl-shaped depression (40m diameter, 6m deep) within the walls, hypothesized to be a subterranean water reservoir fed by floodwaters from Nahal Aroer. Additionally, wells outside the settlement were likely used. Listed as one of 17 sites in Iron Age II Israel with a monumental water system, likely involving a tunnel or shaft to access groundwater within the fortified city. A well was found at Tel Aroer, dated to the Iron Age II period. A reservoir with an external feeding system was possibly identified at Tel Aroer during the Iron Age II, though its identification is noted with some uncertainty.</p>]]></description>
        <styleUrl>#style_Iron_Age_II</styleUrl>
        <ExtendedData>
          <Data name="Site_Name"><value>Tel Aroer</value></Data>
          <Data name="Hebrew_Name"><value>תל ערוער</value></Data>
          <Data name="Era"><value>09. Iron Age II (-1000 to -586 BCE)</value></Data>
          <Data name="Installation_Type"><value>Ancient City Water System</value></Data>
          <Data name="Region"><value>Negev</value></Data>
          <Data name="Location_Precision"><value>Tier 1: High Precision (Pinpoint Well/Installation &lt; 50m)</value></Data>
          <Data name="Dates"><value>-1000 to -586 BCE</value></Data>
          <Data name="Chapter_Section"><value>2.9.17, Summary (186)</value></Data>
          <Data name="Dissertation_Pages"><value>159, 186, 191</value></Data>
          <Data name="Description"><value>A walled settlement from the 7th century BCE with a large, unexcavated, bowl-shaped depression (40m diameter, 6m deep) within the walls, hypothesized to be a subterranean water reservoir fed by floodwaters from Nahal Aroer. Additionally, wells outside the settlement were likely used. Listed as one of 17 sites in Iron Age II Israel with a monumental water system, likely involving a tunnel or shaft to access groundwater within the fortified city. A well was found at Tel Aroer, dated to the Iron Age II period. A reservoir with an external feeding system was possibly identified at Tel Aroer during the Iron Age II, though its identification is noted with some uncertainty.</value></Data>
        </ExtendedData>
        <Point>
          <coordinates>34.97746,31.15098,0</coordinates>
        </Point>
      </Placemark>
      <Placemark>
        <name>Tel Ashdod (תל אשדוד)</name>
        <description><![CDATA[<h3>Tel Ashdod (תל אשדוד)</h3>
<p><b>Period:</b> 09. Iron Age II (-1000 to -586 BCE)</p>
<p><b>Installation Type:</b> Plastered Cistern</p>
<p><b>Location Precision:</b> Tier 1: High Precision (Pinpoint Well/Installation &lt; 50m)</p>
<p><b>Region:</b> Coastal Plain</p>
<p><b>Dissertation Reference:</b> § (Pages 191)</p>
<hr/>
<p><b>Archaeological Description (09. Iron Age II):</b></p>
<p>Cisterns or pools were found at Ashdod, dated to the Iron Age II period.</p>]]></description>
        <styleUrl>#style_Iron_Age_II</styleUrl>
        <ExtendedData>
          <Data name="Site_Name"><value>Tel Ashdod</value></Data>
          <Data name="Hebrew_Name"><value>תל אשדוד</value></Data>
          <Data name="Era"><value>09. Iron Age II (-1000 to -586 BCE)</value></Data>
          <Data name="Installation_Type"><value>Plastered Cistern</value></Data>
          <Data name="Region"><value>Coastal Plain</value></Data>
          <Data name="Location_Precision"><value>Tier 1: High Precision (Pinpoint Well/Installation &lt; 50m)</value></Data>
          <Data name="Dates"><value>-1000 to -586 BCE</value></Data>
          <Data name="Chapter_Section"><value></value></Data>
          <Data name="Dissertation_Pages"><value>191</value></Data>
          <Data name="Description"><value>Cisterns or pools were found at Ashdod, dated to the Iron Age II period.</value></Data>
        </ExtendedData>
        <Point>
          <coordinates>34.659,31.75693,0</coordinates>
        </Point>
      </Placemark>
      <Placemark>
        <name>Tel Azekah (תל עזקה)</name>
        <description><![CDATA[<h3>Tel Azekah (תל עזקה)</h3>
<p><b>Period:</b> 09. Iron Age II (-1000 to -586 BCE)</p>
<p><b>Installation Type:</b> Ancient City Water System</p>
<p><b>Location Precision:</b> Tier 1: High Precision (Pinpoint Well/Installation &lt; 50m)</p>
<p><b>Region:</b> Shephelah</p>
<p><b>Dissertation Reference:</b> §2.9.50 (Pages 184)</p>
<hr/>
<p><b>Archaeological Description (09. Iron Age II):</b></p>
<p>An Assyrian inscription (Azekah Inscription) from Sargon II&apos;s campaign (712 BCE) mentions &apos;water&apos; and &apos;canal&apos; in the context of conquering a city, possibly hinting at the use or destruction of a water system, or a siege tactic involving a water tunnel.</p>]]></description>
        <styleUrl>#style_Iron_Age_II</styleUrl>
        <ExtendedData>
          <Data name="Site_Name"><value>Tel Azekah</value></Data>
          <Data name="Hebrew_Name"><value>תל עזקה</value></Data>
          <Data name="Era"><value>09. Iron Age II (-1000 to -586 BCE)</value></Data>
          <Data name="Installation_Type"><value>Ancient City Water System</value></Data>
          <Data name="Region"><value>Shephelah</value></Data>
          <Data name="Location_Precision"><value>Tier 1: High Precision (Pinpoint Well/Installation &lt; 50m)</value></Data>
          <Data name="Dates"><value>-1000 to -586 BCE</value></Data>
          <Data name="Chapter_Section"><value>2.9.50</value></Data>
          <Data name="Dissertation_Pages"><value>184</value></Data>
          <Data name="Description"><value>An Assyrian inscription (Azekah Inscription) from Sargon II&apos;s campaign (712 BCE) mentions &apos;water&apos; and &apos;canal&apos; in the context of conquering a city, possibly hinting at the use or destruction of a water system, or a siege tactic involving a water tunnel.</value></Data>
        </ExtendedData>
        <Point>
          <coordinates>34.93491,31.70102,0</coordinates>
        </Point>
      </Placemark>
      <Placemark>
        <name>Tel Beersheba (תל באר שבע)</name>
        <description><![CDATA[<h3>Tel Beersheba (תל באר שבע)</h3>
<p><b>Period:</b> 09. Iron Age II (-1000 to -586 BCE)</p>
<p><b>Installation Type:</b> Ancient City Water System</p>
<p><b>Location Precision:</b> Tier 1: High Precision (Pinpoint Well/Installation &lt; 50m)</p>
<p><b>Region:</b> Negev</p>
<p><b>Dissertation Reference:</b> §2.9.14, Summary (186) (Pages 153, 154, 155, 186, 191)</p>
<hr/>
<p><b>Archaeological Description (09. Iron Age II):</b></p>
<p>An elaborate internal city water system from Iron Age II, consisting of a deep entrance shaft, a large double-cruciform plastered reservoir (approx. 500 cubic meters) fed by floodwaters from Nahal Hebron via a channel, and a deep well outside the city walls (Iron Age I, but used in Iron Age II). Listed as one of 17 sites in Iron Age II Israel with a monumental water system, specifically mentioning a cruciform-shaped reservoir designed to maximize storage volume and prevent roof collapse. Wells were found at Tel Beersheba, including three associated with &apos;Nimrod&apos;, dating to the Iron Age II period. A reservoir with an external feeding system was identified at Tel Beersheba during the Iron Age II.</p>]]></description>
        <styleUrl>#style_Iron_Age_II</styleUrl>
        <ExtendedData>
          <Data name="Site_Name"><value>Tel Beersheba</value></Data>
          <Data name="Hebrew_Name"><value>תל באר שבע</value></Data>
          <Data name="Era"><value>09. Iron Age II (-1000 to -586 BCE)</value></Data>
          <Data name="Installation_Type"><value>Ancient City Water System</value></Data>
          <Data name="Region"><value>Negev</value></Data>
          <Data name="Location_Precision"><value>Tier 1: High Precision (Pinpoint Well/Installation &lt; 50m)</value></Data>
          <Data name="Dates"><value>-1000 to -586 BCE</value></Data>
          <Data name="Chapter_Section"><value>2.9.14, Summary (186)</value></Data>
          <Data name="Dissertation_Pages"><value>153, 154, 155, 186, 191</value></Data>
          <Data name="Description"><value>An elaborate internal city water system from Iron Age II, consisting of a deep entrance shaft, a large double-cruciform plastered reservoir (approx. 500 cubic meters) fed by floodwaters from Nahal Hebron via a channel, and a deep well outside the city walls (Iron Age I, but used in Iron Age II). Listed as one of 17 sites in Iron Age II Israel with a monumental water system, specifically mentioning a cruciform-shaped reservoir designed to maximize storage volume and prevent roof collapse. Wells were found at Tel Beersheba, including three associated with &apos;Nimrod&apos;, dating to the Iron Age II period. A reservoir with an external feeding system was identified at Tel Beersheba during the Iron Age II.</value></Data>
        </ExtendedData>
        <Point>
          <coordinates>34.83643,31.24566,0</coordinates>
        </Point>
      </Placemark>
      <Placemark>
        <name>Tel Beit Mirsim (תל בית מרסים)</name>
        <description><![CDATA[<h3>Tel Beit Mirsim (תל בית מרסים)</h3>
<p><b>Period:</b> 09. Iron Age II (-1000 to -586 BCE)</p>
<p><b>Installation Type:</b> Plastered Cistern</p>
<p><b>Location Precision:</b> Tier 1: High Precision (Pinpoint Well/Installation &lt; 50m)</p>
<p><b>Region:</b> Shephelah</p>
<p><b>Dissertation Reference:</b> §2.9.28 (Pages 165, 191)</p>
<hr/>
<p><b>Archaeological Description (09. Iron Age II):</b></p>
<p>Several cisterns were found in Layer A (Iron Age II). One in the SE area (338-15) was 6m deep, with a built and rock-cut section, and a well-preserved, plastered channel leading to it from the NE, likely draining roofs. A settling basin was present at the channel&apos;s entry point. Cisterns or pools were found at Tel Beit Mirsim, dated to the Iron Age II period.</p>]]></description>
        <styleUrl>#style_Iron_Age_II</styleUrl>
        <ExtendedData>
          <Data name="Site_Name"><value>Tel Beit Mirsim</value></Data>
          <Data name="Hebrew_Name"><value>תל בית מרסים</value></Data>
          <Data name="Era"><value>09. Iron Age II (-1000 to -586 BCE)</value></Data>
          <Data name="Installation_Type"><value>Plastered Cistern</value></Data>
          <Data name="Region"><value>Shephelah</value></Data>
          <Data name="Location_Precision"><value>Tier 1: High Precision (Pinpoint Well/Installation &lt; 50m)</value></Data>
          <Data name="Dates"><value>-1000 to -586 BCE</value></Data>
          <Data name="Chapter_Section"><value>2.9.28</value></Data>
          <Data name="Dissertation_Pages"><value>165, 191</value></Data>
          <Data name="Description"><value>Several cisterns were found in Layer A (Iron Age II). One in the SE area (338-15) was 6m deep, with a built and rock-cut section, and a well-preserved, plastered channel leading to it from the NE, likely draining roofs. A settling basin was present at the channel&apos;s entry point. Cisterns or pools were found at Tel Beit Mirsim, dated to the Iron Age II period.</value></Data>
        </ExtendedData>
        <Point>
          <coordinates>34.90931,31.45576,0</coordinates>
        </Point>
      </Placemark>
      <Placemark>
        <name>Tel Beit Shemesh (תל בית שמש)</name>
        <description><![CDATA[<h3>Tel Beit Shemesh (תל בית שמש)</h3>
<p><b>Period:</b> 09. Iron Age II (-1000 to -586 BCE)</p>
<p><b>Installation Type:</b> Water Reservoir</p>
<p><b>Location Precision:</b> Tier 1: High Precision (Pinpoint Well/Installation &lt; 50m)</p>
<p><b>Region:</b> Shephelah</p>
<p><b>Dissertation Reference:</b> §2.9.9, 2.9.26, 2.9.27, Summary (186) (Pages 144, 145, 146, 164, 165, 186, 191)</p>
<hr/>
<p><b>Archaeological Description (09. Iron Age II):</b></p>
<p>A monumental, cruciform-shaped rock-cut reservoir (24x23.5m, 6m high) in Area C, fed by multiple channels collecting runoff, was constructed in the 10th century BCE (Iron IIA) and reused in the 7th century BCE. A round cistern in Area B, dated to Iron Age II, measuring 5.75m in diameter and 7m deep. It features a 0.6m diameter opening, a 5m neck (3m built, 2m rock-cut), and 10cm thick gray plaster. Its estimated volume is 87 cubic meters. A rock-cut, spherical cistern in Area A, dated to Iron Age II, with a 1x1m square opening and a 1.5m neck, reaching a depth of 4.5m. Its volume is approximately 15 cubic meters (excluding the neck), with traces of disintegrated plaster found. Listed as one of 17 sites in Iron Age II Israel with a monumental water system, specifically mentioning a cruciform-shaped reservoir designed to maximize storage volume and prevent roof collapse. A reservoir or pool was found at Tel Beit Shemesh, dated to the Iron Age II period. Cisterns or pools were found at Tel Beit Shemesh, dated to the Iron Age II period.</p>]]></description>
        <styleUrl>#style_Iron_Age_II</styleUrl>
        <ExtendedData>
          <Data name="Site_Name"><value>Tel Beit Shemesh</value></Data>
          <Data name="Hebrew_Name"><value>תל בית שמש</value></Data>
          <Data name="Era"><value>09. Iron Age II (-1000 to -586 BCE)</value></Data>
          <Data name="Installation_Type"><value>Water Reservoir</value></Data>
          <Data name="Region"><value>Shephelah</value></Data>
          <Data name="Location_Precision"><value>Tier 1: High Precision (Pinpoint Well/Installation &lt; 50m)</value></Data>
          <Data name="Dates"><value>-1000 to -586 BCE</value></Data>
          <Data name="Chapter_Section"><value>2.9.9, 2.9.26, 2.9.27, Summary (186)</value></Data>
          <Data name="Dissertation_Pages"><value>144, 145, 146, 164, 165, 186, 191</value></Data>
          <Data name="Description"><value>A monumental, cruciform-shaped rock-cut reservoir (24x23.5m, 6m high) in Area C, fed by multiple channels collecting runoff, was constructed in the 10th century BCE (Iron IIA) and reused in the 7th century BCE. A round cistern in Area B, dated to Iron Age II, measuring 5.75m in diameter and 7m deep. It features a 0.6m diameter opening, a 5m neck (3m built, 2m rock-cut), and 10cm thick gray plaster. Its estimated volume is 87 cubic meters. A rock-cut, spherical cistern in Area A, dated to Iron Age II, with a 1x1m square opening and a 1.5m neck, reaching a depth of 4.5m. Its volume is approximately 15 cubic meters (excluding the neck), with traces of disintegrated plaster found. Listed as one of 17 sites in Iron Age II Israel with a monumental water system, specifically mentioning a cruciform-shaped reservoir designed to maximize storage volume and prevent roof collapse. A reservoir or pool was found at Tel Beit Shemesh, dated to the Iron Age II period. Cisterns or pools were found at Tel Beit Shemesh, dated to the Iron Age II period.</value></Data>
        </ExtendedData>
        <Point>
          <coordinates>34.97173,31.74972,0</coordinates>
        </Point>
      </Placemark>
      <Placemark>
        <name>Tel en-Nasbeh (תל א-נצבה)</name>
        <description><![CDATA[<h3>Tel en-Nasbeh (תל א-נצבה)</h3>
<p><b>Period:</b> 09. Iron Age II (-1000 to -586 BCE)</p>
<p><b>Installation Type:</b> Plastered Cistern</p>
<p><b>Location Precision:</b> Tier 1: High Precision (Pinpoint Well/Installation &lt; 50m)</p>
<p><b>Region:</b> Judean Hills</p>
<p><b>Dissertation Reference:</b> §2.9.23 (Pages 162)</p>
<hr/>
<p><b>Archaeological Description (09. Iron Age II):</b></p>
<p>The site contains numerous water cisterns, distinguished from granaries by their waterproof plaster, indicating their function for water storage during Iron Age II.</p>]]></description>
        <styleUrl>#style_Iron_Age_II</styleUrl>
        <ExtendedData>
          <Data name="Site_Name"><value>Tel en-Nasbeh</value></Data>
          <Data name="Hebrew_Name"><value>תל א-נצבה</value></Data>
          <Data name="Era"><value>09. Iron Age II (-1000 to -586 BCE)</value></Data>
          <Data name="Installation_Type"><value>Plastered Cistern</value></Data>
          <Data name="Region"><value>Judean Hills</value></Data>
          <Data name="Location_Precision"><value>Tier 1: High Precision (Pinpoint Well/Installation &lt; 50m)</value></Data>
          <Data name="Dates"><value>-1000 to -586 BCE</value></Data>
          <Data name="Chapter_Section"><value>2.9.23</value></Data>
          <Data name="Dissertation_Pages"><value>162</value></Data>
          <Data name="Description"><value>The site contains numerous water cisterns, distinguished from granaries by their waterproof plaster, indicating their function for water storage during Iron Age II.</value></Data>
        </ExtendedData>
        <Point>
          <coordinates>35.21577,31.88497,0</coordinates>
        </Point>
      </Placemark>
      <Placemark>
        <name>Tel Gerisa (תל גריסה)</name>
        <description><![CDATA[<h3>Tel Gerisa (תל גריסה)</h3>
<p><b>Period:</b> 09. Iron Age II (-1000 to -586 BCE)</p>
<p><b>Installation Type:</b> Plastered Cistern</p>
<p><b>Location Precision:</b> Tier 1: High Precision (Pinpoint Well/Installation &lt; 50m)</p>
<p><b>Region:</b> Coastal Plain</p>
<p><b>Dissertation Reference:</b> § (Pages 191)</p>
<hr/>
<p><b>Archaeological Description (09. Iron Age II):</b></p>
<p>Cisterns or pools were found at Tel Gerisa, dated to the Iron Age II period.</p>]]></description>
        <styleUrl>#style_Iron_Age_II</styleUrl>
        <ExtendedData>
          <Data name="Site_Name"><value>Tel Gerisa</value></Data>
          <Data name="Hebrew_Name"><value>תל גריסה</value></Data>
          <Data name="Era"><value>09. Iron Age II (-1000 to -586 BCE)</value></Data>
          <Data name="Installation_Type"><value>Plastered Cistern</value></Data>
          <Data name="Region"><value>Coastal Plain</value></Data>
          <Data name="Location_Precision"><value>Tier 1: High Precision (Pinpoint Well/Installation &lt; 50m)</value></Data>
          <Data name="Dates"><value>-1000 to -586 BCE</value></Data>
          <Data name="Chapter_Section"><value></value></Data>
          <Data name="Dissertation_Pages"><value>191</value></Data>
          <Data name="Description"><value>Cisterns or pools were found at Tel Gerisa, dated to the Iron Age II period.</value></Data>
        </ExtendedData>
        <Point>
          <coordinates>34.80648,32.09327,0</coordinates>
        </Point>
      </Placemark>
      <Placemark>
        <name>Tel Gezer (תל גזר)</name>
        <description><![CDATA[<h3>Tel Gezer (תל גזר)</h3>
<p><b>Period:</b> 09. Iron Age II (-1000 to -586 BCE)</p>
<p><b>Installation Type:</b> Water Reservoir</p>
<p><b>Location Precision:</b> Tier 1: High Precision (Pinpoint Well/Installation &lt; 50m)</p>
<p><b>Region:</b> Shephelah</p>
<p><b>Dissertation Reference:</b> §2.9.8, Summary (186) (Pages 143, 186, 191)</p>
<hr/>
<p><b>Archaeological Description (09. Iron Age II):</b></p>
<p>A large, double rock-cut reservoir, approximately 18m deep with plastered walls, was likely filled by runoff water. The excavator dates this installation to the Iron Age. Listed as one of 17 sites in Iron Age II Israel with a monumental water system, likely involving a tunnel or shaft to access groundwater within the fortified city. A reservoir or pool was found at Tel Gezer, dated to the Iron Age II period. Cisterns or pools were found at Tel Gezer, dated to the Iron Age II period.</p>]]></description>
        <styleUrl>#style_Iron_Age_II</styleUrl>
        <ExtendedData>
          <Data name="Site_Name"><value>Tel Gezer</value></Data>
          <Data name="Hebrew_Name"><value>תל גזר</value></Data>
          <Data name="Era"><value>09. Iron Age II (-1000 to -586 BCE)</value></Data>
          <Data name="Installation_Type"><value>Water Reservoir</value></Data>
          <Data name="Region"><value>Shephelah</value></Data>
          <Data name="Location_Precision"><value>Tier 1: High Precision (Pinpoint Well/Installation &lt; 50m)</value></Data>
          <Data name="Dates"><value>-1000 to -586 BCE</value></Data>
          <Data name="Chapter_Section"><value>2.9.8, Summary (186)</value></Data>
          <Data name="Dissertation_Pages"><value>143, 186, 191</value></Data>
          <Data name="Description"><value>A large, double rock-cut reservoir, approximately 18m deep with plastered walls, was likely filled by runoff water. The excavator dates this installation to the Iron Age. Listed as one of 17 sites in Iron Age II Israel with a monumental water system, likely involving a tunnel or shaft to access groundwater within the fortified city. A reservoir or pool was found at Tel Gezer, dated to the Iron Age II period. Cisterns or pools were found at Tel Gezer, dated to the Iron Age II period.</value></Data>
        </ExtendedData>
        <Point>
          <coordinates>34.91857,31.85882,0</coordinates>
        </Point>
      </Placemark>
      <Placemark>
        <name>Tel Halif (תל חליף)</name>
        <description><![CDATA[<h3>Tel Halif (תל חליף)</h3>
<p><b>Period:</b> 09. Iron Age II (-1000 to -586 BCE)</p>
<p><b>Installation Type:</b> Plastered Cistern</p>
<p><b>Location Precision:</b> Tier 1: High Precision (Pinpoint Well/Installation &lt; 50m)</p>
<p><b>Region:</b> Shephelah</p>
<p><b>Dissertation Reference:</b> §2.9.32 (Pages 168, 191)</p>
<hr/>
<p><b>Archaeological Description (09. Iron Age II):</b></p>
<p>A rectangular, well-plastered cistern, measuring 9x4x3.5m, was uncovered in Area IV. It is dated to the Iron Age II period. Cisterns or pools were found at Tel Halif, dated to the Iron Age II period.</p>]]></description>
        <styleUrl>#style_Iron_Age_II</styleUrl>
        <ExtendedData>
          <Data name="Site_Name"><value>Tel Halif</value></Data>
          <Data name="Hebrew_Name"><value>תל חליף</value></Data>
          <Data name="Era"><value>09. Iron Age II (-1000 to -586 BCE)</value></Data>
          <Data name="Installation_Type"><value>Plastered Cistern</value></Data>
          <Data name="Region"><value>Shephelah</value></Data>
          <Data name="Location_Precision"><value>Tier 1: High Precision (Pinpoint Well/Installation &lt; 50m)</value></Data>
          <Data name="Dates"><value>-1000 to -586 BCE</value></Data>
          <Data name="Chapter_Section"><value>2.9.32</value></Data>
          <Data name="Dissertation_Pages"><value>168, 191</value></Data>
          <Data name="Description"><value>A rectangular, well-plastered cistern, measuring 9x4x3.5m, was uncovered in Area IV. It is dated to the Iron Age II period. Cisterns or pools were found at Tel Halif, dated to the Iron Age II period.</value></Data>
        </ExtendedData>
        <Point>
          <coordinates>34.86535,31.38272,0</coordinates>
        </Point>
      </Placemark>
      <Placemark>
        <name>Tel Hazor (תל חצור)</name>
        <description><![CDATA[<h3>Tel Hazor (תל חצור)</h3>
<p><b>Period:</b> 09. Iron Age II (-1000 to -586 BCE)</p>
<p><b>Installation Type:</b> Water Tunnel Shaft</p>
<p><b>Location Precision:</b> Tier 1: High Precision (Pinpoint Well/Installation &lt; 50m)</p>
<p><b>Region:</b> Upper Galilee</p>
<p><b>Dissertation Reference:</b> §2.9.1, 2.9.51 (Pages 119, 120, 121, 185, 187, 191)</p>
<hr/>
<p><b>Archaeological Description (09. Iron Age II):</b></p>
<p>A large, complex water system was constructed in the 10th-9th century BCE (Iron Age IIA) in the southwestern corner of the tel. It consists of an entrance, a deep shaft (approx. 30m), and a 25m long tunnel leading to the underground water table, designed to secure water supply during sieges. Mentioned as a site with an underground water system where a pulley could have been used, similar to the one depicted in an Assyrian relief, suggesting a sophisticated water supply during sieges. A well was found at Tel Hazor, dated to the Iron Age II period. Cisterns or pools were possibly identified at Tel Hazor during the Iron Age II, though their identification is noted with some uncertainty. A major water system, cut to a spring or groundwater within the fortified city, was found at Tel Hazor, dating to the Iron Age II.</p>]]></description>
        <styleUrl>#style_Iron_Age_II</styleUrl>
        <ExtendedData>
          <Data name="Site_Name"><value>Tel Hazor</value></Data>
          <Data name="Hebrew_Name"><value>תל חצור</value></Data>
          <Data name="Era"><value>09. Iron Age II (-1000 to -586 BCE)</value></Data>
          <Data name="Installation_Type"><value>Water Tunnel Shaft</value></Data>
          <Data name="Region"><value>Upper Galilee</value></Data>
          <Data name="Location_Precision"><value>Tier 1: High Precision (Pinpoint Well/Installation &lt; 50m)</value></Data>
          <Data name="Dates"><value>-1000 to -586 BCE</value></Data>
          <Data name="Chapter_Section"><value>2.9.1, 2.9.51</value></Data>
          <Data name="Dissertation_Pages"><value>119, 120, 121, 185, 187, 191</value></Data>
          <Data name="Description"><value>A large, complex water system was constructed in the 10th-9th century BCE (Iron Age IIA) in the southwestern corner of the tel. It consists of an entrance, a deep shaft (approx. 30m), and a 25m long tunnel leading to the underground water table, designed to secure water supply during sieges. Mentioned as a site with an underground water system where a pulley could have been used, similar to the one depicted in an Assyrian relief, suggesting a sophisticated water supply during sieges. A well was found at Tel Hazor, dated to the Iron Age II period. Cisterns or pools were possibly identified at Tel Hazor during the Iron Age II, though their identification is noted with some uncertainty. A major water system, cut to a spring or groundwater within the fortified city, was found at Tel Hazor, dating to the Iron Age II.</value></Data>
        </ExtendedData>
        <Point>
          <coordinates>35.56806,33.01764,0</coordinates>
        </Point>
      </Placemark>
      <Placemark>
        <name>Tel Ira (תל עירא)</name>
        <description><![CDATA[<h3>Tel Ira (תל עירא)</h3>
<p><b>Period:</b> 09. Iron Age II (-1000 to -586 BCE)</p>
<p><b>Installation Type:</b> Plastered Cistern</p>
<p><b>Location Precision:</b> Tier 1: High Precision (Pinpoint Well/Installation &lt; 50m)</p>
<p><b>Region:</b> Negev</p>
<p><b>Dissertation Reference:</b> §2.9.33 (Pages 168)</p>
<hr/>
<p><b>Archaeological Description (09. Iron Age II):</b></p>
<p>Six cisterns were found within the city, dating to the 8th-7th century BCE. They feature rock-cut necks and rims protected by four large stone slabs. These cisterns were the sole local water supply for the city.</p>]]></description>
        <styleUrl>#style_Iron_Age_II</styleUrl>
        <ExtendedData>
          <Data name="Site_Name"><value>Tel Ira</value></Data>
          <Data name="Hebrew_Name"><value>תל עירא</value></Data>
          <Data name="Era"><value>09. Iron Age II (-1000 to -586 BCE)</value></Data>
          <Data name="Installation_Type"><value>Plastered Cistern</value></Data>
          <Data name="Region"><value>Negev</value></Data>
          <Data name="Location_Precision"><value>Tier 1: High Precision (Pinpoint Well/Installation &lt; 50m)</value></Data>
          <Data name="Dates"><value>-1000 to -586 BCE</value></Data>
          <Data name="Chapter_Section"><value>2.9.33</value></Data>
          <Data name="Dissertation_Pages"><value>168</value></Data>
          <Data name="Description"><value>Six cisterns were found within the city, dating to the 8th-7th century BCE. They feature rock-cut necks and rims protected by four large stone slabs. These cisterns were the sole local water supply for the city.</value></Data>
        </ExtendedData>
        <Point>
          <coordinates>34.98567,31.23213,0</coordinates>
        </Point>
      </Placemark>
      <Placemark>
        <name>Tel Jezreel (תל יזרעאל)</name>
        <description><![CDATA[<h3>Tel Jezreel (תל יזרעאל)</h3>
<p><b>Period:</b> 09. Iron Age II (-1000 to -586 BCE)</p>
<p><b>Installation Type:</b> Plastered Cistern</p>
<p><b>Location Precision:</b> Tier 1: High Precision (Pinpoint Well/Installation &lt; 50m)</p>
<p><b>Region:</b> Jezreel Valley</p>
<p><b>Dissertation Reference:</b> §2.9.20 (Pages 160, 161, 162, 191)</p>
<hr/>
<p><b>Archaeological Description (09. Iron Age II):</b></p>
<p>The site utilized numerous rock-cut, plastered cisterns (dozens to hundreds, with two dated to Iron Age II having capacities of 36 and 56 cubic meters) for rainwater collection, supplemented by the Ein Jezreel spring (Ein el-Meiyiteh) which was also used during droughts. Cisterns or pools were found at Tel Jezreel, dated to the Iron Age II period.</p>]]></description>
        <styleUrl>#style_Iron_Age_II</styleUrl>
        <ExtendedData>
          <Data name="Site_Name"><value>Tel Jezreel</value></Data>
          <Data name="Hebrew_Name"><value>תל יזרעאל</value></Data>
          <Data name="Era"><value>09. Iron Age II (-1000 to -586 BCE)</value></Data>
          <Data name="Installation_Type"><value>Plastered Cistern</value></Data>
          <Data name="Region"><value>Jezreel Valley</value></Data>
          <Data name="Location_Precision"><value>Tier 1: High Precision (Pinpoint Well/Installation &lt; 50m)</value></Data>
          <Data name="Dates"><value>-1000 to -586 BCE</value></Data>
          <Data name="Chapter_Section"><value>2.9.20</value></Data>
          <Data name="Dissertation_Pages"><value>160, 161, 162, 191</value></Data>
          <Data name="Description"><value>The site utilized numerous rock-cut, plastered cisterns (dozens to hundreds, with two dated to Iron Age II having capacities of 36 and 56 cubic meters) for rainwater collection, supplemented by the Ein Jezreel spring (Ein el-Meiyiteh) which was also used during droughts. Cisterns or pools were found at Tel Jezreel, dated to the Iron Age II period.</value></Data>
        </ExtendedData>
        <Point>
          <coordinates>35.32664,32.55765,0</coordinates>
        </Point>
      </Placemark>
      <Placemark>
        <name>Tel Lachish (תל לכיש)</name>
        <description><![CDATA[<h3>Tel Lachish (תל לכיש)</h3>
<p><b>Period:</b> 09. Iron Age II (-1000 to -586 BCE)</p>
<p><b>Installation Type:</b> Deep Well</p>
<p><b>Location Precision:</b> Tier 1: High Precision (Pinpoint Well/Installation &lt; 50m)</p>
<p><b>Region:</b> Shephelah</p>
<p><b>Dissertation Reference:</b> §2.9.10, Summary (186) (Pages 146, 186, 191)</p>
<hr/>
<p><b>Archaeological Description (09. Iron Age II):</b></p>
<p>The deep well (44m deep) originally constructed in the Middle Bronze Age continued to serve as a primary water source for the city during Iron II. It is proposed that a runoff water reservoir, similar to those at Beit Shemesh or Beersheba, existed in the northern part of the tel to provide an additional water source for the city during Iron II, though its exact location and completion are debated. Listed as one of 17 sites in Iron Age II Israel with a monumental water system, likely involving a tunnel or shaft to access groundwater within the fortified city. A well was found at Tel Lachish, dated to the Iron Age II period. A reservoir or pool, possibly for water storage, was identified at Tel Lachish during the Iron Age II, though its identification is noted with some uncertainty.</p>]]></description>
        <styleUrl>#style_Iron_Age_II</styleUrl>
        <ExtendedData>
          <Data name="Site_Name"><value>Tel Lachish</value></Data>
          <Data name="Hebrew_Name"><value>תל לכיש</value></Data>
          <Data name="Era"><value>09. Iron Age II (-1000 to -586 BCE)</value></Data>
          <Data name="Installation_Type"><value>Deep Well</value></Data>
          <Data name="Region"><value>Shephelah</value></Data>
          <Data name="Location_Precision"><value>Tier 1: High Precision (Pinpoint Well/Installation &lt; 50m)</value></Data>
          <Data name="Dates"><value>-1000 to -586 BCE</value></Data>
          <Data name="Chapter_Section"><value>2.9.10, Summary (186)</value></Data>
          <Data name="Dissertation_Pages"><value>146, 186, 191</value></Data>
          <Data name="Description"><value>The deep well (44m deep) originally constructed in the Middle Bronze Age continued to serve as a primary water source for the city during Iron II. It is proposed that a runoff water reservoir, similar to those at Beit Shemesh or Beersheba, existed in the northern part of the tel to provide an additional water source for the city during Iron II, though its exact location and completion are debated. Listed as one of 17 sites in Iron Age II Israel with a monumental water system, likely involving a tunnel or shaft to access groundwater within the fortified city. A well was found at Tel Lachish, dated to the Iron Age II period. A reservoir or pool, possibly for water storage, was identified at Tel Lachish during the Iron Age II, though its identification is noted with some uncertainty.</value></Data>
        </ExtendedData>
        <Point>
          <coordinates>34.8478,31.56667,0</coordinates>
        </Point>
      </Placemark>
      <Placemark>
        <name>Tel Megiddo (תל מגידו)</name>
        <description><![CDATA[<h3>Tel Megiddo (תל מגידו)</h3>
<p><b>Period:</b> 09. Iron Age II (-1000 to -586 BCE)</p>
<p><b>Installation Type:</b> Water Tunnel Shaft</p>
<p><b>Location Precision:</b> Tier 1: High Precision (Pinpoint Well/Installation &lt; 50m)</p>
<p><b>Region:</b> Jezreel Valley</p>
<p><b>Dissertation Reference:</b> §2.9.3, 2.9.7, 2.9.51, Summary (186) (Pages 121, 122, 123, 124, 125, 126, 127, 143, 185, 186, 187, 191)</p>
<hr/>
<p><b>Archaeological Description (09. Iron Age II):</b></p>
<p>Megiddo features a complex water system with two main phases. The &apos;gallery&apos; (secret passage) providing access to a natural cave and well is dated by Yadin to the 10th century BCE (Iron Age IIA). A later, monumental system, also from Iron Age II, includes a large shaft (36m deep) and a 50m long tunnel, constructed to access the same water source from within the city walls. Megiddo&apos;s impressive water system, consisting of a pit and a tunnel, is attributed by the author and most scholars to Iron Age II. A plastered reservoir with a monumental staircase, located outside the outer gate (Locus 2153), was supplied by the nearby Ein Kubi spring or collected runoff. It is dated to the time of Ahab (Iron II). Mentioned as a site with an underground water system where a pulley could have been used, similar to the one depicted in an Assyrian relief, suggesting a sophisticated water supply during sieges. Listed as one of 17 sites in Iron Age II Israel with three monumental water systems, likely involving tunnels or shafts to access groundwater within the fortified city. A major water system, cut to a spring or groundwater within the fortified city, was found at Tel Megiddo, dating to the Iron Age II. A reservoir with an external feeding system was identified at Tel Megiddo during the Iron Age II.</p>]]></description>
        <styleUrl>#style_Iron_Age_II</styleUrl>
        <ExtendedData>
          <Data name="Site_Name"><value>Tel Megiddo</value></Data>
          <Data name="Hebrew_Name"><value>תל מגידו</value></Data>
          <Data name="Era"><value>09. Iron Age II (-1000 to -586 BCE)</value></Data>
          <Data name="Installation_Type"><value>Water Tunnel Shaft</value></Data>
          <Data name="Region"><value>Jezreel Valley</value></Data>
          <Data name="Location_Precision"><value>Tier 1: High Precision (Pinpoint Well/Installation &lt; 50m)</value></Data>
          <Data name="Dates"><value>-1000 to -586 BCE</value></Data>
          <Data name="Chapter_Section"><value>2.9.3, 2.9.7, 2.9.51, Summary (186)</value></Data>
          <Data name="Dissertation_Pages"><value>121, 122, 123, 124, 125, 126, 127, 143, 185, 186, 187, 191</value></Data>
          <Data name="Description"><value>Megiddo features a complex water system with two main phases. The &apos;gallery&apos; (secret passage) providing access to a natural cave and well is dated by Yadin to the 10th century BCE (Iron Age IIA). A later, monumental system, also from Iron Age II, includes a large shaft (36m deep) and a 50m long tunnel, constructed to access the same water source from within the city walls. Megiddo&apos;s impressive water system, consisting of a pit and a tunnel, is attributed by the author and most scholars to Iron Age II. A plastered reservoir with a monumental staircase, located outside the outer gate (Locus 2153), was supplied by the nearby Ein Kubi spring or collected runoff. It is dated to the time of Ahab (Iron II). Mentioned as a site with an underground water system where a pulley could have been used, similar to the one depicted in an Assyrian relief, suggesting a sophisticated water supply during sieges. Listed as one of 17 sites in Iron Age II Israel with three monumental water systems, likely involving tunnels or shafts to access groundwater within the fortified city. A major water system, cut to a spring or groundwater within the fortified city, was found at Tel Megiddo, dating to the Iron Age II. A reservoir with an external feeding system was identified at Tel Megiddo during the Iron Age II.</value></Data>
        </ExtendedData>
        <Point>
          <coordinates>35.18275,32.5847,0</coordinates>
        </Point>
      </Placemark>
      <Placemark>
        <name>Tel Shiloh (תל שילה)</name>
        <description><![CDATA[<h3>Tel Shiloh (תל שילה)</h3>
<p><b>Period:</b> 09. Iron Age II (-1000 to -586 BCE)</p>
<p><b>Installation Type:</b> Plastered Cistern</p>
<p><b>Location Precision:</b> Tier 1: High Precision (Pinpoint Well/Installation &lt; 50m)</p>
<p><b>Region:</b> Samaria</p>
<p><b>Dissertation Reference:</b> § (Pages 191)</p>
<hr/>
<p><b>Archaeological Description (09. Iron Age II):</b></p>
<p>Cisterns or pools were found at Shiloh, dated to the Iron Age II period.</p>]]></description>
        <styleUrl>#style_Iron_Age_II</styleUrl>
        <ExtendedData>
          <Data name="Site_Name"><value>Tel Shiloh</value></Data>
          <Data name="Hebrew_Name"><value>תל שילה</value></Data>
          <Data name="Era"><value>09. Iron Age II (-1000 to -586 BCE)</value></Data>
          <Data name="Installation_Type"><value>Plastered Cistern</value></Data>
          <Data name="Region"><value>Samaria</value></Data>
          <Data name="Location_Precision"><value>Tier 1: High Precision (Pinpoint Well/Installation &lt; 50m)</value></Data>
          <Data name="Dates"><value>-1000 to -586 BCE</value></Data>
          <Data name="Chapter_Section"><value></value></Data>
          <Data name="Dissertation_Pages"><value>191</value></Data>
          <Data name="Description"><value>Cisterns or pools were found at Shiloh, dated to the Iron Age II period.</value></Data>
        </ExtendedData>
        <Point>
          <coordinates>35.29103,32.0554,0</coordinates>
        </Point>
      </Placemark>
      <Placemark>
        <name>Tel Taanach (תל תענך)</name>
        <description><![CDATA[<h3>Tel Taanach (תל תענך)</h3>
<p><b>Period:</b> 09. Iron Age II (-1000 to -586 BCE)</p>
<p><b>Installation Type:</b> Water Tunnel Shaft</p>
<p><b>Location Precision:</b> Tier 1: High Precision (Pinpoint Well/Installation &lt; 50m)</p>
<p><b>Region:</b> Jezreel Valley</p>
<p><b>Dissertation Reference:</b> §2.9.51 (Pages 185, 191)</p>
<hr/>
<p><b>Archaeological Description (09. Iron Age II):</b></p>
<p>Mentioned as having an underground water system (from the Late Bronze Age) that provides a comparison for the type of system depicted in the Assyrian relief, implying its continued relevance or similar design in Iron Age II. Cisterns or pools were found at Tel Taanach, dated to the Iron Age II period.</p>]]></description>
        <styleUrl>#style_Iron_Age_II</styleUrl>
        <ExtendedData>
          <Data name="Site_Name"><value>Tel Taanach</value></Data>
          <Data name="Hebrew_Name"><value>תל תענך</value></Data>
          <Data name="Era"><value>09. Iron Age II (-1000 to -586 BCE)</value></Data>
          <Data name="Installation_Type"><value>Water Tunnel Shaft</value></Data>
          <Data name="Region"><value>Jezreel Valley</value></Data>
          <Data name="Location_Precision"><value>Tier 1: High Precision (Pinpoint Well/Installation &lt; 50m)</value></Data>
          <Data name="Dates"><value>-1000 to -586 BCE</value></Data>
          <Data name="Chapter_Section"><value>2.9.51</value></Data>
          <Data name="Dissertation_Pages"><value>185, 191</value></Data>
          <Data name="Description"><value>Mentioned as having an underground water system (from the Late Bronze Age) that provides a comparison for the type of system depicted in the Assyrian relief, implying its continued relevance or similar design in Iron Age II. Cisterns or pools were found at Tel Taanach, dated to the Iron Age II period.</value></Data>
        </ExtendedData>
        <Point>
          <coordinates>35.22005,32.52158,0</coordinates>
        </Point>
      </Placemark>
      <Placemark>
        <name>Tel Yokneam (תל יקנעם)</name>
        <description><![CDATA[<h3>Tel Yokneam (תל יקנעם)</h3>
<p><b>Period:</b> 09. Iron Age II (-1000 to -586 BCE)</p>
<p><b>Installation Type:</b> Water Tunnel Shaft</p>
<p><b>Location Precision:</b> Tier 1: High Precision (Pinpoint Well/Installation &lt; 50m)</p>
<p><b>Region:</b> Jezreel Valley</p>
<p><b>Dissertation Reference:</b> §2.9.2, Summary (186) (Pages 121, 186, 191)</p>
<hr/>
<p><b>Archaeological Description (09. Iron Age II):</b></p>
<p>A proposed water system, similar to Hazor&apos;s, is indicated by an oval-shaped pit carved into the rock in the lowest part of the city, near external springs. The city&apos;s casemate wall, built in the 10th century BCE (Iron Age IIA), incorporates this feature, suggesting a shaft leading to groundwater. Listed as one of 17 sites in Iron Age II Israel with a monumental water system, likely involving a tunnel or shaft to access groundwater within the fortified city. A water system, cut to a spring or groundwater within the fortified city, was found at Tel Yokneam, dating to the Iron Age II.</p>]]></description>
        <styleUrl>#style_Iron_Age_II</styleUrl>
        <ExtendedData>
          <Data name="Site_Name"><value>Tel Yokneam</value></Data>
          <Data name="Hebrew_Name"><value>תל יקנעם</value></Data>
          <Data name="Era"><value>09. Iron Age II (-1000 to -586 BCE)</value></Data>
          <Data name="Installation_Type"><value>Water Tunnel Shaft</value></Data>
          <Data name="Region"><value>Jezreel Valley</value></Data>
          <Data name="Location_Precision"><value>Tier 1: High Precision (Pinpoint Well/Installation &lt; 50m)</value></Data>
          <Data name="Dates"><value>-1000 to -586 BCE</value></Data>
          <Data name="Chapter_Section"><value>2.9.2, Summary (186)</value></Data>
          <Data name="Dissertation_Pages"><value>121, 186, 191</value></Data>
          <Data name="Description"><value>A proposed water system, similar to Hazor&apos;s, is indicated by an oval-shaped pit carved into the rock in the lowest part of the city, near external springs. The city&apos;s casemate wall, built in the 10th century BCE (Iron Age IIA), incorporates this feature, suggesting a shaft leading to groundwater. Listed as one of 17 sites in Iron Age II Israel with a monumental water system, likely involving a tunnel or shaft to access groundwater within the fortified city. A water system, cut to a spring or groundwater within the fortified city, was found at Tel Yokneam, dating to the Iron Age II.</value></Data>
        </ExtendedData>
        <Point>
          <coordinates>35.10696,32.66135,0</coordinates>
        </Point>
      </Placemark>
      <Placemark>
        <name>Tiryns (טירינס (יוון))</name>
        <description><![CDATA[<h3>Tiryns (טירינס (יוון))</h3>
<p><b>Period:</b> 09. Iron Age II (-1000 to -586 BCE)</p>
<p><b>Installation Type:</b> Water Tunnel Shaft</p>
<p><b>Location Precision:</b> Tier 4: International Comparative Site (&lt; 100m - 1km)</p>
<p><b>Region:</b> Greece</p>
<p><b>Dissertation Reference:</b> § (Pages 191)</p>
<hr/>
<p><b>Archaeological Description (09. Iron Age II):</b></p>
<p>A water system, cut to a spring or groundwater within the fortified city, was found at Tiryns, dating to the Iron Age II.</p>]]></description>
        <styleUrl>#style_Iron_Age_II</styleUrl>
        <ExtendedData>
          <Data name="Site_Name"><value>Tiryns</value></Data>
          <Data name="Hebrew_Name"><value>טירינס (יוון)</value></Data>
          <Data name="Era"><value>09. Iron Age II (-1000 to -586 BCE)</value></Data>
          <Data name="Installation_Type"><value>Water Tunnel Shaft</value></Data>
          <Data name="Region"><value>Greece</value></Data>
          <Data name="Location_Precision"><value>Tier 4: International Comparative Site (&lt; 100m - 1km)</value></Data>
          <Data name="Dates"><value>-1000 to -586 BCE</value></Data>
          <Data name="Chapter_Section"><value></value></Data>
          <Data name="Dissertation_Pages"><value>191</value></Data>
          <Data name="Description"><value>A water system, cut to a spring or groundwater within the fortified city, was found at Tiryns, dating to the Iron Age II.</value></Data>
        </ExtendedData>
        <Point>
          <coordinates>22.7997,37.6056,0</coordinates>
        </Point>
      </Placemark>
      <Placemark>
        <name>Toprakkale (Rusahinili) (טופראק קלה (רוסהינילי))</name>
        <description><![CDATA[<h3>Toprakkale (Rusahinili) (טופראק קלה (רוסהינילי))</h3>
<p><b>Period:</b> 09. Iron Age II (-1000 to -586 BCE)</p>
<p><b>Installation Type:</b> Aqueduct Channel</p>
<p><b>Location Precision:</b> Tier 4: International Comparative Site (&lt; 100m - 1km)</p>
<p><b>Region:</b> Urartu</p>
<p><b>Dissertation Reference:</b> §2.9.42 (Pages 176, 177, 191)</p>
<hr/>
<p><b>Archaeological Description (09. Iron Age II):</b></p>
<p>An aqueduct bringing water from a distance outside the city was found at Toprakkale, dating to the Iron Age II. Around 700 BCE, King Rusa I or II created artificial Lake Rusa by building dams at Kesis Goli and diverting water from the Aliyani river to supply the new capital Toprakkale (Rusahinili) and its gardens. Lake Sihke was used to regulate the water flow.</p>]]></description>
        <styleUrl>#style_Iron_Age_II</styleUrl>
        <ExtendedData>
          <Data name="Site_Name"><value>Toprakkale (Rusahinili)</value></Data>
          <Data name="Hebrew_Name"><value>טופראק קלה (רוסהינילי)</value></Data>
          <Data name="Era"><value>09. Iron Age II (-1000 to -586 BCE)</value></Data>
          <Data name="Installation_Type"><value>Aqueduct Channel</value></Data>
          <Data name="Region"><value>Urartu</value></Data>
          <Data name="Location_Precision"><value>Tier 4: International Comparative Site (&lt; 100m - 1km)</value></Data>
          <Data name="Dates"><value>-1000 to -586 BCE</value></Data>
          <Data name="Chapter_Section"><value>2.9.42</value></Data>
          <Data name="Dissertation_Pages"><value>176, 177, 191</value></Data>
          <Data name="Description"><value>An aqueduct bringing water from a distance outside the city was found at Toprakkale, dating to the Iron Age II. Around 700 BCE, King Rusa I or II created artificial Lake Rusa by building dams at Kesis Goli and diverting water from the Aliyani river to supply the new capital Toprakkale (Rusahinili) and its gardens. Lake Sihke was used to regulate the water flow.</value></Data>
        </ExtendedData>
        <Point>
          <coordinates>43.416,38.525,0</coordinates>
        </Point>
      </Placemark>
      <Placemark>
        <name>Tushpa / Menua Canal (Van) (תושפה / אמת מנואה (אוררטו))</name>
        <description><![CDATA[<h3>Tushpa / Menua Canal (Van) (תושפה / אמת מנואה (אוררטו))</h3>
<p><b>Period:</b> 09. Iron Age II (-1000 to -586 BCE)</p>
<p><b>Installation Type:</b> Aqueduct Channel</p>
<p><b>Location Precision:</b> Tier 4: International Comparative Site (&lt; 100m - 1km)</p>
<p><b>Region:</b> Urartu</p>
<p><b>Dissertation Reference:</b> §2.9.40 (Pages 175, 176)</p>
<hr/>
<p><b>Archaeological Description (09. Iron Age II):</b></p>
<p>The &apos;Mena&apos;s Canal&apos; (Manua&apos;s Canal), a 56 km long aqueduct built by King Manua (805-785 BCE), supplied water from the Engil river spring to Tushpa, overcoming the non-potable Lake Van water. It included stone dams, channels, and support walls up to 20m high, operating for 2500 years.</p>]]></description>
        <styleUrl>#style_Iron_Age_II</styleUrl>
        <ExtendedData>
          <Data name="Site_Name"><value>Tushpa / Menua Canal (Van)</value></Data>
          <Data name="Hebrew_Name"><value>תושפה / אמת מנואה (אוררטו)</value></Data>
          <Data name="Era"><value>09. Iron Age II (-1000 to -586 BCE)</value></Data>
          <Data name="Installation_Type"><value>Aqueduct Channel</value></Data>
          <Data name="Region"><value>Urartu</value></Data>
          <Data name="Location_Precision"><value>Tier 4: International Comparative Site (&lt; 100m - 1km)</value></Data>
          <Data name="Dates"><value>-1000 to -586 BCE</value></Data>
          <Data name="Chapter_Section"><value>2.9.40</value></Data>
          <Data name="Dissertation_Pages"><value>175, 176</value></Data>
          <Data name="Description"><value>The &apos;Mena&apos;s Canal&apos; (Manua&apos;s Canal), a 56 km long aqueduct built by King Manua (805-785 BCE), supplied water from the Engil river spring to Tushpa, overcoming the non-potable Lake Van water. It included stone dams, channels, and support walls up to 20m high, operating for 2500 years.</value></Data>
        </ExtendedData>
        <Point>
          <coordinates>43.3858,38.4819,0</coordinates>
        </Point>
      </Placemark>
      <Placemark>
        <name>Ulhu (אולחו)</name>
        <description><![CDATA[<h3>Ulhu (אולחו)</h3>
<p><b>Period:</b> 09. Iron Age II (-1000 to -586 BCE)</p>
<p><b>Installation Type:</b> Aqueduct Channel</p>
<p><b>Location Precision:</b> Tier 4: International Comparative Site (&lt; 100m - 1km)</p>
<p><b>Region:</b> Urartu</p>
<p><b>Dissertation Reference:</b> §2.9.41 (Pages 176)</p>
<hr/>
<p><b>Archaeological Description (09. Iron Age II):</b></p>
<p>An irrigation system around Ulhu, including a main aqueduct and numerous qanats (underground channels) dug from the mountain, was destroyed by King Sargon II of Assyria (722-705 BCE). This is the earliest textual evidence of qanats in Urartu.</p>]]></description>
        <styleUrl>#style_Iron_Age_II</styleUrl>
        <ExtendedData>
          <Data name="Site_Name"><value>Ulhu</value></Data>
          <Data name="Hebrew_Name"><value>אולחו</value></Data>
          <Data name="Era"><value>09. Iron Age II (-1000 to -586 BCE)</value></Data>
          <Data name="Installation_Type"><value>Aqueduct Channel</value></Data>
          <Data name="Region"><value>Urartu</value></Data>
          <Data name="Location_Precision"><value>Tier 4: International Comparative Site (&lt; 100m - 1km)</value></Data>
          <Data name="Dates"><value>-1000 to -586 BCE</value></Data>
          <Data name="Chapter_Section"><value>2.9.41</value></Data>
          <Data name="Dissertation_Pages"><value>176</value></Data>
          <Data name="Description"><value>An irrigation system around Ulhu, including a main aqueduct and numerous qanats (underground channels) dug from the mountain, was destroyed by King Sargon II of Assyria (722-705 BCE). This is the earliest textual evidence of qanats in Urartu.</value></Data>
        </ExtendedData>
        <Point>
          <coordinates>45.0667,37.6667,0</coordinates>
        </Point>
      </Placemark>
      <Placemark>
        <name>Umm el-Biyara (אום אל-ביארה)</name>
        <description><![CDATA[<h3>Umm el-Biyara (אום אל-ביארה)</h3>
<p><b>Period:</b> 09. Iron Age II (-1000 to -586 BCE)</p>
<p><b>Installation Type:</b> Plastered Cistern</p>
<p><b>Location Precision:</b> Tier 4: International Comparative Site (&lt; 100m - 1km)</p>
<p><b>Region:</b> Jordan</p>
<p><b>Dissertation Reference:</b> §2.9.37 (Pages 172, 173, 191)</p>
<hr/>
<p><b>Archaeological Description (09. Iron Age II):</b></p>
<p>Eight bell-shaped, rock-cut cisterns, located at the lowest point of the plateau to collect runoff. They have round openings (~90cm), are ~4m deep, and are plastered with strong light gray-white plaster. One cistern has an inlet channel, and each has a volume of ~33 cubic meters. Cisterns or pools were found at Umm el-Biyara, dated to the Iron Age II period.</p>]]></description>
        <styleUrl>#style_Iron_Age_II</styleUrl>
        <ExtendedData>
          <Data name="Site_Name"><value>Umm el-Biyara</value></Data>
          <Data name="Hebrew_Name"><value>אום אל-ביארה</value></Data>
          <Data name="Era"><value>09. Iron Age II (-1000 to -586 BCE)</value></Data>
          <Data name="Installation_Type"><value>Plastered Cistern</value></Data>
          <Data name="Region"><value>Jordan</value></Data>
          <Data name="Location_Precision"><value>Tier 4: International Comparative Site (&lt; 100m - 1km)</value></Data>
          <Data name="Dates"><value>-1000 to -586 BCE</value></Data>
          <Data name="Chapter_Section"><value>2.9.37</value></Data>
          <Data name="Dissertation_Pages"><value>172, 173, 191</value></Data>
          <Data name="Description"><value>Eight bell-shaped, rock-cut cisterns, located at the lowest point of the plateau to collect runoff. They have round openings (~90cm), are ~4m deep, and are plastered with strong light gray-white plaster. One cistern has an inlet channel, and each has a volume of ~33 cubic meters. Cisterns or pools were found at Umm el-Biyara, dated to the Iron Age II period.</value></Data>
        </ExtendedData>
        <Point>
          <coordinates>35.445,30.327,0</coordinates>
        </Point>
      </Placemark>
    </Folder>
    <Folder>
      <name>10. Classical &amp; Later Periods (-586 to +638 CE)</name>
      <description>התקופות הקלאסיות (פרסית, הלניסטית, רומית, ביזנטית) - 8 sites</description>
      <Placemark>
        <name>Acre (עכו)</name>
        <description><![CDATA[<h3>Acre (עכו)</h3>
<p><b>Period:</b> 10. Classical &amp; Later Periods (-586 to +638 CE)</p>
<p><b>Installation Type:</b> Aqueduct Channel</p>
<p><b>Location Precision:</b> Tier 1: High Precision (Pinpoint Well/Installation &lt; 50m)</p>
<p><b>Region:</b> Coastal Plain</p>
<p><b>Dissertation Reference:</b> §3.7 (Pages 212)</p>
<hr/>
<p><b>Archaeological Description (10. Classical &amp; Later Periods):</b></p>
<p>A Hellenistic aqueduct consisting of tunnels and shafts, approximately 13 km long, built in the 3rd century BCE.</p>]]></description>
        <styleUrl>#style_Classical_Later</styleUrl>
        <ExtendedData>
          <Data name="Site_Name"><value>Acre</value></Data>
          <Data name="Hebrew_Name"><value>עכו</value></Data>
          <Data name="Era"><value>10. Classical &amp; Later Periods (-586 to +638 CE)</value></Data>
          <Data name="Installation_Type"><value>Aqueduct Channel</value></Data>
          <Data name="Region"><value>Coastal Plain</value></Data>
          <Data name="Location_Precision"><value>Tier 1: High Precision (Pinpoint Well/Installation &lt; 50m)</value></Data>
          <Data name="Dates"><value>-586 to 638 CE</value></Data>
          <Data name="Chapter_Section"><value>3.7</value></Data>
          <Data name="Dissertation_Pages"><value>212</value></Data>
          <Data name="Description"><value>A Hellenistic aqueduct consisting of tunnels and shafts, approximately 13 km long, built in the 3rd century BCE.</value></Data>
        </ExtendedData>
        <Point>
          <coordinates>35.0756,32.9244,0</coordinates>
        </Point>
      </Placemark>
      <Placemark>
        <name>Athens (Acropolis) (אתונה (יוון))</name>
        <description><![CDATA[<h3>Athens (Acropolis) (אתונה (יוון))</h3>
<p><b>Period:</b> 10. Classical &amp; Later Periods (-586 to +638 CE)</p>
<p><b>Installation Type:</b> Aqueduct Channel</p>
<p><b>Location Precision:</b> Tier 4: International Comparative Site (&lt; 100m - 1km)</p>
<p><b>Region:</b> Greece</p>
<p><b>Dissertation Reference:</b> §3.7 (Pages 212)</p>
<hr/>
<p><b>Archaeological Description (10. Classical &amp; Later Periods):</b></p>
<p>A clay pipe and tunnel system, 17 km long, built in the 6th century BCE.</p>]]></description>
        <styleUrl>#style_Classical_Later</styleUrl>
        <ExtendedData>
          <Data name="Site_Name"><value>Athens (Acropolis)</value></Data>
          <Data name="Hebrew_Name"><value>אתונה (יוון)</value></Data>
          <Data name="Era"><value>10. Classical &amp; Later Periods (-586 to +638 CE)</value></Data>
          <Data name="Installation_Type"><value>Aqueduct Channel</value></Data>
          <Data name="Region"><value>Greece</value></Data>
          <Data name="Location_Precision"><value>Tier 4: International Comparative Site (&lt; 100m - 1km)</value></Data>
          <Data name="Dates"><value>-586 to 638 CE</value></Data>
          <Data name="Chapter_Section"><value>3.7</value></Data>
          <Data name="Dissertation_Pages"><value>212</value></Data>
          <Data name="Description"><value>A clay pipe and tunnel system, 17 km long, built in the 6th century BCE.</value></Data>
        </ExtendedData>
        <Point>
          <coordinates>23.7257,37.9715,0</coordinates>
        </Point>
      </Placemark>
      <Placemark>
        <name>Olynthus (אולינתוס)</name>
        <description><![CDATA[<h3>Olynthus (אולינתוס)</h3>
<p><b>Period:</b> 10. Classical &amp; Later Periods (-586 to +638 CE)</p>
<p><b>Installation Type:</b> Aqueduct Channel</p>
<p><b>Location Precision:</b> Tier 4: International Comparative Site (&lt; 100m - 1km)</p>
<p><b>Region:</b> Greece</p>
<p><b>Dissertation Reference:</b> §3.7 (Pages 212)</p>
<hr/>
<p><b>Archaeological Description (10. Classical &amp; Later Periods):</b></p>
<p>An underground aqueduct, 13 km long, built in the 5th century BCE.</p>]]></description>
        <styleUrl>#style_Classical_Later</styleUrl>
        <ExtendedData>
          <Data name="Site_Name"><value>Olynthus</value></Data>
          <Data name="Hebrew_Name"><value>אולינתוס</value></Data>
          <Data name="Era"><value>10. Classical &amp; Later Periods (-586 to +638 CE)</value></Data>
          <Data name="Installation_Type"><value>Aqueduct Channel</value></Data>
          <Data name="Region"><value>Greece</value></Data>
          <Data name="Location_Precision"><value>Tier 4: International Comparative Site (&lt; 100m - 1km)</value></Data>
          <Data name="Dates"><value>-586 to 638 CE</value></Data>
          <Data name="Chapter_Section"><value>3.7</value></Data>
          <Data name="Dissertation_Pages"><value>212</value></Data>
          <Data name="Description"><value>An underground aqueduct, 13 km long, built in the 5th century BCE.</value></Data>
        </ExtendedData>
        <Point>
          <coordinates>23.2681,40.2925,0</coordinates>
        </Point>
      </Placemark>
      <Placemark>
        <name>Rome (Anio Vetus) (רומא (אניו וטוס))</name>
        <description><![CDATA[<h3>Rome (Anio Vetus) (רומא (אניו וטוס))</h3>
<p><b>Period:</b> 10. Classical &amp; Later Periods (-586 to +638 CE)</p>
<p><b>Installation Type:</b> Aqueduct Channel</p>
<p><b>Location Precision:</b> Tier 4: International Comparative Site (&lt; 100m - 1km)</p>
<p><b>Region:</b> Italy</p>
<p><b>Dissertation Reference:</b> §3.7 (Pages 212)</p>
<hr/>
<p><b>Archaeological Description (10. Classical &amp; Later Periods):</b></p>
<p>The Anio Vetus, an underground aqueduct, 64 km long, built in 272 BCE.</p>]]></description>
        <styleUrl>#style_Classical_Later</styleUrl>
        <ExtendedData>
          <Data name="Site_Name"><value>Rome (Anio Vetus)</value></Data>
          <Data name="Hebrew_Name"><value>רומא (אניו וטוס)</value></Data>
          <Data name="Era"><value>10. Classical &amp; Later Periods (-586 to +638 CE)</value></Data>
          <Data name="Installation_Type"><value>Aqueduct Channel</value></Data>
          <Data name="Region"><value>Italy</value></Data>
          <Data name="Location_Precision"><value>Tier 4: International Comparative Site (&lt; 100m - 1km)</value></Data>
          <Data name="Dates"><value>-586 to 638 CE</value></Data>
          <Data name="Chapter_Section"><value>3.7</value></Data>
          <Data name="Dissertation_Pages"><value>212</value></Data>
          <Data name="Description"><value>The Anio Vetus, an underground aqueduct, 64 km long, built in 272 BCE.</value></Data>
        </ExtendedData>
        <Point>
          <coordinates>12.4964,41.9028,0</coordinates>
        </Point>
      </Placemark>
      <Placemark>
        <name>Rome (Aqua Appia) (רומא (אקווה אפיה))</name>
        <description><![CDATA[<h3>Rome (Aqua Appia) (רומא (אקווה אפיה))</h3>
<p><b>Period:</b> 10. Classical &amp; Later Periods (-586 to +638 CE)</p>
<p><b>Installation Type:</b> Aqueduct Channel</p>
<p><b>Location Precision:</b> Tier 4: International Comparative Site (&lt; 100m - 1km)</p>
<p><b>Region:</b> Italy</p>
<p><b>Dissertation Reference:</b> §3.7 (Pages 212)</p>
<hr/>
<p><b>Archaeological Description (10. Classical &amp; Later Periods):</b></p>
<p>The Aqua Appia, an underground aqueduct, 17.6 km long, built in 312 BCE.</p>]]></description>
        <styleUrl>#style_Classical_Later</styleUrl>
        <ExtendedData>
          <Data name="Site_Name"><value>Rome (Aqua Appia)</value></Data>
          <Data name="Hebrew_Name"><value>רומא (אקווה אפיה)</value></Data>
          <Data name="Era"><value>10. Classical &amp; Later Periods (-586 to +638 CE)</value></Data>
          <Data name="Installation_Type"><value>Aqueduct Channel</value></Data>
          <Data name="Region"><value>Italy</value></Data>
          <Data name="Location_Precision"><value>Tier 4: International Comparative Site (&lt; 100m - 1km)</value></Data>
          <Data name="Dates"><value>-586 to 638 CE</value></Data>
          <Data name="Chapter_Section"><value>3.7</value></Data>
          <Data name="Dissertation_Pages"><value>212</value></Data>
          <Data name="Description"><value>The Aqua Appia, an underground aqueduct, 17.6 km long, built in 312 BCE.</value></Data>
        </ExtendedData>
        <Point>
          <coordinates>12.4964,41.9028,0</coordinates>
        </Point>
      </Placemark>
      <Placemark>
        <name>Rome (Aqua Marcia) (רומא (אקווה מרקיה))</name>
        <description><![CDATA[<h3>Rome (Aqua Marcia) (רומא (אקווה מרקיה))</h3>
<p><b>Period:</b> 10. Classical &amp; Later Periods (-586 to +638 CE)</p>
<p><b>Installation Type:</b> Aqueduct Channel</p>
<p><b>Location Precision:</b> Tier 4: International Comparative Site (&lt; 100m - 1km)</p>
<p><b>Region:</b> Italy</p>
<p><b>Dissertation Reference:</b> §3.7 (Pages 211)</p>
<hr/>
<p><b>Archaeological Description (10. Classical &amp; Later Periods):</b></p>
<p>The Aqua Marcia, an aqueduct 91 km long (10 km on arches), built between 144-140 BCE, supplying water to Rome.</p>]]></description>
        <styleUrl>#style_Classical_Later</styleUrl>
        <ExtendedData>
          <Data name="Site_Name"><value>Rome (Aqua Marcia)</value></Data>
          <Data name="Hebrew_Name"><value>רומא (אקווה מרקיה)</value></Data>
          <Data name="Era"><value>10. Classical &amp; Later Periods (-586 to +638 CE)</value></Data>
          <Data name="Installation_Type"><value>Aqueduct Channel</value></Data>
          <Data name="Region"><value>Italy</value></Data>
          <Data name="Location_Precision"><value>Tier 4: International Comparative Site (&lt; 100m - 1km)</value></Data>
          <Data name="Dates"><value>-586 to 638 CE</value></Data>
          <Data name="Chapter_Section"><value>3.7</value></Data>
          <Data name="Dissertation_Pages"><value>211</value></Data>
          <Data name="Description"><value>The Aqua Marcia, an aqueduct 91 km long (10 km on arches), built between 144-140 BCE, supplying water to Rome.</value></Data>
        </ExtendedData>
        <Point>
          <coordinates>12.4964,41.9028,0</coordinates>
        </Point>
      </Placemark>
      <Placemark>
        <name>Samos (Eupalinos Tunnel) (מנהרת אופלינוס (סמוס))</name>
        <description><![CDATA[<h3>Samos (Eupalinos Tunnel) (מנהרת אופלינוס (סמוס))</h3>
<p><b>Period:</b> 10. Classical &amp; Later Periods (-586 to +638 CE)</p>
<p><b>Installation Type:</b> Water Tunnel Shaft</p>
<p><b>Location Precision:</b> Tier 4: International Comparative Site (&lt; 100m - 1km)</p>
<p><b>Region:</b> Greece</p>
<p><b>Dissertation Reference:</b> §3.7 (Pages 212)</p>
<hr/>
<p><b>Archaeological Description (10. Classical &amp; Later Periods):</b></p>
<p>The Eupalinos Tunnel, a 2 km long tunnel with 60 shafts, built in 524 BCE.</p>]]></description>
        <styleUrl>#style_Classical_Later</styleUrl>
        <ExtendedData>
          <Data name="Site_Name"><value>Samos (Eupalinos Tunnel)</value></Data>
          <Data name="Hebrew_Name"><value>מנהרת אופלינוס (סמוס)</value></Data>
          <Data name="Era"><value>10. Classical &amp; Later Periods (-586 to +638 CE)</value></Data>
          <Data name="Installation_Type"><value>Water Tunnel Shaft</value></Data>
          <Data name="Region"><value>Greece</value></Data>
          <Data name="Location_Precision"><value>Tier 4: International Comparative Site (&lt; 100m - 1km)</value></Data>
          <Data name="Dates"><value>-586 to 638 CE</value></Data>
          <Data name="Chapter_Section"><value>3.7</value></Data>
          <Data name="Dissertation_Pages"><value>212</value></Data>
          <Data name="Description"><value>The Eupalinos Tunnel, a 2 km long tunnel with 60 shafts, built in 524 BCE.</value></Data>
        </ExtendedData>
        <Point>
          <coordinates>26.93,37.69,0</coordinates>
        </Point>
      </Placemark>
      <Placemark>
        <name>Sidon (צידון)</name>
        <description><![CDATA[<h3>Sidon (צידון)</h3>
<p><b>Period:</b> 10. Classical &amp; Later Periods (-586 to +638 CE)</p>
<p><b>Installation Type:</b> Aqueduct Channel</p>
<p><b>Location Precision:</b> Tier 1: High Precision (Pinpoint Well/Installation &lt; 50m)</p>
<p><b>Region:</b> Lebanon</p>
<p><b>Dissertation Reference:</b> §3.7 (Pages 212)</p>
<hr/>
<p><b>Archaeological Description (10. Classical &amp; Later Periods):</b></p>
<p>An underground aqueduct and tunnel with shafts, 24 km long, dating to the 6th century BCE.</p>]]></description>
        <styleUrl>#style_Classical_Later</styleUrl>
        <ExtendedData>
          <Data name="Site_Name"><value>Sidon</value></Data>
          <Data name="Hebrew_Name"><value>צידון</value></Data>
          <Data name="Era"><value>10. Classical &amp; Later Periods (-586 to +638 CE)</value></Data>
          <Data name="Installation_Type"><value>Aqueduct Channel</value></Data>
          <Data name="Region"><value>Lebanon</value></Data>
          <Data name="Location_Precision"><value>Tier 1: High Precision (Pinpoint Well/Installation &lt; 50m)</value></Data>
          <Data name="Dates"><value>-586 to 638 CE</value></Data>
          <Data name="Chapter_Section"><value>3.7</value></Data>
          <Data name="Dissertation_Pages"><value>212</value></Data>
          <Data name="Description"><value>An underground aqueduct and tunnel with shafts, 24 km long, dating to the 6th century BCE.</value></Data>
        </ExtendedData>
        <Point>
          <coordinates>35.3719,33.5608,0</coordinates>
        </Point>
      </Placemark>
    </Folder>
  </Document>
</kml>